run_name,timestamp,seed,dataset,model,feature_policy,smoke_test,rows_used,fraud_rows_used,cap_used,bin,bin_low,bin_high,n,mean_score,observed_rate,abs_gap,calibrator
calibration_recalibration_v1,2026-09-23 19:55:42,101,D1_creditcard,lightgbm,strict,False,283726,473,,0,0.0,0.1,56665,5.0795189581282134e-06,0.0003705991352686844,0.00036551961631055616,RAW
calibration_recalibration_v1,2026-09-23 19:55:42,101,D1_creditcard,lightgbm,strict,False,283726,473,,1,0.1,0.2,1,0.16101289817926578,1.0,0.8389871018207342,RAW
calibration_recalibration_v1,2026-09-23 19:55:42,101,D1_creditcard,lightgbm,strict,False,283726,473,,2,0.2,0.30000000000000004,1,0.2561602624242784,0.0,0.2561602624242784,RAW
calibration_recalibration_v1,2026-09-23 19:55:42,101,D1_creditcard,lightgbm,strict,False,283726,473,,3,0.30000000000000004,0.4,1,0.3515051362454128,0.0,0.3515051362454128,RAW
calibration_recalibration_v1,2026-09-23 19:55:42,101,D1_creditcard,lightgbm,strict,False,283726,473,,4,0.4,0.5,1,0.44671472139206825,1.0,0.5532852786079318,RAW
calibration_recalibration_v1,2026-09-23 19:55:42,101,D1_creditcard,lightgbm,strict,False,283726,473,,5,0.5,0.6000000000000001,0,,,,RAW
calibration_recalibration_v1,2026-09-23 19:55:42,101,D1_creditcard,lightgbm,strict,False,283726,473,,6,0.6000000000000001,0.7000000000000001,1,0.6296401623789589,1.0,0.3703598376210411,RAW
calibration_recalibration_v1,2026-09-23 19:55:42,101,D1_creditcard,lightgbm,strict,False,283726,473,,7,0.7000000000000001,0.8,1,0.7958659376769952,0.0,0.7958659376769952,RAW
calibration_recalibration_v1,2026-09-23 19:55:42,101,D1_creditcard,lightgbm,strict,False,283726,473,,8,0.8,0.9,1,0.8442565918721607,0.0,0.8442565918721607,RAW
calibration_recalibration_v1,2026-09-23 19:55:42,101,D1_creditcard,lightgbm,strict,False,283726,473,,9,0.9,1.0,74,0.9996505290688883,0.9594594594594594,0.040191069609428864,RAW
calibration_recalibration_v1,2026-09-23 19:55:42,101,D1_creditcard,lightgbm,strict,False,283726,473,,0,0.0,0.1,56669,0.00046629545844495055,0.0004058656408265542,6.0429817618396354e-05,PLATT_SIGMOID
calibration_recalibration_v1,2026-09-23 19:55:42,101,D1_creditcard,lightgbm,strict,False,283726,473,,1,0.1,0.2,1,0.1444067072347543,1.0,0.8555932927652456,PLATT_SIGMOID
calibration_recalibration_v1,2026-09-23 19:55:42,101,D1_creditcard,lightgbm,strict,False,283726,473,,2,0.2,0.30000000000000004,0,,,,PLATT_SIGMOID
calibration_recalibration_v1,2026-09-23 19:55:42,101,D1_creditcard,lightgbm,strict,False,283726,473,,3,0.30000000000000004,0.4,0,,,,PLATT_SIGMOID
calibration_recalibration_v1,2026-09-23 19:55:42,101,D1_creditcard,lightgbm,strict,False,283726,473,,4,0.4,0.5,1,0.4443746151462922,0.0,0.4443746151462922,PLATT_SIGMOID
calibration_recalibration_v1,2026-09-23 19:55:42,101,D1_creditcard,lightgbm,strict,False,283726,473,,5,0.5,0.6000000000000001,1,0.5571170726173563,0.0,0.5571170726173563,PLATT_SIGMOID
calibration_recalibration_v1,2026-09-23 19:55:42,101,D1_creditcard,lightgbm,strict,False,283726,473,,6,0.6000000000000001,0.7000000000000001,0,,,,PLATT_SIGMOID
calibration_recalibration_v1,2026-09-23 19:55:42,101,D1_creditcard,lightgbm,strict,False,283726,473,,7,0.7000000000000001,0.8,0,,,,PLATT_SIGMOID
calibration_recalibration_v1,2026-09-23 19:55:42,101,D1_creditcard,lightgbm,strict,False,283726,473,,8,0.8,0.9,74,0.84339335663769,0.9594594594594594,0.11606610282176943,PLATT_SIGMOID
calibration_recalibration_v1,2026-09-23 19:55:42,101,D1_creditcard,lightgbm,strict,False,283726,473,,9,0.9,1.0,0,,,,PLATT_SIGMOID
calibration_recalibration_v1,2026-09-23 19:55:42,101,D1_creditcard,lightgbm,strict,False,283726,473,,0,0.0,0.1,56649,0.00018772733779367452,0.0003353986831188547,0.0001476713453251802,ISOTONIC
calibration_recalibration_v1,2026-09-23 19:55:42,101,D1_creditcard,lightgbm,strict,False,283726,473,,1,0.1,0.2,13,0.15894325773951973,0.07692307692307693,0.0820201808164428,ISOTONIC
calibration_recalibration_v1,2026-09-23 19:55:42,101,D1_creditcard,lightgbm,strict,False,283726,473,,2,0.2,0.30000000000000004,1,0.2720681860221191,1.0,0.727931813977881,ISOTONIC
calibration_recalibration_v1,2026-09-23 19:55:42,101,D1_creditcard,lightgbm,strict,False,283726,473,,3,0.30000000000000004,0.4,3,0.3333333333333333,0.3333333333333333,0.0,ISOTONIC
calibration_recalibration_v1,2026-09-23 19:55:42,101,D1_creditcard,lightgbm,strict,False,283726,473,,4,0.4,0.5,0,,,,ISOTONIC
calibration_recalibration_v1,2026-09-23 19:55:42,101,D1_creditcard,lightgbm,strict,False,283726,473,,5,0.5,0.6000000000000001,3,0.5276272283778614,0.3333333333333333,0.19429389504452804,ISOTONIC
calibration_recalibration_v1,2026-09-23 19:55:42,101,D1_creditcard,lightgbm,strict,False,283726,473,,6,0.6000000000000001,0.7000000000000001,1,0.6657871102606491,1.0,0.3342128897393509,ISOTONIC
calibration_recalibration_v1,2026-09-23 19:55:42,101,D1_creditcard,lightgbm,strict,False,283726,473,,7,0.7000000000000001,0.8,3,0.75,0.0,0.75,ISOTONIC
calibration_recalibration_v1,2026-09-23 19:55:42,101,D1_creditcard,lightgbm,strict,False,283726,473,,8,0.8,0.9,9,0.8571611119736289,1.0,0.14283888802637112,ISOTONIC
calibration_recalibration_v1,2026-09-23 19:55:42,101,D1_creditcard,lightgbm,strict,False,283726,473,,9,0.9,1.0,64,0.9846015948622471,0.96875,0.015851594862247076,ISOTONIC
