run_name,timestamp,seed,dataset,split_policy,model,feature_policy,smoke_test,rows_used,fraud_rows_used,fit_seconds,train_n,train_fraud,raw_feature,importance,importance_normalized,rank
explanation_stability_v1,2026-09-23 20:25:25,42,D1_creditcard,CHRONOLOGICAL_SAFE,lightgbm,strict,False,283726,473,24.484611749649048,226980,399,V4,1778.0,0.061099656357388316,1
explanation_stability_v1,2026-09-23 20:25:25,42,D1_creditcard,CHRONOLOGICAL_SAFE,lightgbm,strict,False,283726,473,24.484611749649048,226980,399,V14,1531.0,0.052611683848797254,2
explanation_stability_v1,2026-09-23 20:25:25,42,D1_creditcard,CHRONOLOGICAL_SAFE,lightgbm,strict,False,283726,473,24.484611749649048,226980,399,V12,1363.0,0.04683848797250859,3
explanation_stability_v1,2026-09-23 20:25:25,42,D1_creditcard,CHRONOLOGICAL_SAFE,lightgbm,strict,False,283726,473,24.484611749649048,226980,399,V26,1200.0,0.041237113402061855,4
explanation_stability_v1,2026-09-23 20:25:25,42,D1_creditcard,CHRONOLOGICAL_SAFE,lightgbm,strict,False,283726,473,24.484611749649048,226980,399,Amount,1184.0,0.040687285223367696,5
explanation_stability_v1,2026-09-23 20:25:25,42,D1_creditcard,CHRONOLOGICAL_SAFE,lightgbm,strict,False,283726,473,24.484611749649048,226980,399,V28,1151.0,0.039553264604811,6
explanation_stability_v1,2026-09-23 20:25:25,42,D1_creditcard,CHRONOLOGICAL_SAFE,lightgbm,strict,False,283726,473,24.484611749649048,226980,399,V22,1113.0,0.03824742268041237,7
explanation_stability_v1,2026-09-23 20:25:25,42,D1_creditcard,CHRONOLOGICAL_SAFE,lightgbm,strict,False,283726,473,24.484611749649048,226980,399,V11,1100.0,0.037800687285223365,8
explanation_stability_v1,2026-09-23 20:25:25,42,D1_creditcard,CHRONOLOGICAL_SAFE,lightgbm,strict,False,283726,473,24.484611749649048,226980,399,V10,1068.0,0.036701030927835054,9
explanation_stability_v1,2026-09-23 20:25:25,42,D1_creditcard,CHRONOLOGICAL_SAFE,lightgbm,strict,False,283726,473,24.484611749649048,226980,399,V13,1059.0,0.03639175257731959,10
explanation_stability_v1,2026-09-23 20:25:25,42,D1_creditcard,CHRONOLOGICAL_SAFE,lightgbm,strict,False,283726,473,24.484611749649048,226980,399,V19,1034.0,0.03553264604810997,11
explanation_stability_v1,2026-09-23 20:25:25,42,D1_creditcard,CHRONOLOGICAL_SAFE,lightgbm,strict,False,283726,473,24.484611749649048,226980,399,V24,979.0,0.0336426116838488,12
explanation_stability_v1,2026-09-23 20:25:25,42,D1_creditcard,CHRONOLOGICAL_SAFE,lightgbm,strict,False,283726,473,24.484611749649048,226980,399,V7,971.0,0.03336769759450172,13
explanation_stability_v1,2026-09-23 20:25:25,42,D1_creditcard,CHRONOLOGICAL_SAFE,lightgbm,strict,False,283726,473,24.484611749649048,226980,399,V1,964.0,0.03312714776632302,14
explanation_stability_v1,2026-09-23 20:25:25,42,D1_creditcard,CHRONOLOGICAL_SAFE,lightgbm,strict,False,283726,473,24.484611749649048,226980,399,V3,911.0,0.03130584192439863,15
explanation_stability_v1,2026-09-23 20:25:25,42,D1_creditcard,CHRONOLOGICAL_SAFE,lightgbm,strict,False,283726,473,24.484611749649048,226980,399,V23,910.0,0.03127147766323024,16
explanation_stability_v1,2026-09-23 20:25:25,42,D1_creditcard,CHRONOLOGICAL_SAFE,lightgbm,strict,False,283726,473,24.484611749649048,226980,399,V8,898.0,0.03085910652920962,17
explanation_stability_v1,2026-09-23 20:25:25,42,D1_creditcard,CHRONOLOGICAL_SAFE,lightgbm,strict,False,283726,473,24.484611749649048,226980,399,V25,895.0,0.030756013745704466,18
explanation_stability_v1,2026-09-23 20:25:25,42,D1_creditcard,CHRONOLOGICAL_SAFE,lightgbm,strict,False,283726,473,24.484611749649048,226980,399,V20,884.0,0.030378006872852234,19
explanation_stability_v1,2026-09-23 20:25:25,42,D1_creditcard,CHRONOLOGICAL_SAFE,lightgbm,strict,False,283726,473,24.484611749649048,226980,399,V5,878.0,0.030171821305841923,20
explanation_stability_v1,2026-09-23 20:25:25,42,D1_creditcard,CHRONOLOGICAL_SAFE,lightgbm,strict,False,283726,473,24.484611749649048,226980,399,V21,872.0,0.029965635738831615,21
explanation_stability_v1,2026-09-23 20:25:25,42,D1_creditcard,CHRONOLOGICAL_SAFE,lightgbm,strict,False,283726,473,24.484611749649048,226980,399,V15,870.0,0.029896907216494847,22
explanation_stability_v1,2026-09-23 20:25:25,42,D1_creditcard,CHRONOLOGICAL_SAFE,lightgbm,strict,False,283726,473,24.484611749649048,226980,399,V16,867.0,0.02979381443298969,23
explanation_stability_v1,2026-09-23 20:25:25,42,D1_creditcard,CHRONOLOGICAL_SAFE,lightgbm,strict,False,283726,473,24.484611749649048,226980,399,V6,838.0,0.02879725085910653,24
explanation_stability_v1,2026-09-23 20:25:25,42,D1_creditcard,CHRONOLOGICAL_SAFE,lightgbm,strict,False,283726,473,24.484611749649048,226980,399,V9,797.0,0.027388316151202748,25
explanation_stability_v1,2026-09-23 20:25:25,42,D1_creditcard,CHRONOLOGICAL_SAFE,lightgbm,strict,False,283726,473,24.484611749649048,226980,399,V2,776.0,0.02666666666666667,26
explanation_stability_v1,2026-09-23 20:25:25,42,D1_creditcard,CHRONOLOGICAL_SAFE,lightgbm,strict,False,283726,473,24.484611749649048,226980,399,V18,757.0,0.026013745704467354,27
explanation_stability_v1,2026-09-23 20:25:25,42,D1_creditcard,CHRONOLOGICAL_SAFE,lightgbm,strict,False,283726,473,24.484611749649048,226980,399,V27,757.0,0.026013745704467354,28
explanation_stability_v1,2026-09-23 20:25:25,42,D1_creditcard,CHRONOLOGICAL_SAFE,lightgbm,strict,False,283726,473,24.484611749649048,226980,399,V17,695.0,0.02388316151202749,29
