run_name,timestamp,seed,dataset,split_policy,model,feature_policy,smoke_test,rows_used,fraud_rows_used,fit_seconds,train_n,train_fraud,n_test,test_fraud,test_prevalence,average_precision,roc_auc,mcc_at_050
explanation_stability_v1,2026-09-23 20:30:40,101,D1_creditcard,CHRONOLOGICAL_SAFE,lightgbm,strict,False,283726,473,21.570075750350952,226980,399,56746,74,0.0013040566735981,0.8110081230776497,0.9837643261556306,0.8184087015378445
explanation_stability_v1,2026-09-23 20:30:11,101,D1_creditcard,CHRONOLOGICAL_SAFE,xgboost,strict,False,283726,473,2.1067745685577397,226980,399,56746,74,0.0013040566735981,0.7952217394915636,0.9903462980908632,0.8052892804460902
explanation_stability_v1,2026-09-23 20:30:04,101,D1_creditcard,RANDOM_STRATIFIED_SAFE,lightgbm,strict,False,283726,473,23.50358748435974,226980,378,56746,95,0.0016741268107003,0.8044989298083104,0.9725477043653246,0.847810358473888
explanation_stability_v1,2026-09-23 20:29:35,101,D1_creditcard,RANDOM_STRATIFIED_SAFE,xgboost,strict,False,283726,473,3.037148714065552,226980,378,56746,95,0.0016741268107003,0.8139705148172062,0.971107491947464,0.8343620745880013
explanation_stability_v1,2026-09-23 20:32:00,101,D2_fraudTest,CHRONOLOGICAL_SAFE,lightgbm,strict,False,555719,2145,21.33435440063477,444575,1961,111144,184,0.0016555099690491,0.7215099430712998,0.9967059222281434,0.6608767755831663
explanation_stability_v1,2026-09-23 20:31:28,101,D2_fraudTest,CHRONOLOGICAL_SAFE,xgboost,strict,False,555719,2145,1.4675328731536863,444575,1961,111144,184,0.0016555099690491,0.6826700291092846,0.9973477516378796,0.4754646585586644
explanation_stability_v1,2026-09-23 20:31:20,101,D2_fraudTest,RANDOM_STRATIFIED_SAFE,lightgbm,strict,False,555719,2145,19.69839644432068,444575,1716,111144,429,0.0038598574821852,0.9353685289757716,0.9965111075529718,0.8082528043837094
explanation_stability_v1,2026-09-23 20:30:49,101,D2_fraudTest,RANDOM_STRATIFIED_SAFE,xgboost,strict,False,555719,2145,1.5223021507263184,444575,1716,111144,429,0.0038598574821852,0.8861879197191648,0.9971553623633288,0.5545091301600614
explanation_stability_v1,2026-09-23 20:34:36,101,D3_PaySim,CHRONOLOGICAL_SAFE,lightgbm,strict,False,1000000,749,27.284350872039795,800000,625,200000,124,0.00062,0.7471202631343806,0.9984196855276076,0.5576444519437562
explanation_stability_v1,2026-09-23 20:33:42,101,D3_PaySim,CHRONOLOGICAL_SAFE,xgboost,strict,False,1000000,749,2.0418365001678467,800000,625,200000,124,0.00062,0.72294767048246,0.996733680527088,0.2663364139841849
explanation_stability_v1,2026-09-23 20:33:19,101,D3_PaySim,RANDOM_STRATIFIED_SAFE,lightgbm,strict,False,1000000,749,28.633007526397705,800000,599,200000,150,0.00075,0.7562281615392052,0.998626753398382,0.5999023055784121
explanation_stability_v1,2026-09-23 20:32:24,101,D3_PaySim,RANDOM_STRATIFIED_SAFE,xgboost,strict,False,1000000,749,2.0673699378967285,800000,599,200000,150,0.00075,0.7238030356873063,0.9984998749061796,0.280833929183585
explanation_stability_v1,2026-09-23 20:35:50,202,D1_creditcard,CHRONOLOGICAL_SAFE,lightgbm,strict,False,283726,473,23.82006311416626,226980,399,56746,74,0.0013040566735981,0.8123395401546534,0.9759948666198666,0.832189270766326
explanation_stability_v1,2026-09-23 20:35:20,202,D1_creditcard,CHRONOLOGICAL_SAFE,xgboost,strict,False,283726,473,2.1510488986968994,226980,399,56746,74,0.0013040566735981,0.7886509532504697,0.9865401380347032,0.8072161804215322
explanation_stability_v1,2026-09-23 20:35:12,202,D1_creditcard,RANDOM_STRATIFIED_SAFE,lightgbm,strict,False,283726,473,22.46211671829224,226980,378,56746,95,0.0016741268107003,0.892339296919681,0.9788695140792796,0.8966657711458121
explanation_stability_v1,2026-09-23 20:34:43,202,D1_creditcard,RANDOM_STRATIFIED_SAFE,xgboost,strict,False,283726,473,2.15035080909729,226980,378,56746,95,0.0016741268107003,0.8787507753865856,0.9865878708881434,0.8569165994612667
explanation_stability_v1,2026-09-23 20:37:07,202,D2_fraudTest,CHRONOLOGICAL_SAFE,lightgbm,strict,False,555719,2145,17.19243359565735,444575,1961,111144,184,0.0016555099690491,0.730793908052337,0.9974080945738378,0.6702146231737816
explanation_stability_v1,2026-09-23 20:36:38,202,D2_fraudTest,CHRONOLOGICAL_SAFE,xgboost,strict,False,555719,2145,1.9517645835876465,444575,1961,111144,184,0.0016555099690491,0.6667024496659836,0.9968970408451144,0.4981382690833585
explanation_stability_v1,2026-09-23 20:36:29,202,D2_fraudTest,RANDOM_STRATIFIED_SAFE,lightgbm,strict,False,555719,2145,20.1097195148468,444575,1716,111144,429,0.0038598574821852,0.9450096953619044,0.9978725274484656,0.8165239755429251
explanation_stability_v1,2026-09-23 20:35:59,202,D2_fraudTest,RANDOM_STRATIFIED_SAFE,xgboost,strict,False,555719,2145,1.533128023147583,444575,1716,111144,429,0.0038598574821852,0.9083969001254212,0.9981507360453302,0.5346004242584552
explanation_stability_v1,2026-09-23 20:39:43,202,D3_PaySim,CHRONOLOGICAL_SAFE,lightgbm,strict,False,1000000,749,28.18958282470703,800000,625,200000,124,0.00062,0.7744107772472247,0.997648925398263,0.588998635782769
explanation_stability_v1,2026-09-23 20:38:49,202,D3_PaySim,CHRONOLOGICAL_SAFE,xgboost,strict,False,1000000,749,2.075070142745972,800000,625,200000,124,0.00062,0.7175086610115811,0.9955808286621576,0.2576346691916038
explanation_stability_v1,2026-09-23 20:38:25,202,D3_PaySim,RANDOM_STRATIFIED_SAFE,lightgbm,strict,False,1000000,749,27.92999291419983,800000,599,200000,150,0.00075,0.7160262934055569,0.9983313651905596,0.5731643530939877
explanation_stability_v1,2026-09-23 20:37:30,202,D3_PaySim,RANDOM_STRATIFIED_SAFE,xgboost,strict,False,1000000,749,2.0656025409698486,800000,599,200000,150,0.00075,0.7068385867247166,0.996657559836544,0.2843918600710596
explanation_stability_v1,2026-09-23 20:40:57,303,D1_creditcard,CHRONOLOGICAL_SAFE,lightgbm,strict,False,283726,473,21.730895280838013,226980,399,56746,74,0.0013040566735981,0.812916742263902,0.9832693012040838,0.833310412351287
explanation_stability_v1,2026-09-23 20:40:27,303,D1_creditcard,CHRONOLOGICAL_SAFE,xgboost,strict,False,283726,473,2.137843608856201,226980,399,56746,74,0.0013040566735981,0.7962594104634492,0.987326312054573,0.8072161804215322
explanation_stability_v1,2026-09-23 20:40:21,303,D1_creditcard,RANDOM_STRATIFIED_SAFE,lightgbm,strict,False,283726,473,23.69844341278076,226980,378,56746,95,0.0016741268107003,0.7934695617363666,0.974157003778444,0.8416000812342934
explanation_stability_v1,2026-09-23 20:39:51,303,D1_creditcard,RANDOM_STRATIFIED_SAFE,xgboost,strict,False,283726,473,2.9116642475128174,226980,378,56746,95,0.0016741268107003,0.8006735528422372,0.9797084457096034,0.8218191236397587
explanation_stability_v1,2026-09-23 20:42:13,303,D2_fraudTest,CHRONOLOGICAL_SAFE,lightgbm,strict,False,555719,2145,19.489316940307617,444575,1961,111144,184,0.0016555099690491,0.7316906772399786,0.9972760454217736,0.6593284873749169
explanation_stability_v1,2026-09-23 20:41:44,303,D2_fraudTest,CHRONOLOGICAL_SAFE,xgboost,strict,False,555719,2145,1.581874132156372,444575,1961,111144,184,0.0016555099690491,0.6418344445342867,0.996577546550265,0.4753336455461182
explanation_stability_v1,2026-09-23 20:41:35,303,D2_fraudTest,RANDOM_STRATIFIED_SAFE,lightgbm,strict,False,555719,2145,17.40857434272766,444575,1716,111144,429,0.0038598574821852,0.9470812364172267,0.998435155595432,0.817844330622458
explanation_stability_v1,2026-09-23 20:41:06,303,D2_fraudTest,RANDOM_STRATIFIED_SAFE,xgboost,strict,False,555719,2145,1.5989205837249756,444575,1716,111144,429,0.0038598574821852,0.9066689301605672,0.9964925378554969,0.5387604376817833
explanation_stability_v1,2026-09-23 20:44:49,303,D3_PaySim,CHRONOLOGICAL_SAFE,lightgbm,strict,False,1000000,749,26.20284390449524,800000,625,200000,124,0.00062,0.7397082749453012,0.9981245226879376,0.5678898467274208
explanation_stability_v1,2026-09-23 20:43:57,303,D3_PaySim,CHRONOLOGICAL_SAFE,xgboost,strict,False,1000000,749,2.2157227993011475,800000,625,200000,124,0.00062,0.7111314115451567,0.9966432817379032,0.2604275923890096
explanation_stability_v1,2026-09-23 20:43:34,303,D3_PaySim,RANDOM_STRATIFIED_SAFE,lightgbm,strict,False,1000000,749,31.44631004333496,800000,599,200000,150,0.00075,0.7320880543988634,0.9983916103744476,0.5946756361493962
explanation_stability_v1,2026-09-23 20:42:37,303,D3_PaySim,RANDOM_STRATIFIED_SAFE,xgboost,strict,False,1000000,749,2.0782628059387207,800000,599,200000,150,0.00075,0.6787324089594292,0.9981830372779584,0.2760629057503026
explanation_stability_v1,2026-09-23 20:46:03,404,D1_creditcard,CHRONOLOGICAL_SAFE,lightgbm,strict,False,283726,473,23.63636589050293,226980,399,56746,74,0.0013040566735981,0.8169953707974965,0.9836520155813634,0.8252129064935189
explanation_stability_v1,2026-09-23 20:45:33,404,D1_creditcard,CHRONOLOGICAL_SAFE,xgboost,strict,False,283726,473,2.113879680633545,226980,399,56746,74,0.0013040566735981,0.799971519546488,0.984014938498634,0.819952807188822
explanation_stability_v1,2026-09-23 20:45:26,404,D1_creditcard,RANDOM_STRATIFIED_SAFE,lightgbm,strict,False,283726,473,23.27223300933838,226980,378,56746,95,0.0016741268107003,0.8852279029876866,0.987639183216908,0.8782154528254591
explanation_stability_v1,2026-09-23 20:44:56,404,D1_creditcard,RANDOM_STRATIFIED_SAFE,xgboost,strict,False,283726,473,2.102041482925415,226980,378,56746,95,0.0016741268107003,0.884743930297603,0.9870823109918624,0.8709581100560579
explanation_stability_v1,2026-09-23 20:47:17,404,D2_fraudTest,CHRONOLOGICAL_SAFE,lightgbm,strict,False,555719,2145,16.86451816558838,444575,1961,111144,184,0.0016555099690491,0.7195033150899633,0.996896942885803,0.6535955688044331
explanation_stability_v1,2026-09-23 20:46:49,404,D2_fraudTest,CHRONOLOGICAL_SAFE,xgboost,strict,False,555719,2145,1.470500946044922,444575,1961,111144,184,0.0016555099690491,0.6534007013445141,0.9972948536096048,0.4837272596018685
explanation_stability_v1,2026-09-23 20:46:41,404,D2_fraudTest,RANDOM_STRATIFIED_SAFE,lightgbm,strict,False,555719,2145,17.431159019470215,444575,1716,111144,429,0.0038598574821852,0.9412125571479416,0.9970270588073054,0.8225624795721693
explanation_stability_v1,2026-09-23 20:46:12,404,D2_fraudTest,RANDOM_STRATIFIED_SAFE,xgboost,strict,False,555719,2145,2.020622968673706,444575,1716,111144,429,0.0038598574821852,0.8878608932875248,0.996099679272691,0.5308328690229169
explanation_stability_v1,2026-09-23 20:49:53,404,D3_PaySim,CHRONOLOGICAL_SAFE,lightgbm,strict,False,1000000,749,29.25471043586731,800000,625,200000,124,0.00062,0.7653890024257384,0.994811924522236,0.5884911247804518
explanation_stability_v1,2026-09-23 20:48:58,404,D3_PaySim,CHRONOLOGICAL_SAFE,xgboost,strict,False,1000000,749,2.045227527618408,800000,625,200000,124,0.00062,0.7180985570547964,0.996274302971068,0.2552001614225029
explanation_stability_v1,2026-09-23 20:48:34,404,D3_PaySim,RANDOM_STRATIFIED_SAFE,lightgbm,strict,False,1000000,749,27.190880060195923,800000,599,200000,150,0.00075,0.7864675248009126,0.9977783003919606,0.5805468255900255
explanation_stability_v1,2026-09-23 20:47:41,404,D3_PaySim,RANDOM_STRATIFIED_SAFE,xgboost,strict,False,1000000,749,2.1021382808685303,800000,599,200000,150,0.00075,0.7420852192248585,0.994557868401301,0.2757817382671982
explanation_stability_v1,2026-09-23 20:25:25,42,D1_creditcard,CHRONOLOGICAL_SAFE,lightgbm,strict,False,283726,473,24.484611749649048,226980,399,56746,74,0.0013040566735981,0.8120072723601577,0.9886573473529996,0.833310412351287
explanation_stability_v1,2026-09-23 20:24:54,42,D1_creditcard,CHRONOLOGICAL_SAFE,xgboost,strict,False,283726,473,2.9219839572906494,226980,399,56746,74,0.0013040566735981,0.7939581407359825,0.987747893997894,0.8072161804215322
explanation_stability_v1,2026-09-23 20:24:46,42,D1_creditcard,RANDOM_STRATIFIED_SAFE,lightgbm,strict,False,283726,473,21.909855604171756,226980,378,56746,95,0.0016741268107003,0.8264896028153705,0.9808788621745888,0.8409075166262782
explanation_stability_v1,2026-09-23 20:24:18,42,D1_creditcard,RANDOM_STRATIFIED_SAFE,xgboost,strict,False,283726,473,2.450132131576538,226980,378,56746,95,0.0016741268107003,0.823859121945186,0.9733925819119652,0.8547616493116376
explanation_stability_v1,2026-09-23 20:26:47,42,D2_fraudTest,CHRONOLOGICAL_SAFE,lightgbm,strict,False,555719,2145,17.66556406021118,444575,1961,111144,184,0.0016555099690491,0.7346958933873738,0.9975893682799912,0.6757957890596487
explanation_stability_v1,2026-09-23 20:26:17,42,D2_fraudTest,CHRONOLOGICAL_SAFE,xgboost,strict,False,555719,2145,1.924168586730957,444575,1961,111144,184,0.0016555099690491,0.6822922300154786,0.9970079797655246,0.4958157858927045
explanation_stability_v1,2026-09-23 20:26:08,42,D2_fraudTest,RANDOM_STRATIFIED_SAFE,lightgbm,strict,False,555719,2145,20.46450710296631,444575,1716,111144,429,0.0038598574821852,0.9536213212494852,0.9981209655779496,0.8358356985182109
explanation_stability_v1,2026-09-23 20:25:35,42,D2_fraudTest,RANDOM_STRATIFIED_SAFE,xgboost,strict,False,555719,2145,2.0721256732940674,444575,1716,111144,429,0.0038598574821852,0.9036380374641192,0.9982577855088356,0.5562984045723944
explanation_stability_v1,2026-09-23 20:29:26,42,D3_PaySim,CHRONOLOGICAL_SAFE,lightgbm,strict,False,1000000,749,26.9674072265625,800000,625,200000,124,0.00062,0.7565399567744442,0.9981300301348126,0.5619273049963929
explanation_stability_v1,2026-09-23 20:28:34,42,D3_PaySim,CHRONOLOGICAL_SAFE,xgboost,strict,False,1000000,749,2.0151584148406982,800000,625,200000,124,0.00062,0.723480447613107,0.996743041169396,0.2725577664136059
explanation_stability_v1,2026-09-23 20:28:11,42,D3_PaySim,RANDOM_STRATIFIED_SAFE,lightgbm,strict,False,1000000,749,28.292500019073486,800000,599,200000,150,0.00075,0.8163037799021468,0.9993706946876824,0.613479596572672
explanation_stability_v1,2026-09-23 20:27:16,42,D3_PaySim,RANDOM_STRATIFIED_SAFE,xgboost,strict,False,1000000,749,2.2358341217041016,800000,599,200000,150,0.00075,0.7735822031062526,0.9989778333750312,0.2883508201075305
