top_k,topk_jaccard,explanation_instability_index,weighted_importance_overlap,importance_spearman,comparison_type,dataset,model,seed,split_policy_a,split_policy_b
3,0.5,0.5,0.958864750036353,0.8661165233820504,protocol_pair,D1_creditcard,lightgbm,42,RANDOM_STRATIFIED_SAFE,CHRONOLOGICAL_SAFE
5,0.6666666666666666,0.33333333333333337,0.958864750036353,0.8661165233820504,protocol_pair,D1_creditcard,lightgbm,42,RANDOM_STRATIFIED_SAFE,CHRONOLOGICAL_SAFE
10,0.6666666666666666,0.33333333333333337,0.958864750036353,0.8661165233820504,protocol_pair,D1_creditcard,lightgbm,42,RANDOM_STRATIFIED_SAFE,CHRONOLOGICAL_SAFE
3,0.5,0.5,0.9381757832873553,0.6582902392437054,protocol_pair,D1_creditcard,lightgbm,101,RANDOM_STRATIFIED_SAFE,CHRONOLOGICAL_SAFE
5,0.42857142857142855,0.5714285714285714,0.9381757832873553,0.6582902392437054,protocol_pair,D1_creditcard,lightgbm,101,RANDOM_STRATIFIED_SAFE,CHRONOLOGICAL_SAFE
10,0.5384615384615384,0.46153846153846156,0.9381757832873553,0.6582902392437054,protocol_pair,D1_creditcard,lightgbm,101,RANDOM_STRATIFIED_SAFE,CHRONOLOGICAL_SAFE
3,0.5,0.5,0.963933408890964,0.8665763278773357,protocol_pair,D1_creditcard,lightgbm,202,RANDOM_STRATIFIED_SAFE,CHRONOLOGICAL_SAFE
5,0.42857142857142855,0.5714285714285714,0.963933408890964,0.8665763278773357,protocol_pair,D1_creditcard,lightgbm,202,RANDOM_STRATIFIED_SAFE,CHRONOLOGICAL_SAFE
10,0.6666666666666666,0.33333333333333337,0.963933408890964,0.8665763278773357,protocol_pair,D1_creditcard,lightgbm,202,RANDOM_STRATIFIED_SAFE,CHRONOLOGICAL_SAFE
3,0.5,0.5,0.9493539330610389,0.7596994761405698,protocol_pair,D1_creditcard,lightgbm,303,RANDOM_STRATIFIED_SAFE,CHRONOLOGICAL_SAFE
5,0.42857142857142855,0.5714285714285714,0.9493539330610389,0.7596994761405698,protocol_pair,D1_creditcard,lightgbm,303,RANDOM_STRATIFIED_SAFE,CHRONOLOGICAL_SAFE
10,0.42857142857142855,0.5714285714285714,0.9493539330610389,0.7596994761405698,protocol_pair,D1_creditcard,lightgbm,303,RANDOM_STRATIFIED_SAFE,CHRONOLOGICAL_SAFE
3,0.5,0.5,0.9496829170412355,0.6847290640394087,protocol_pair,D1_creditcard,lightgbm,404,RANDOM_STRATIFIED_SAFE,CHRONOLOGICAL_SAFE
5,0.42857142857142855,0.5714285714285714,0.9496829170412355,0.6847290640394087,protocol_pair,D1_creditcard,lightgbm,404,RANDOM_STRATIFIED_SAFE,CHRONOLOGICAL_SAFE
10,0.5384615384615384,0.46153846153846156,0.9496829170412355,0.6847290640394087,protocol_pair,D1_creditcard,lightgbm,404,RANDOM_STRATIFIED_SAFE,CHRONOLOGICAL_SAFE
3,1.0,0.0,0.9473067547032362,0.8389162561576353,protocol_pair,D1_creditcard,xgboost,42,RANDOM_STRATIFIED_SAFE,CHRONOLOGICAL_SAFE
5,1.0,0.0,0.9473067547032362,0.8389162561576353,protocol_pair,D1_creditcard,xgboost,42,RANDOM_STRATIFIED_SAFE,CHRONOLOGICAL_SAFE
10,0.5384615384615384,0.46153846153846156,0.9473067547032362,0.8389162561576353,protocol_pair,D1_creditcard,xgboost,42,RANDOM_STRATIFIED_SAFE,CHRONOLOGICAL_SAFE
3,1.0,0.0,0.9613779411796637,0.8679802955665022,protocol_pair,D1_creditcard,xgboost,101,RANDOM_STRATIFIED_SAFE,CHRONOLOGICAL_SAFE
5,1.0,0.0,0.9613779411796637,0.8679802955665022,protocol_pair,D1_creditcard,xgboost,101,RANDOM_STRATIFIED_SAFE,CHRONOLOGICAL_SAFE
10,1.0,0.0,0.9613779411796637,0.8679802955665022,protocol_pair,D1_creditcard,xgboost,101,RANDOM_STRATIFIED_SAFE,CHRONOLOGICAL_SAFE
3,0.5,0.5,0.9195635869244878,0.8463054187192117,protocol_pair,D1_creditcard,xgboost,202,RANDOM_STRATIFIED_SAFE,CHRONOLOGICAL_SAFE
5,0.6666666666666666,0.33333333333333337,0.9195635869244878,0.8463054187192117,protocol_pair,D1_creditcard,xgboost,202,RANDOM_STRATIFIED_SAFE,CHRONOLOGICAL_SAFE
10,0.8181818181818182,0.18181818181818177,0.9195635869244878,0.8463054187192117,protocol_pair,D1_creditcard,xgboost,202,RANDOM_STRATIFIED_SAFE,CHRONOLOGICAL_SAFE
3,0.5,0.5,0.8966372048106794,0.8172413793103447,protocol_pair,D1_creditcard,xgboost,303,RANDOM_STRATIFIED_SAFE,CHRONOLOGICAL_SAFE
5,0.42857142857142855,0.5714285714285714,0.8966372048106794,0.8172413793103447,protocol_pair,D1_creditcard,xgboost,303,RANDOM_STRATIFIED_SAFE,CHRONOLOGICAL_SAFE
10,0.8181818181818182,0.18181818181818177,0.8966372048106794,0.8172413793103447,protocol_pair,D1_creditcard,xgboost,303,RANDOM_STRATIFIED_SAFE,CHRONOLOGICAL_SAFE
3,1.0,0.0,0.9319753494198667,0.8399014778325121,protocol_pair,D1_creditcard,xgboost,404,RANDOM_STRATIFIED_SAFE,CHRONOLOGICAL_SAFE
5,0.6666666666666666,0.33333333333333337,0.9319753494198667,0.8399014778325121,protocol_pair,D1_creditcard,xgboost,404,RANDOM_STRATIFIED_SAFE,CHRONOLOGICAL_SAFE
10,0.8181818181818182,0.18181818181818177,0.9319753494198667,0.8399014778325121,protocol_pair,D1_creditcard,xgboost,404,RANDOM_STRATIFIED_SAFE,CHRONOLOGICAL_SAFE
3,1.0,0.0,0.97458064516129,0.9523809523809524,protocol_pair,D2_fraudTest,lightgbm,42,RANDOM_STRATIFIED_SAFE,CHRONOLOGICAL_SAFE
5,1.0,0.0,0.97458064516129,0.9523809523809524,protocol_pair,D2_fraudTest,lightgbm,42,RANDOM_STRATIFIED_SAFE,CHRONOLOGICAL_SAFE
10,1.0,0.0,0.97458064516129,0.9523809523809524,protocol_pair,D2_fraudTest,lightgbm,42,RANDOM_STRATIFIED_SAFE,CHRONOLOGICAL_SAFE
3,1.0,0.0,0.9758064516129029,0.9523809523809524,protocol_pair,D2_fraudTest,lightgbm,101,RANDOM_STRATIFIED_SAFE,CHRONOLOGICAL_SAFE
5,1.0,0.0,0.9758064516129029,0.9523809523809524,protocol_pair,D2_fraudTest,lightgbm,101,RANDOM_STRATIFIED_SAFE,CHRONOLOGICAL_SAFE
10,1.0,0.0,0.9758064516129029,0.9523809523809524,protocol_pair,D2_fraudTest,lightgbm,101,RANDOM_STRATIFIED_SAFE,CHRONOLOGICAL_SAFE
3,1.0,0.0,0.9889354838709673,1.0,protocol_pair,D2_fraudTest,lightgbm,202,RANDOM_STRATIFIED_SAFE,CHRONOLOGICAL_SAFE
5,1.0,0.0,0.9889354838709673,1.0,protocol_pair,D2_fraudTest,lightgbm,202,RANDOM_STRATIFIED_SAFE,CHRONOLOGICAL_SAFE
10,1.0,0.0,0.9889354838709673,1.0,protocol_pair,D2_fraudTest,lightgbm,202,RANDOM_STRATIFIED_SAFE,CHRONOLOGICAL_SAFE
3,1.0,0.0,0.985548387096774,0.9761904761904763,protocol_pair,D2_fraudTest,lightgbm,303,RANDOM_STRATIFIED_SAFE,CHRONOLOGICAL_SAFE
5,1.0,0.0,0.985548387096774,0.9761904761904763,protocol_pair,D2_fraudTest,lightgbm,303,RANDOM_STRATIFIED_SAFE,CHRONOLOGICAL_SAFE
10,1.0,0.0,0.985548387096774,0.9761904761904763,protocol_pair,D2_fraudTest,lightgbm,303,RANDOM_STRATIFIED_SAFE,CHRONOLOGICAL_SAFE
3,1.0,0.0,0.9899032258064515,0.9761904761904763,protocol_pair,D2_fraudTest,lightgbm,404,RANDOM_STRATIFIED_SAFE,CHRONOLOGICAL_SAFE
5,1.0,0.0,0.9899032258064515,0.9761904761904763,protocol_pair,D2_fraudTest,lightgbm,404,RANDOM_STRATIFIED_SAFE,CHRONOLOGICAL_SAFE
10,1.0,0.0,0.9899032258064515,0.9761904761904763,protocol_pair,D2_fraudTest,lightgbm,404,RANDOM_STRATIFIED_SAFE,CHRONOLOGICAL_SAFE
3,1.0,0.0,0.9694793796485636,0.9761904761904763,protocol_pair,D2_fraudTest,xgboost,42,RANDOM_STRATIFIED_SAFE,CHRONOLOGICAL_SAFE
5,1.0,0.0,0.9694793796485636,0.9761904761904763,protocol_pair,D2_fraudTest,xgboost,42,RANDOM_STRATIFIED_SAFE,CHRONOLOGICAL_SAFE
10,1.0,0.0,0.9694793796485636,0.9761904761904763,protocol_pair,D2_fraudTest,xgboost,42,RANDOM_STRATIFIED_SAFE,CHRONOLOGICAL_SAFE
3,1.0,0.0,0.9316265434129106,1.0,protocol_pair,D2_fraudTest,xgboost,101,RANDOM_STRATIFIED_SAFE,CHRONOLOGICAL_SAFE
5,1.0,0.0,0.9316265434129106,1.0,protocol_pair,D2_fraudTest,xgboost,101,RANDOM_STRATIFIED_SAFE,CHRONOLOGICAL_SAFE
10,1.0,0.0,0.9316265434129106,1.0,protocol_pair,D2_fraudTest,xgboost,101,RANDOM_STRATIFIED_SAFE,CHRONOLOGICAL_SAFE
3,1.0,0.0,0.9616555502145081,0.9761904761904763,protocol_pair,D2_fraudTest,xgboost,202,RANDOM_STRATIFIED_SAFE,CHRONOLOGICAL_SAFE
5,1.0,0.0,0.9616555502145081,0.9761904761904763,protocol_pair,D2_fraudTest,xgboost,202,RANDOM_STRATIFIED_SAFE,CHRONOLOGICAL_SAFE
10,1.0,0.0,0.9616555502145081,0.9761904761904763,protocol_pair,D2_fraudTest,xgboost,202,RANDOM_STRATIFIED_SAFE,CHRONOLOGICAL_SAFE
3,1.0,0.0,0.9694524934684661,0.9761904761904763,protocol_pair,D2_fraudTest,xgboost,303,RANDOM_STRATIFIED_SAFE,CHRONOLOGICAL_SAFE
5,1.0,0.0,0.9694524934684661,0.9761904761904763,protocol_pair,D2_fraudTest,xgboost,303,RANDOM_STRATIFIED_SAFE,CHRONOLOGICAL_SAFE
10,1.0,0.0,0.9694524934684661,0.9761904761904763,protocol_pair,D2_fraudTest,xgboost,303,RANDOM_STRATIFIED_SAFE,CHRONOLOGICAL_SAFE
3,1.0,0.0,0.9358592021986117,0.9285714285714287,protocol_pair,D2_fraudTest,xgboost,404,RANDOM_STRATIFIED_SAFE,CHRONOLOGICAL_SAFE
5,1.0,0.0,0.9358592021986117,0.9285714285714287,protocol_pair,D2_fraudTest,xgboost,404,RANDOM_STRATIFIED_SAFE,CHRONOLOGICAL_SAFE
10,1.0,0.0,0.9358592021986117,0.9285714285714287,protocol_pair,D2_fraudTest,xgboost,404,RANDOM_STRATIFIED_SAFE,CHRONOLOGICAL_SAFE
3,1.0,0.0,0.9807741935483869,1.0,protocol_pair,D3_PaySim,lightgbm,42,RANDOM_STRATIFIED_SAFE,CHRONOLOGICAL_SAFE
5,1.0,0.0,0.9807741935483869,1.0,protocol_pair,D3_PaySim,lightgbm,42,RANDOM_STRATIFIED_SAFE,CHRONOLOGICAL_SAFE
10,1.0,0.0,0.9807741935483869,1.0,protocol_pair,D3_PaySim,lightgbm,42,RANDOM_STRATIFIED_SAFE,CHRONOLOGICAL_SAFE
3,1.0,0.0,0.9921612903225805,1.0,protocol_pair,D3_PaySim,lightgbm,101,RANDOM_STRATIFIED_SAFE,CHRONOLOGICAL_SAFE
5,1.0,0.0,0.9921612903225805,1.0,protocol_pair,D3_PaySim,lightgbm,101,RANDOM_STRATIFIED_SAFE,CHRONOLOGICAL_SAFE
10,1.0,0.0,0.9921612903225805,1.0,protocol_pair,D3_PaySim,lightgbm,101,RANDOM_STRATIFIED_SAFE,CHRONOLOGICAL_SAFE
3,1.0,0.0,0.9890645161290322,1.0,protocol_pair,D3_PaySim,lightgbm,202,RANDOM_STRATIFIED_SAFE,CHRONOLOGICAL_SAFE
5,1.0,0.0,0.9890645161290322,1.0,protocol_pair,D3_PaySim,lightgbm,202,RANDOM_STRATIFIED_SAFE,CHRONOLOGICAL_SAFE
10,1.0,0.0,0.9890645161290322,1.0,protocol_pair,D3_PaySim,lightgbm,202,RANDOM_STRATIFIED_SAFE,CHRONOLOGICAL_SAFE
3,1.0,0.0,0.9819999999999999,1.0,protocol_pair,D3_PaySim,lightgbm,303,RANDOM_STRATIFIED_SAFE,CHRONOLOGICAL_SAFE
5,1.0,0.0,0.9819999999999999,1.0,protocol_pair,D3_PaySim,lightgbm,303,RANDOM_STRATIFIED_SAFE,CHRONOLOGICAL_SAFE
10,1.0,0.0,0.9819999999999999,1.0,protocol_pair,D3_PaySim,lightgbm,303,RANDOM_STRATIFIED_SAFE,CHRONOLOGICAL_SAFE
3,1.0,0.0,0.9892258064516128,1.0,protocol_pair,D3_PaySim,lightgbm,404,RANDOM_STRATIFIED_SAFE,CHRONOLOGICAL_SAFE
5,1.0,0.0,0.9892258064516128,1.0,protocol_pair,D3_PaySim,lightgbm,404,RANDOM_STRATIFIED_SAFE,CHRONOLOGICAL_SAFE
10,1.0,0.0,0.9892258064516128,1.0,protocol_pair,D3_PaySim,lightgbm,404,RANDOM_STRATIFIED_SAFE,CHRONOLOGICAL_SAFE
3,1.0,0.0,0.9864055220923085,1.0,protocol_pair,D3_PaySim,xgboost,42,RANDOM_STRATIFIED_SAFE,CHRONOLOGICAL_SAFE
5,1.0,0.0,0.9864055220923085,1.0,protocol_pair,D3_PaySim,xgboost,42,RANDOM_STRATIFIED_SAFE,CHRONOLOGICAL_SAFE
10,1.0,0.0,0.9864055220923085,1.0,protocol_pair,D3_PaySim,xgboost,42,RANDOM_STRATIFIED_SAFE,CHRONOLOGICAL_SAFE
3,1.0,0.0,0.9961623004485449,1.0,protocol_pair,D3_PaySim,xgboost,101,RANDOM_STRATIFIED_SAFE,CHRONOLOGICAL_SAFE
5,1.0,0.0,0.9961623004485449,1.0,protocol_pair,D3_PaySim,xgboost,101,RANDOM_STRATIFIED_SAFE,CHRONOLOGICAL_SAFE
10,1.0,0.0,0.9961623004485449,1.0,protocol_pair,D3_PaySim,xgboost,101,RANDOM_STRATIFIED_SAFE,CHRONOLOGICAL_SAFE
3,1.0,0.0,0.9963437558386039,1.0,protocol_pair,D3_PaySim,xgboost,202,RANDOM_STRATIFIED_SAFE,CHRONOLOGICAL_SAFE
5,1.0,0.0,0.9963437558386039,1.0,protocol_pair,D3_PaySim,xgboost,202,RANDOM_STRATIFIED_SAFE,CHRONOLOGICAL_SAFE
10,1.0,0.0,0.9963437558386039,1.0,protocol_pair,D3_PaySim,xgboost,202,RANDOM_STRATIFIED_SAFE,CHRONOLOGICAL_SAFE
3,1.0,0.0,0.9912385932364094,1.0,protocol_pair,D3_PaySim,xgboost,303,RANDOM_STRATIFIED_SAFE,CHRONOLOGICAL_SAFE
5,1.0,0.0,0.9912385932364094,1.0,protocol_pair,D3_PaySim,xgboost,303,RANDOM_STRATIFIED_SAFE,CHRONOLOGICAL_SAFE
10,1.0,0.0,0.9912385932364094,1.0,protocol_pair,D3_PaySim,xgboost,303,RANDOM_STRATIFIED_SAFE,CHRONOLOGICAL_SAFE
3,1.0,0.0,0.9954372262669852,1.0,protocol_pair,D3_PaySim,xgboost,404,RANDOM_STRATIFIED_SAFE,CHRONOLOGICAL_SAFE
5,1.0,0.0,0.9954372262669852,1.0,protocol_pair,D3_PaySim,xgboost,404,RANDOM_STRATIFIED_SAFE,CHRONOLOGICAL_SAFE
10,1.0,0.0,0.9954372262669852,1.0,protocol_pair,D3_PaySim,xgboost,404,RANDOM_STRATIFIED_SAFE,CHRONOLOGICAL_SAFE
