dataset,model,top_k,comparisons,topk_jaccard_mean,topk_jaccard_std,instability_mean,weighted_overlap_mean,spearman_mean
D1_creditcard,lightgbm,3,5,0.5,0.0,0.5,0.9520021584633893,0.767082326136614
D1_creditcard,lightgbm,5,5,0.47619047619047616,0.10647942749998998,0.5238095238095238,0.9520021584633893,0.767082326136614
D1_creditcard,lightgbm,10,5,0.5677655677655677,0.10081581644339109,0.4322344322344323,0.9520021584633893,0.767082326136614
D1_creditcard,xgboost,3,5,0.8,0.27386127875258304,0.2,0.9313721674075868,0.8420689655172412
D1_creditcard,xgboost,5,5,0.7523809523809524,0.24605734633835832,0.24761904761904763,0.9313721674075868,0.8420689655172412
D1_creditcard,xgboost,10,5,0.7986013986013987,0.16536650353966384,0.20139860139860138,0.9313721674075868,0.8420689655172412
D2_fraudTest,lightgbm,3,5,1.0,0.0,0.0,0.9829548387096771,0.9714285714285715
D2_fraudTest,lightgbm,5,5,1.0,0.0,0.0,0.9829548387096771,0.9714285714285715
D2_fraudTest,lightgbm,10,5,1.0,0.0,0.0,0.9829548387096771,0.9714285714285715
D2_fraudTest,xgboost,3,5,1.0,0.0,0.0,0.953614633788612,0.9714285714285715
D2_fraudTest,xgboost,5,5,1.0,0.0,0.0,0.953614633788612,0.9714285714285715
D2_fraudTest,xgboost,10,5,1.0,0.0,0.0,0.953614633788612,0.9714285714285715
D3_PaySim,lightgbm,3,5,1.0,0.0,0.0,0.9866451612903224,1.0
D3_PaySim,lightgbm,5,5,1.0,0.0,0.0,0.9866451612903224,1.0
D3_PaySim,lightgbm,10,5,1.0,0.0,0.0,0.9866451612903224,1.0
D3_PaySim,xgboost,3,5,1.0,0.0,0.0,0.9931174795765705,1.0
D3_PaySim,xgboost,5,5,1.0,0.0,0.0,0.9931174795765705,1.0
D3_PaySim,xgboost,10,5,1.0,0.0,0.0,0.9931174795765705,1.0
