dataset,model,split_policy,raw_feature,mean_importance,std_importance,mean_rank,top3_frequency,top5_frequency
D1_creditcard,lightgbm,CHRONOLOGICAL_SAFE,V4,0.05917689429682525,0.0019597315518003647,1.0,1.0,1.0
D1_creditcard,lightgbm,CHRONOLOGICAL_SAFE,V14,0.05130394880642268,0.0014995694755634353,2.0,1.0,1.0
D1_creditcard,lightgbm,CHRONOLOGICAL_SAFE,V12,0.0441663513045337,0.0015712733934529603,3.0,1.0,1.0
D1_creditcard,lightgbm,CHRONOLOGICAL_SAFE,V26,0.0408265347822274,0.0019514276689155663,4.8,0.0,0.6
D1_creditcard,lightgbm,CHRONOLOGICAL_SAFE,Amount,0.04078445260214976,0.0006791395174732993,4.8,0.0,0.8
D1_creditcard,lightgbm,CHRONOLOGICAL_SAFE,V28,0.0393738841167061,0.0008250695402958272,5.4,0.0,0.6
D1_creditcard,lightgbm,CHRONOLOGICAL_SAFE,V10,0.037917384749442395,0.0012013589199835165,7.4,0.0,0.0
D1_creditcard,lightgbm,CHRONOLOGICAL_SAFE,V22,0.03704064438040362,0.0016093625514869115,8.8,0.0,0.0
D1_creditcard,lightgbm,CHRONOLOGICAL_SAFE,V13,0.0365246224366765,0.0008816759901657908,9.8,0.0,0.0
D1_creditcard,lightgbm,CHRONOLOGICAL_SAFE,V19,0.03591189518773998,0.0011093079685636725,10.2,0.0,0.0
D1_creditcard,lightgbm,CHRONOLOGICAL_SAFE,V11,0.03521445370738274,0.0016831504880160941,11.6,0.0,0.0
D1_creditcard,lightgbm,CHRONOLOGICAL_SAFE,V24,0.03456488084912808,0.0014912019209475163,12.2,0.0,0.0
D1_creditcard,lightgbm,CHRONOLOGICAL_SAFE,V7,0.03417580162836818,0.001367003616222506,13.2,0.0,0.0
D1_creditcard,lightgbm,CHRONOLOGICAL_SAFE,V1,0.03368368199246698,0.0009928714750778243,14.2,0.0,0.0
D1_creditcard,lightgbm,CHRONOLOGICAL_SAFE,V8,0.032747816041394665,0.0019291727282641819,15.2,0.0,0.0
D1_creditcard,lightgbm,CHRONOLOGICAL_SAFE,V25,0.03273159832163692,0.0022960286047962073,15.4,0.0,0.0
D1_creditcard,lightgbm,CHRONOLOGICAL_SAFE,V3,0.032232329597165474,0.001026078625859792,15.6,0.0,0.0
D1_creditcard,lightgbm,CHRONOLOGICAL_SAFE,V5,0.030945802547669637,0.0006628022856404958,19.0,0.0,0.0
D1_creditcard,lightgbm,CHRONOLOGICAL_SAFE,V23,0.03072120443727002,0.0007205917353673253,18.4,0.0,0.0
D1_creditcard,lightgbm,CHRONOLOGICAL_SAFE,V20,0.03034569471146668,0.0015165255558397465,19.6,0.0,0.0
D1_creditcard,lightgbm,CHRONOLOGICAL_SAFE,V16,0.02964901930660226,0.0005161677142139374,21.4,0.0,0.0
D1_creditcard,lightgbm,CHRONOLOGICAL_SAFE,V21,0.029099125896186,0.000903575449450601,22.4,0.0,0.0
D1_creditcard,lightgbm,CHRONOLOGICAL_SAFE,V15,0.02907553035630462,0.0012881957338490174,22.2,0.0,0.0
D1_creditcard,lightgbm,CHRONOLOGICAL_SAFE,V27,0.02800693684636234,0.0015716010777961716,24.6,0.0,0.0
D1_creditcard,lightgbm,CHRONOLOGICAL_SAFE,V6,0.027510261205527596,0.0008679141210938523,26.0,0.0,0.0
D1_creditcard,lightgbm,CHRONOLOGICAL_SAFE,V2,0.02731189538827264,0.000774991544133278,26.0,0.0,0.0
D1_creditcard,lightgbm,CHRONOLOGICAL_SAFE,V9,0.026883039972294,0.0008467881050951803,27.0,0.0,0.0
D1_creditcard,lightgbm,CHRONOLOGICAL_SAFE,V18,0.02688278287889368,0.0008287759503724016,26.0,0.0,0.0
D1_creditcard,lightgbm,CHRONOLOGICAL_SAFE,V17,0.02519153165247866,0.001715650720559493,27.8,0.0,0.0
D1_creditcard,lightgbm,RANDOM_STRATIFIED_SAFE,V4,0.05716914442879212,0.0030382551079068685,1.2,1.0,1.0
D1_creditcard,lightgbm,RANDOM_STRATIFIED_SAFE,V14,0.05320551319056878,0.003235380109559059,1.8,1.0,1.0
D1_creditcard,lightgbm,RANDOM_STRATIFIED_SAFE,V26,0.044822672226769576,0.00278843857736258,4.0,0.6,0.8
D1_creditcard,lightgbm,RANDOM_STRATIFIED_SAFE,V12,0.042021735614997,0.002411480808935412,5.2,0.0,0.6
D1_creditcard,lightgbm,RANDOM_STRATIFIED_SAFE,V13,0.040468880396140675,0.0024246683740142354,6.8,0.0,0.4
D1_creditcard,lightgbm,RANDOM_STRATIFIED_SAFE,Amount,0.04031190280535668,0.0037804096183454415,6.4,0.2,0.4
D1_creditcard,lightgbm,RANDOM_STRATIFIED_SAFE,V11,0.03981023556014262,0.0031616997881964374,6.4,0.0,0.6
D1_creditcard,lightgbm,RANDOM_STRATIFIED_SAFE,V28,0.039192210187290064,0.005101004659173645,8.0,0.2,0.2
D1_creditcard,lightgbm,RANDOM_STRATIFIED_SAFE,V24,0.03720023903505726,0.0023529442059048973,9.8,0.0,0.0
D1_creditcard,lightgbm,RANDOM_STRATIFIED_SAFE,V7,0.03575391214255166,0.0033838172430301354,11.4,0.0,0.0
D1_creditcard,lightgbm,RANDOM_STRATIFIED_SAFE,V25,0.0343309239282785,0.0038252522021721535,13.2,0.0,0.0
D1_creditcard,lightgbm,RANDOM_STRATIFIED_SAFE,V10,0.0335475177267702,0.002728779815813582,14.0,0.0,0.0
D1_creditcard,lightgbm,RANDOM_STRATIFIED_SAFE,V22,0.033326084309153604,0.003584703717000502,15.0,0.0,0.0
D1_creditcard,lightgbm,RANDOM_STRATIFIED_SAFE,V27,0.03306527756060344,0.0022179549681749532,14.6,0.0,0.0
D1_creditcard,lightgbm,RANDOM_STRATIFIED_SAFE,V19,0.0325916096290607,0.0030418870681875082,15.2,0.0,0.0
D1_creditcard,lightgbm,RANDOM_STRATIFIED_SAFE,V8,0.03222074276513054,0.002477316002667471,16.2,0.0,0.0
D1_creditcard,lightgbm,RANDOM_STRATIFIED_SAFE,V3,0.03207400064084862,0.0037249712043341122,16.8,0.0,0.0
D1_creditcard,lightgbm,RANDOM_STRATIFIED_SAFE,V15,0.03027875127555262,0.0037024353567071543,19.0,0.0,0.0
D1_creditcard,lightgbm,RANDOM_STRATIFIED_SAFE,V18,0.030186831695577142,0.0030991685899603937,20.0,0.0,0.0
D1_creditcard,lightgbm,RANDOM_STRATIFIED_SAFE,V16,0.0294062040528159,0.0020003463950583286,20.6,0.0,0.0
D1_creditcard,lightgbm,RANDOM_STRATIFIED_SAFE,V20,0.02938127225423708,0.003693177596533364,21.0,0.0,0.0
D1_creditcard,lightgbm,RANDOM_STRATIFIED_SAFE,V21,0.028739511432267623,0.0014933655493491733,22.0,0.0,0.0
D1_creditcard,lightgbm,RANDOM_STRATIFIED_SAFE,V9,0.02848917726286736,0.0021597204660550842,22.8,0.0,0.0
D1_creditcard,lightgbm,RANDOM_STRATIFIED_SAFE,V5,0.02847799097847422,0.00339453823713559,21.6,0.0,0.0
D1_creditcard,lightgbm,RANDOM_STRATIFIED_SAFE,V6,0.02823652774283598,0.002180730823697477,22.6,0.0,0.0
D1_creditcard,lightgbm,RANDOM_STRATIFIED_SAFE,V23,0.028231676273200862,0.0032198563461911154,22.0,0.0,0.0
D1_creditcard,lightgbm,RANDOM_STRATIFIED_SAFE,V1,0.02729727188792988,0.002354592028057476,24.6,0.0,0.0
D1_creditcard,lightgbm,RANDOM_STRATIFIED_SAFE,V2,0.02664114123030738,0.003314065750637634,24.0,0.0,0.0
D1_creditcard,lightgbm,RANDOM_STRATIFIED_SAFE,V17,0.02352104176642062,0.002050496291618799,28.8,0.0,0.0
D1_creditcard,xgboost,CHRONOLOGICAL_SAFE,V14,0.39631548574537523,0.03285711443892491,1.0,1.0,1.0
D1_creditcard,xgboost,CHRONOLOGICAL_SAFE,V10,0.10430547983068987,0.04009177397650602,2.4,0.8,1.0
D1_creditcard,xgboost,CHRONOLOGICAL_SAFE,V4,0.06320302470642086,0.001194421274159682,3.0,0.8,1.0
D1_creditcard,xgboost,CHRONOLOGICAL_SAFE,V12,0.040854413388757685,0.0172338796009895,5.0,0.2,0.6
D1_creditcard,xgboost,CHRONOLOGICAL_SAFE,V8,0.03311578582467664,0.0034140850325747015,5.4,0.0,0.6
D1_creditcard,xgboost,CHRONOLOGICAL_SAFE,V20,0.03048562500722024,0.0037266480300300357,5.6,0.0,0.4
D1_creditcard,xgboost,CHRONOLOGICAL_SAFE,V17,0.02621214912912346,0.023482275228069914,11.8,0.2,0.2
D1_creditcard,xgboost,CHRONOLOGICAL_SAFE,V19,0.022748599521951123,0.002879597888853654,8.0,0.0,0.0
D1_creditcard,xgboost,CHRONOLOGICAL_SAFE,V11,0.02201224649690708,0.016164341368493016,13.4,0.0,0.2
D1_creditcard,xgboost,CHRONOLOGICAL_SAFE,V13,0.0212408247072235,0.0016830532908626553,8.6,0.0,0.0
D1_creditcard,xgboost,CHRONOLOGICAL_SAFE,Amount,0.020814001472779158,0.001537398477176508,8.8,0.0,0.0
D1_creditcard,xgboost,CHRONOLOGICAL_SAFE,V23,0.01749475237146318,0.0023802124630876273,11.6,0.0,0.0
D1_creditcard,xgboost,CHRONOLOGICAL_SAFE,V21,0.015665596476196482,0.003378363934298155,14.4,0.0,0.0
D1_creditcard,xgboost,CHRONOLOGICAL_SAFE,V7,0.01554266508077952,0.0012019403002568308,13.6,0.0,0.0
D1_creditcard,xgboost,CHRONOLOGICAL_SAFE,V1,0.01523827626890622,0.0010767221492356466,14.4,0.0,0.0
D1_creditcard,xgboost,CHRONOLOGICAL_SAFE,V15,0.014875413814227901,0.0024494266602179938,14.8,0.0,0.0
D1_creditcard,xgboost,CHRONOLOGICAL_SAFE,V3,0.01486468651202356,0.0029906010552642882,15.4,0.0,0.0
D1_creditcard,xgboost,CHRONOLOGICAL_SAFE,V25,0.012983382311762739,0.00162133946921471,18.4,0.0,0.0
D1_creditcard,xgboost,CHRONOLOGICAL_SAFE,V22,0.012727834534062298,0.0014027960212712421,18.6,0.0,0.0
D1_creditcard,xgboost,CHRONOLOGICAL_SAFE,V26,0.012310711553088499,0.0008964566296791564,19.4,0.0,0.0
D1_creditcard,xgboost,CHRONOLOGICAL_SAFE,V28,0.01194203620604334,0.0017914875586345542,20.8,0.0,0.0
D1_creditcard,xgboost,CHRONOLOGICAL_SAFE,V16,0.01130885106102618,0.0016752873509760433,21.2,0.0,0.0
D1_creditcard,xgboost,CHRONOLOGICAL_SAFE,V9,0.01087484906696588,0.001325712779901451,23.0,0.0,0.0
D1_creditcard,xgboost,CHRONOLOGICAL_SAFE,V5,0.00997150251087844,0.0014226988044555966,25.0,0.0,0.0
D1_creditcard,xgboost,CHRONOLOGICAL_SAFE,V18,0.00972729244777576,0.0011422482825607428,25.0,0.0,0.0
D1_creditcard,xgboost,CHRONOLOGICAL_SAFE,V27,0.00954190317021774,0.0006868904104049177,25.4,0.0,0.0
D1_creditcard,xgboost,CHRONOLOGICAL_SAFE,V6,0.00924072998553572,0.001400450169326835,25.8,0.0,0.0
D1_creditcard,xgboost,CHRONOLOGICAL_SAFE,V2,0.008997525096730161,0.0013813416102899352,26.2,0.0,0.0
D1_creditcard,xgboost,CHRONOLOGICAL_SAFE,V24,0.005384355701190139,0.0008594183385973656,29.0,0.0,0.0
D1_creditcard,xgboost,RANDOM_STRATIFIED_SAFE,V14,0.4122133404850013,0.030811603878548244,1.0,1.0,1.0
D1_creditcard,xgboost,RANDOM_STRATIFIED_SAFE,V10,0.10702515490358447,0.04652421895737355,2.2,1.0,1.0
D1_creditcard,xgboost,RANDOM_STRATIFIED_SAFE,V4,0.06780946301265788,0.01574414425555664,3.0,0.8,1.0
D1_creditcard,xgboost,RANDOM_STRATIFIED_SAFE,V12,0.0328074465672245,0.009094635837363599,5.2,0.0,0.4
D1_creditcard,xgboost,RANDOM_STRATIFIED_SAFE,V8,0.0323723101070839,0.005395728017786019,5.4,0.0,0.6
D1_creditcard,xgboost,RANDOM_STRATIFIED_SAFE,V20,0.03015773821689404,0.01014506468634572,7.2,0.0,0.8
D1_creditcard,xgboost,RANDOM_STRATIFIED_SAFE,V11,0.026015869726216723,0.01762825509857819,8.6,0.2,0.2
D1_creditcard,xgboost,RANDOM_STRATIFIED_SAFE,V19,0.02010477497828054,0.004230461290613173,9.2,0.0,0.0
D1_creditcard,xgboost,RANDOM_STRATIFIED_SAFE,Amount,0.0200193177213309,0.0035454862592376743,8.6,0.0,0.0
D1_creditcard,xgboost,RANDOM_STRATIFIED_SAFE,V13,0.01850175129190378,0.0020686697400304544,10.8,0.0,0.0
D1_creditcard,xgboost,RANDOM_STRATIFIED_SAFE,V17,0.017894794584215216,0.003967889059556659,11.6,0.0,0.0
D1_creditcard,xgboost,RANDOM_STRATIFIED_SAFE,V23,0.01644839325597442,0.0034774180128944072,13.6,0.0,0.0
D1_creditcard,xgboost,RANDOM_STRATIFIED_SAFE,V21,0.016151743850898882,0.003075391953903676,13.0,0.0,0.0
D1_creditcard,xgboost,RANDOM_STRATIFIED_SAFE,V3,0.0150371753206122,0.0013708696161984389,14.4,0.0,0.0
D1_creditcard,xgboost,RANDOM_STRATIFIED_SAFE,V7,0.01469463938792436,0.0015952505502600494,16.0,0.0,0.0
D1_creditcard,xgboost,RANDOM_STRATIFIED_SAFE,V1,0.01344403335936016,0.0028096810311568654,17.8,0.0,0.0
D1_creditcard,xgboost,RANDOM_STRATIFIED_SAFE,V26,0.01332950918441424,0.001298886601903699,18.0,0.0,0.0
D1_creditcard,xgboost,RANDOM_STRATIFIED_SAFE,V28,0.012913711742288999,0.0032383109363764415,18.6,0.0,0.0
D1_creditcard,xgboost,RANDOM_STRATIFIED_SAFE,V18,0.0121154369526056,0.0033370252114957462,20.2,0.0,0.0
D1_creditcard,xgboost,RANDOM_STRATIFIED_SAFE,V15,0.01209193081558242,0.0016763392486154455,19.8,0.0,0.0
D1_creditcard,xgboost,RANDOM_STRATIFIED_SAFE,V27,0.0114468566272512,0.0021387314618866696,20.6,0.0,0.0
D1_creditcard,xgboost,RANDOM_STRATIFIED_SAFE,V5,0.0112678152659537,0.0048630774865105,20.8,0.0,0.0
D1_creditcard,xgboost,RANDOM_STRATIFIED_SAFE,V25,0.0111850256434448,0.00369162224414638,21.4,0.0,0.0
D1_creditcard,xgboost,RANDOM_STRATIFIED_SAFE,V16,0.0110538438495692,0.0034340217498580123,22.4,0.0,0.0
D1_creditcard,xgboost,RANDOM_STRATIFIED_SAFE,V6,0.01055877410144548,0.0021023763460684924,22.4,0.0,0.0
D1_creditcard,xgboost,RANDOM_STRATIFIED_SAFE,V22,0.00972626686715976,0.0023950063946243426,24.0,0.0,0.0
D1_creditcard,xgboost,RANDOM_STRATIFIED_SAFE,V9,0.00905030016232158,0.002316132816819887,24.6,0.0,0.0
D1_creditcard,xgboost,RANDOM_STRATIFIED_SAFE,V2,0.00871067368075492,0.001207280073101173,25.8,0.0,0.0
D1_creditcard,xgboost,RANDOM_STRATIFIED_SAFE,V24,0.0058519083380436,0.001484321144984841,28.8,0.0,0.0
D2_fraudTest,lightgbm,CHRONOLOGICAL_SAFE,age_years,0.1880064516129032,0.003768771953772485,1.2,1.0,1.0
D2_fraudTest,lightgbm,CHRONOLOGICAL_SAFE,state,0.18714193548387092,0.0022261103111898503,1.8,1.0,1.0
D2_fraudTest,lightgbm,CHRONOLOGICAL_SAFE,amt,0.15567741935483867,0.0032685872867642117,3.0,1.0,1.0
D2_fraudTest,lightgbm,CHRONOLOGICAL_SAFE,city_pop,0.13769032258064512,0.002729630834988053,4.6,0.0,1.0
D2_fraudTest,lightgbm,CHRONOLOGICAL_SAFE,category,0.1365354838709677,0.0029344734170157058,4.4,0.0,1.0
D2_fraudTest,lightgbm,CHRONOLOGICAL_SAFE,trans_hour,0.07534838709677413,0.001671733539801039,6.0,0.0,0.0
D2_fraudTest,lightgbm,CHRONOLOGICAL_SAFE,trans_month,0.07054193548387092,0.0026489351521255733,7.0,0.0,0.0
D2_fraudTest,lightgbm,CHRONOLOGICAL_SAFE,trans_dayofweek,0.04905806451612898,0.002364254265304268,8.0,0.0,0.0
D2_fraudTest,lightgbm,RANDOM_STRATIFIED_SAFE,state,0.19273548387096773,0.005495878694282477,1.0,1.0,1.0
D2_fraudTest,lightgbm,RANDOM_STRATIFIED_SAFE,age_years,0.1860064516129032,0.000638839999738092,2.0,1.0,1.0
D2_fraudTest,lightgbm,RANDOM_STRATIFIED_SAFE,amt,0.15244516129032254,0.002618413147108193,3.0,1.0,1.0
D2_fraudTest,lightgbm,RANDOM_STRATIFIED_SAFE,category,0.13922580645161284,0.0018579917100431213,4.0,0.0,1.0
D2_fraudTest,lightgbm,RANDOM_STRATIFIED_SAFE,city_pop,0.13239354838709677,0.004321099890813592,5.0,0.0,1.0
D2_fraudTest,lightgbm,RANDOM_STRATIFIED_SAFE,trans_hour,0.07869677419354834,0.00319457461517248,6.0,0.0,0.0
D2_fraudTest,lightgbm,RANDOM_STRATIFIED_SAFE,trans_month,0.06779999999999994,0.004261630959987718,7.0,0.0,0.0
D2_fraudTest,lightgbm,RANDOM_STRATIFIED_SAFE,trans_dayofweek,0.050696774193548365,0.00239564728424485,8.0,0.0,0.0
D2_fraudTest,xgboost,CHRONOLOGICAL_SAFE,category,0.4906633594709041,0.011117693679680954,1.0,1.0,1.0
D2_fraudTest,xgboost,CHRONOLOGICAL_SAFE,state,0.3153430125549667,0.008435062600676559,2.0,1.0,1.0
D2_fraudTest,xgboost,CHRONOLOGICAL_SAFE,amt,0.12169395895400388,0.009829092647544382,3.0,1.0,1.0
D2_fraudTest,xgboost,CHRONOLOGICAL_SAFE,trans_hour,0.0434406250684085,0.00260766446939717,4.0,0.0,1.0
D2_fraudTest,xgboost,CHRONOLOGICAL_SAFE,age_years,0.010376046564998239,0.00029702797940697723,5.0,0.0,1.0
D2_fraudTest,xgboost,CHRONOLOGICAL_SAFE,city_pop,0.007528356880301399,0.00024284201076430156,6.0,0.0,0.0
D2_fraudTest,xgboost,CHRONOLOGICAL_SAFE,trans_dayofweek,0.0056557421614351,0.00035937434165882556,7.2,0.0,0.0
D2_fraudTest,xgboost,CHRONOLOGICAL_SAFE,trans_month,0.00529889834498162,0.0002958471602012533,7.8,0.0,0.0
D2_fraudTest,xgboost,RANDOM_STRATIFIED_SAFE,category,0.45222687923033505,0.019156784376781297,1.0,1.0,1.0
D2_fraudTest,xgboost,RANDOM_STRATIFIED_SAFE,state,0.35880770083085023,0.025829317762036362,2.0,1.0,1.0
D2_fraudTest,xgboost,RANDOM_STRATIFIED_SAFE,amt,0.11599701725701558,0.008747222943529417,3.0,1.0,1.0
D2_fraudTest,xgboost,RANDOM_STRATIFIED_SAFE,trans_hour,0.04176865112603946,0.0028228729355857874,4.0,0.0,1.0
D2_fraudTest,xgboost,RANDOM_STRATIFIED_SAFE,age_years,0.0099552805328178,0.0006606856489711378,5.0,0.0,1.0
D2_fraudTest,xgboost,RANDOM_STRATIFIED_SAFE,city_pop,0.00813715775056858,0.00029470635419055595,6.2,0.0,0.0
D2_fraudTest,xgboost,RANDOM_STRATIFIED_SAFE,trans_month,0.00738965903588074,0.0009819159190954517,6.8,0.0,0.0
D2_fraudTest,xgboost,RANDOM_STRATIFIED_SAFE,trans_dayofweek,0.0057176542364922,0.0004930554301954236,8.0,0.0,0.0
D3_PaySim,lightgbm,CHRONOLOGICAL_SAFE,amount,0.3844322580645161,0.006218389364226067,1.0,1.0,1.0
D3_PaySim,lightgbm,CHRONOLOGICAL_SAFE,oldbalanceOrg,0.3420064516129032,0.005168664087511542,2.0,1.0,1.0
D3_PaySim,lightgbm,CHRONOLOGICAL_SAFE,oldbalanceDest,0.20958709677419352,0.005168060076389767,3.0,1.0,1.0
D3_PaySim,lightgbm,CHRONOLOGICAL_SAFE,type,0.06397419354838706,0.002046468494418422,4.0,0.0,1.0
D3_PaySim,lightgbm,RANDOM_STRATIFIED_SAFE,amount,0.37961290322580643,0.0016020603279792089,1.0,1.0,1.0
D3_PaySim,lightgbm,RANDOM_STRATIFIED_SAFE,oldbalanceOrg,0.3370322580645161,0.00887205271957383,2.0,1.0,1.0
D3_PaySim,lightgbm,RANDOM_STRATIFIED_SAFE,oldbalanceDest,0.21677419354838706,0.007984245673839768,3.0,1.0,1.0
D3_PaySim,lightgbm,RANDOM_STRATIFIED_SAFE,type,0.06658064516129025,0.0024857554644269002,4.0,0.0,1.0
D3_PaySim,xgboost,CHRONOLOGICAL_SAFE,type,0.8314041097047223,0.014839485952518144,1.0,1.0,1.0
D3_PaySim,xgboost,CHRONOLOGICAL_SAFE,oldbalanceOrg,0.07969430616913528,0.00805776393525201,2.0,1.0,1.0
D3_PaySim,xgboost,CHRONOLOGICAL_SAFE,amount,0.06024494239722104,0.007156558181059013,3.0,1.0,1.0
D3_PaySim,xgboost,CHRONOLOGICAL_SAFE,oldbalanceDest,0.02865664172892124,0.0027859937443579868,4.0,0.0,1.0
D3_PaySim,xgboost,RANDOM_STRATIFIED_SAFE,type,0.8295632772623402,0.01190454763453985,1.0,1.0,1.0
D3_PaySim,xgboost,RANDOM_STRATIFIED_SAFE,oldbalanceOrg,0.07987561816051159,0.005722870105812206,2.0,1.0,1.0
D3_PaySim,xgboost,RANDOM_STRATIFIED_SAFE,amount,0.06319265819469087,0.006391707053514168,3.0,1.0,1.0
D3_PaySim,xgboost,RANDOM_STRATIFIED_SAFE,oldbalanceDest,0.02736844638245702,0.002328145256220573,4.0,0.0,1.0
