run_name,timestamp,seed,dataset,split_policy,model,feature_policy,smoke_test,rows_used,fraud_rows_used,cap_used,threshold,n_test,test_fraud,test_fraud_rate,tp,fp,tn,fn,recall,precision,f1,mcc,average_precision,roc_auc,brier,false_alerts_per_10k,missed_frauds_per_10k,cost_per_10k,fit_seconds,train_n,train_fraud,train_fraud_rate,val_n,val_fraud,val_fraud_rate,test_n
temporal_robustness_v1,2026-09-23 18:41:10,101,D1_creditcard,CHRONOLOGICAL_SAFE,lightgbm,strict,False,283726,473,,0.01,56746,74,0.0013040566735981,56,8,56664,18,0.7567567567567568,0.875,0.8115942028985508,0.8135099093879182,0.8006795818453205,0.972014160193508,0.0004651472334419,1.4097909984844748,3.172029746590068,318.6127656574913,16.002692699432373,170235,342,0.0020089875759978,56745,57,0.0010044937879989,56746
temporal_robustness_v1,2026-09-23 18:40:46,101,D1_creditcard,CHRONOLOGICAL_SAFE,xgboost,strict,False,283726,473,,0.01,56746,74,0.0013040566735981,61,157,56515,13,0.8243243243243243,0.2798165137614679,0.4178082191780822,0.4792655201114069,0.7873095421262536,0.9767939170113082,0.0004561144738423,27.66714834525781,2.2909103725372715,256.75818559898494,1.9905521869659424,170235,342,0.0020089875759978,56745,57,0.0010044937879989,56746
temporal_robustness_v1,2026-09-23 18:40:38,101,D1_creditcard,RANDOM_STRATIFIED_SAFE,lightgbm,strict,False,283726,473,,0.01,56746,95,0.0016741268107003,75,12,56639,20,0.7894736842105263,0.8620689655172413,0.8241758241758241,0.8246936129748299,0.8102551473398267,0.9757806105527008,0.0004685268682382,2.114686497726712,3.524477496211187,354.5624361188454,15.825525522232056,170235,283,0.0016624078479748,56745,95,0.0016741563133315,56746
temporal_robustness_v1,2026-09-23 18:40:13,101,D1_creditcard,RANDOM_STRATIFIED_SAFE,xgboost,strict,False,283726,473,,0.06,56746,95,0.0016741268107003,79,46,56605,16,0.8315789473684211,0.632,0.7181818181818181,0.7244376846095038,0.817355350811781,0.9729988507658618,0.000485532625404,8.106298241285728,2.819581996968949,290.0644979381807,1.7577388286590576,170235,283,0.0016624078479748,56745,95,0.0016741563133315,56746
temporal_robustness_v1,2026-09-23 18:42:30,101,D2_fraudTest,CHRONOLOGICAL_SAFE,lightgbm,strict,False,555719,2145,,0.01,111144,184,0.0016555099690491,175,1662,109298,9,0.9510869565217392,0.095264017419706,0.1731815932706581,0.2984968816494413,0.6754302247395024,0.9971014329488104,0.0014153432408201,149.53573742172316,0.8097603109479594,230.5117685165191,16.059698343276978,333431,1560,0.0046786291616556,111144,401,0.0036079320521125,111144
temporal_robustness_v1,2026-09-23 18:41:58,101,D2_fraudTest,CHRONOLOGICAL_SAFE,xgboost,strict,False,555719,2145,,0.26,111144,184,0.0016555099690491,177,1749,109211,7,0.9619565217391304,0.0919003115264797,0.1677725118483412,0.294779388168718,0.600462008436323,0.996336811541958,0.0062131489734631,157.36342042755345,0.6298135751817462,220.34477794572808,1.231626272201538,333431,1560,0.0046786291616556,111144,401,0.0036079320521125,111144
temporal_robustness_v1,2026-09-23 18:41:49,101,D2_fraudTest,RANDOM_STRATIFIED_SAFE,lightgbm,strict,False,555719,2145,,0.02,111144,429,0.0038598574821852,410,797,109918,19,0.9557109557109555,0.3396851698425849,0.5012224938875306,0.5674783091363957,0.923852167906369,0.9963713295240187,0.0011494578765533,71.70877420283595,1.7094939897790256,242.6581731807385,14.121204614639282,333431,1287,0.0038598690583658,111144,429,0.0038598574821852,111144
temporal_robustness_v1,2026-09-23 18:41:19,101,D2_fraudTest,RANDOM_STRATIFIED_SAFE,xgboost,strict,False,555719,2145,,0.4,111144,429,0.0038598574821852,408,992,109723,21,0.951048951048951,0.2914285714285714,0.4461454346637507,0.5238047165774087,0.8789105816696399,0.9963933941985696,0.0054735821911561,89.25358094004176,1.8894407255452383,278.1976534945656,1.2975366115570068,333431,1287,0.0038598690583658,111144,429,0.0038598574821852,111144
temporal_robustness_v1,2026-09-23 18:45:09,101,D3_PaySim,CHRONOLOGICAL_SAFE,lightgbm,strict,False,1000000,749,1000000.0,0.03,200000,124,0.00062,113,743,199133,11,0.9112903225806452,0.1320093457943925,0.2306122448979591,0.3460606728165681,0.7353564860688243,0.998478714060782,0.0006476594067697,37.15,0.55,92.15,21.59500765800476,600000,488,0.0008133333333333,200000,137,0.000685,200000
temporal_robustness_v1,2026-09-23 18:44:15,101,D3_PaySim,CHRONOLOGICAL_SAFE,xgboost,strict,False,1000000,749,1000000.0,0.85,200000,124,0.00062,104,379,199497,20,0.8387096774193549,0.2153209109730849,0.342668863261944,0.4243813869507361,0.7096577863074901,0.9969071348429576,0.0053412433815914,18.95,1.0,118.95,1.6028645038604736,600000,488,0.0008133333333333,200000,137,0.000685,200000
temporal_robustness_v1,2026-09-23 18:43:50,101,D3_PaySim,RANDOM_STRATIFIED_SAFE,lightgbm,strict,False,1000000,749,1000000.0,0.02,200000,150,0.00075,135,634,199216,15,0.9,0.1755526657997399,0.2937976060935799,0.3967026063526547,0.7629951341844662,0.9984802935534984,0.0005716026324724,31.7,0.7499999999999999,106.7,20.324370861053467,600000,449,0.0007483333333333,200000,150,0.00075,200000
temporal_robustness_v1,2026-09-23 18:42:55,101,D3_PaySim,RANDOM_STRATIFIED_SAFE,xgboost,strict,False,1000000,749,1000000.0,0.66,200000,150,0.00075,136,760,199090,14,0.9066666666666666,0.1517857142857142,0.260038240917782,0.3701058552786143,0.6805937326626208,0.99813288299558,0.0046942302365374,38.0,0.7,108.0,1.591571807861328,600000,449,0.0007483333333333,200000,150,0.00075,200000
temporal_robustness_v1,2026-09-23 18:46:18,202,D1_creditcard,CHRONOLOGICAL_SAFE,lightgbm,strict,False,283726,473,,0.01,56746,74,0.0013040566735981,56,8,56664,18,0.7567567567567568,0.875,0.8115942028985508,0.8135099093879182,0.8006795818453205,0.972014160193508,0.0004651472334419,1.4097909984844748,3.172029746590068,318.6127656574913,19.299842357635494,170235,342,0.0020089875759978,56745,57,0.0010044937879989,56746
temporal_robustness_v1,2026-09-23 18:45:51,202,D1_creditcard,CHRONOLOGICAL_SAFE,xgboost,strict,False,283726,473,,0.02,56746,74,0.0013040566735981,59,78,56594,15,0.7972972972972973,0.4306569343065693,0.5592417061611374,0.5852845285733773,0.7875518451837871,0.9790127065942285,0.000458542024119,13.745462235223629,2.64335812215839,278.08127445106265,1.6503593921661377,170235,342,0.0020089875759978,56745,57,0.0010044937879989,56746
temporal_robustness_v1,2026-09-23 18:45:43,202,D1_creditcard,RANDOM_STRATIFIED_SAFE,lightgbm,strict,False,283726,473,,0.01,56746,95,0.0016741268107003,83,12,56639,12,0.8736842105263158,0.8736842105263158,0.8736842105263158,0.8734723872575297,0.8898742796995851,0.9837955199378652,0.0003432811836243,2.114686497726712,2.114686497726712,213.58333627039792,17.057432413101196,170235,283,0.0016624078479748,56745,95,0.0016741563133315,56746
temporal_robustness_v1,2026-09-23 18:45:17,202,D1_creditcard,RANDOM_STRATIFIED_SAFE,xgboost,strict,False,283726,473,,0.01,56746,95,0.0016741268107003,84,236,56415,11,0.8842105263157894,0.2625,0.4048192771084337,0.4804582861221759,0.875517970532946,0.985909850618143,0.0004071496611844,41.58883445529201,1.9384626229161528,235.43509674690728,1.700765609741211,170235,283,0.0016624078479748,56745,95,0.0016741563133315,56746
temporal_robustness_v1,2026-09-23 18:47:40,202,D2_fraudTest,CHRONOLOGICAL_SAFE,lightgbm,strict,False,555719,2145,,0.01,111144,184,0.0016555099690491,173,1473,109487,11,0.9402173913043478,0.1051032806804374,0.1890710382513661,0.3119800657873492,0.6764897747399918,0.994825936099182,0.0013371249868256,132.53077089181602,0.9897070467141724,231.50147556323327,14.124408721923828,333431,1560,0.0046786291616556,111144,401,0.0036079320521125,111144
temporal_robustness_v1,2026-09-23 18:47:08,202,D2_fraudTest,CHRONOLOGICAL_SAFE,xgboost,strict,False,555719,2145,,0.22,111144,184,0.0016555099690491,177,2006,108954,7,0.9619565217391304,0.081081081081081,0.1495564005069708,0.276532106014617,0.6124885076144232,0.9966542486912636,0.0061114898222401,180.48657597351183,0.6298135751817462,243.46793349168647,1.248267412185669,333431,1560,0.0046786291616556,111144,401,0.0036079320521125,111144
temporal_robustness_v1,2026-09-23 18:47:00,202,D2_fraudTest,RANDOM_STRATIFIED_SAFE,lightgbm,strict,False,555719,2145,,0.04,111144,429,0.0038598574821852,414,771,109944,15,0.965034965034965,0.3493670886075949,0.5130111524163569,0.5784356746707239,0.9384817562668358,0.9984064588860688,0.0011966307432623,69.36946663787519,1.349600518246599,204.3295184625351,14.196046829223633,333431,1287,0.0038598690583658,111144,429,0.0038598574821852,111144
temporal_robustness_v1,2026-09-23 18:46:28,202,D2_fraudTest,RANDOM_STRATIFIED_SAFE,xgboost,strict,False,555719,2145,,0.55,111144,429,0.0038598574821852,412,786,109929,17,0.9603729603729604,0.343906510851419,0.5064535955746773,0.5724418038976731,0.9092477043267616,0.9982365735244748,0.0064457482796879,70.7190671561218,1.529547254012812,223.673792557403,1.678760051727295,333431,1287,0.0038598690583658,111144,429,0.0038598574821852,111144
temporal_robustness_v1,2026-09-23 18:50:20,202,D3_PaySim,CHRONOLOGICAL_SAFE,lightgbm,strict,False,1000000,749,1000000.0,0.03,200000,124,0.00062,113,708,199168,11,0.9112903225806452,0.1376370280146163,0.2391534391534391,0.3533972585739595,0.7263031500360788,0.9976640557468212,0.0006746445101324,35.4,0.55,90.4,23.331961631774902,600000,488,0.0008133333333333,200000,137,0.000685,200000
temporal_robustness_v1,2026-09-23 18:49:24,202,D3_PaySim,CHRONOLOGICAL_SAFE,xgboost,strict,False,1000000,749,1000000.0,0.78,200000,124,0.00062,109,546,199330,15,0.8790322580645161,0.166412213740458,0.2798459563543004,0.381786823155715,0.7028368789189139,0.996343700836454,0.0052655493837109,27.3,0.7499999999999999,102.3,1.6145970821380615,600000,488,0.0008133333333333,200000,137,0.000685,200000
temporal_robustness_v1,2026-09-23 18:49:01,202,D3_PaySim,RANDOM_STRATIFIED_SAFE,lightgbm,strict,False,1000000,749,1000000.0,0.02,200000,150,0.00075,131,614,199236,19,0.8733333333333333,0.1758389261744966,0.2927374301675978,0.3910789957751806,0.7365784954678389,0.997784271536986,0.000623646091345,30.7,0.95,125.7,22.843836307525635,600000,449,0.0007483333333333,200000,150,0.00075,200000
temporal_robustness_v1,2026-09-23 18:48:05,202,D3_PaySim,RANDOM_STRATIFIED_SAFE,xgboost,strict,False,1000000,749,1000000.0,0.46,200000,150,0.00075,133,1228,198622,17,0.8866666666666667,0.0977222630418809,0.1760423560555923,0.2932085452473139,0.6889422773525679,0.9967313318322076,0.0043903233521235,61.4,0.8500000000000001,146.4,1.6604771614074707,600000,449,0.0007483333333333,200000,150,0.00075,200000
temporal_robustness_v1,2026-09-23 18:51:27,303,D1_creditcard,CHRONOLOGICAL_SAFE,lightgbm,strict,False,283726,473,,0.01,56746,74,0.0013040566735981,56,8,56664,18,0.7567567567567568,0.875,0.8115942028985508,0.8135099093879182,0.8006795818453205,0.972014160193508,0.0004651472334419,1.4097909984844748,3.172029746590068,318.6127656574913,16.360660314559937,170235,342,0.0020089875759978,56745,57,0.0010044937879989,56746
temporal_robustness_v1,2026-09-23 18:51:02,303,D1_creditcard,CHRONOLOGICAL_SAFE,xgboost,strict,False,283726,473,,0.02,56746,74,0.0013040566735981,59,90,56582,15,0.7972972972972973,0.3959731543624161,0.5291479820627802,0.5611315338169065,0.7883816357493586,0.9761396065743893,0.0004623371156074,15.86014873295034,2.64335812215839,280.1959609487894,1.7266552448272705,170235,342,0.0020089875759978,56745,57,0.0010044937879989,56746
temporal_robustness_v1,2026-09-23 18:50:55,303,D1_creditcard,RANDOM_STRATIFIED_SAFE,lightgbm,strict,False,283726,473,,0.07,56746,95,0.0016741268107003,72,14,56637,23,0.7578947368421053,0.8372093023255814,0.7955801104972375,0.7962424723314149,0.8013748449296684,0.9810289965615882,0.0005666451579507,2.467134247347831,4.053149120642864,407.7820463116343,18.475994348526,170235,283,0.0016624078479748,56745,95,0.0016741563133315,56746
temporal_robustness_v1,2026-09-23 18:50:28,303,D1_creditcard,RANDOM_STRATIFIED_SAFE,xgboost,strict,False,283726,473,,0.02,56746,95,0.0016741268107003,77,92,56559,18,0.8105263157894737,0.4556213017751479,0.5833333333333334,0.6068737787233589,0.7922134880916211,0.9821527747454636,0.0005930368142439,16.212596482571456,3.172029746590068,333.41557114157825,1.6558640003204346,170235,283,0.0016624078479748,56745,95,0.0016741563133315,56746
temporal_robustness_v1,2026-09-23 18:52:50,303,D2_fraudTest,CHRONOLOGICAL_SAFE,lightgbm,strict,False,555719,2145,,0.01,111144,184,0.0016555099690491,172,1298,109662,12,0.9347826086956522,0.1170068027210884,0.2079806529625151,0.3284907759117165,0.6972809622952444,0.994678556314849,0.0012163150186832,116.78543151227235,1.0796804145972791,224.75347297200028,16.443726778030396,333431,1560,0.0046786291616556,111144,401,0.0036079320521125,111144
temporal_robustness_v1,2026-09-23 18:52:18,303,D2_fraudTest,CHRONOLOGICAL_SAFE,xgboost,strict,False,555719,2145,,0.42,111144,184,0.0016555099690491,171,1209,109751,13,0.9293478260869564,0.1239130434782608,0.2186700767263427,0.3371934250043839,0.615243559143179,0.9968033917432056,0.0070079550079485,108.77780177067588,1.169653782480386,225.74318001871447,1.235910415649414,333431,1560,0.0046786291616556,111144,401,0.0036079320521125,111144
temporal_robustness_v1,2026-09-23 18:52:09,303,D2_fraudTest,RANDOM_STRATIFIED_SAFE,lightgbm,strict,False,555719,2145,,0.01,111144,429,0.0038598574821852,420,1301,109414,9,0.9790209790209792,0.2440441603718768,0.3906976744186046,0.4857746994867186,0.9371150463664716,0.9978199869948956,0.0011222732064156,117.05535161592168,0.8097603109479594,198.0313827107176,16.592423915863037,333431,1287,0.0038598690583658,111144,429,0.0038598574821852,111144
temporal_robustness_v1,2026-09-23 18:51:36,303,D2_fraudTest,RANDOM_STRATIFIED_SAFE,xgboost,strict,False,555719,2145,,0.46,111144,429,0.0038598574821852,408,938,109777,21,0.951048951048951,0.3031203566121842,0.4597183098591549,0.5343537427164227,0.893094084320128,0.9958252393559264,0.0060000027479187,84.395019074354,1.8894407255452383,273.33909162887784,1.2884845733642578,333431,1287,0.0038598690583658,111144,429,0.0038598574821852,111144
temporal_robustness_v1,2026-09-23 18:55:29,303,D3_PaySim,CHRONOLOGICAL_SAFE,lightgbm,strict,False,1000000,749,1000000.0,0.05,200000,124,0.00062,110,543,199333,14,0.8870967741935484,0.1684532924961715,0.2831402831402831,0.385894582184964,0.7459091075706885,0.9981518581843324,0.0006385789759476,27.15,0.7,97.15,19.90884304046631,600000,488,0.0008133333333333,200000,137,0.000685,200000
temporal_robustness_v1,2026-09-23 18:54:36,303,D3_PaySim,CHRONOLOGICAL_SAFE,xgboost,strict,False,1000000,749,1000000.0,0.83,200000,124,0.00062,105,469,199407,19,0.8467741935483871,0.1829268292682926,0.3008595988538682,0.3929224316121438,0.7031802338589366,0.9963853193818878,0.0055203808341006,23.45,0.95,118.45,1.6172537803649902,600000,488,0.0008133333333333,200000,137,0.000685,200000
temporal_robustness_v1,2026-09-23 18:54:11,303,D3_PaySim,RANDOM_STRATIFIED_SAFE,lightgbm,strict,False,1000000,749,1000000.0,0.02,200000,150,0.00075,131,743,199107,19,0.8733333333333333,0.1498855835240274,0.255859375,0.3609153049130072,0.7333677124827859,0.9984741222583604,0.0006610217416845,37.15,0.95,132.15,21.07076382637024,600000,449,0.0007483333333333,200000,150,0.00075,200000
temporal_robustness_v1,2026-09-23 18:53:15,303,D3_PaySim,RANDOM_STRATIFIED_SAFE,xgboost,strict,False,1000000,749,1000000.0,0.68,200000,150,0.00075,132,791,199059,18,0.88,0.1430119176598049,0.2460391425908667,0.3538435269223874,0.6719938374747797,0.9980607288799932,0.0053102162451482,39.55,0.9,129.54999999999998,1.6079051494598389,600000,449,0.0007483333333333,200000,150,0.00075,200000
temporal_robustness_v1,2026-09-23 18:56:35,404,D1_creditcard,CHRONOLOGICAL_SAFE,lightgbm,strict,False,283726,473,,0.01,56746,74,0.0013040566735981,56,8,56664,18,0.7567567567567568,0.875,0.8115942028985508,0.8135099093879182,0.8006795818453205,0.972014160193508,0.0004651472334419,1.4097909984844748,3.172029746590068,318.6127656574913,16.345453023910522,170235,342,0.0020089875759978,56745,57,0.0010044937879989,56746
temporal_robustness_v1,2026-09-23 18:56:10,404,D1_creditcard,CHRONOLOGICAL_SAFE,xgboost,strict,False,283726,473,,0.01,56746,74,0.0013040566735981,61,151,56521,13,0.8243243243243243,0.2877358490566037,0.4265734265734265,0.4860370966498213,0.786419261997772,0.9742804015901844,0.0004787763170857,26.60980509639446,2.2909103725372715,255.7008423501216,1.6449830532073977,170235,342,0.0020089875759978,56745,57,0.0010044937879989,56746
temporal_robustness_v1,2026-09-23 18:56:02,404,D1_creditcard,RANDOM_STRATIFIED_SAFE,lightgbm,strict,False,283726,473,,0.02,56746,95,0.0016741268107003,80,11,56640,15,0.8421052631578947,0.8791208791208791,0.8602150537634409,0.860185279157364,0.8821253915147081,0.9885457496453354,0.0003622277617707,1.9384626229161528,2.64335812215839,266.2742748387552,16.74973201751709,170235,283,0.0016624078479748,56745,95,0.0016741563133315,56746
temporal_robustness_v1,2026-09-23 18:55:36,404,D1_creditcard,RANDOM_STRATIFIED_SAFE,xgboost,strict,False,283726,473,,0.01,56746,95,0.0016741268107003,86,219,56432,9,0.9052631578947368,0.2819672131147541,0.43,0.5040047346420131,0.8804980498666694,0.9905420910487016,0.0003755399436626,38.59302858351249,1.586014873295034,197.1945159130159,1.7894611358642578,170235,283,0.0016624078479748,56745,95,0.0016741563133315,56746
temporal_robustness_v1,2026-09-23 18:57:54,404,D2_fraudTest,CHRONOLOGICAL_SAFE,lightgbm,strict,False,555719,2145,,0.02,111144,184,0.0016555099690491,171,1056,109904,13,0.9293478260869564,0.1393643031784841,0.2423812898653437,0.3578865751670918,0.6988177484404927,0.9965053995172564,0.001271183056637,95.01187648456056,1.169653782480386,211.97725473259916,13.593063592910768,333431,1560,0.0046786291616556,111144,401,0.0036079320521125,111144
temporal_robustness_v1,2026-09-23 18:57:24,404,D2_fraudTest,CHRONOLOGICAL_SAFE,xgboost,strict,False,555719,2145,,0.37,111144,184,0.0016555099690491,174,1305,109655,10,0.9456521739130436,0.1176470588235294,0.2092603728202044,0.3313372781944518,0.6419717568448258,0.9972237841290242,0.0065090102300988,117.41524508745412,0.899733678831066,207.38861297056076,1.2167143821716309,333431,1560,0.0046786291616556,111144,401,0.0036079320521125,111144
temporal_robustness_v1,2026-09-23 18:57:16,404,D2_fraudTest,RANDOM_STRATIFIED_SAFE,lightgbm,strict,False,555719,2145,,0.04,111144,429,0.0038598574821852,411,746,109969,18,0.958041958041958,0.355229040622299,0.5182849936948297,0.5811842208485889,0.9272515418749429,0.9971198020242864,0.001283375038945,67.12013244079752,1.6195206218959188,229.0721946303894,14.152806758880615,333431,1287,0.0038598690583658,111144,429,0.0038598574821852,111144
temporal_robustness_v1,2026-09-23 18:56:44,404,D2_fraudTest,RANDOM_STRATIFIED_SAFE,xgboost,strict,False,555719,2145,,0.42,111144,429,0.0038598574821852,407,1049,109666,22,0.9487179487179488,0.279532967032967,0.4318302387267904,0.5122119165309087,0.8829421432500394,0.9959348153088838,0.0060940308808738,94.38206290937885,1.979414093428345,292.3234722522133,1.3502464294433594,333431,1287,0.0038598690583658,111144,429,0.0038598574821852,111144
temporal_robustness_v1,2026-09-23 19:00:33,404,D3_PaySim,CHRONOLOGICAL_SAFE,lightgbm,strict,False,1000000,749,1000000.0,0.02,200000,124,0.00062,116,838,199038,8,0.935483870967742,0.1215932914046121,0.2152133580705009,0.3364540693348963,0.7426325966625157,0.9977244157506688,0.000596156986147,41.9,0.4,81.89999999999999,22.78885698318481,600000,488,0.0008133333333333,200000,137,0.000685,200000
temporal_robustness_v1,2026-09-23 18:59:38,404,D3_PaySim,CHRONOLOGICAL_SAFE,xgboost,strict,False,1000000,749,1000000.0,0.84,200000,124,0.00062,105,410,199466,19,0.8467741935483871,0.203883495145631,0.3286384976525822,0.4149031282921941,0.7139800577056187,0.9965668633907862,0.0054010847839516,20.5,0.95,115.5,1.617685079574585,600000,488,0.0008133333333333,200000,137,0.000685,200000
temporal_robustness_v1,2026-09-23 18:59:13,404,D3_PaySim,RANDOM_STRATIFIED_SAFE,lightgbm,strict,False,1000000,749,1000000.0,0.01,200000,150,0.00075,136,952,198898,14,0.9066666666666666,0.125,0.2197092084006462,0.3356700883435383,0.7518553197626608,0.9983663914602618,0.0006602755268181,47.6,0.7,117.6,19.703253507614136,600000,449,0.0007483333333333,200000,150,0.00075,200000
temporal_robustness_v1,2026-09-23 18:58:19,404,D3_PaySim,RANDOM_STRATIFIED_SAFE,xgboost,strict,False,1000000,749,1000000.0,0.48,200000,150,0.00075,138,1381,198469,12,0.92,0.0908492429229756,0.1653684841222288,0.2879206730327116,0.7547193124967452,0.9926789258610624,0.0049482061049039,69.05,0.6,129.05,1.6604156494140625,600000,449,0.0007483333333333,200000,150,0.00075,200000
temporal_robustness_v1,2026-09-23 18:35:59,42,D1_creditcard,CHRONOLOGICAL_SAFE,lightgbm,strict,False,283726,473,,0.01,56746,74,0.0013040566735981,56,8,56664,18,0.7567567567567568,0.875,0.8115942028985508,0.8135099093879182,0.8006795818453205,0.972014160193508,0.0004651472334419,1.4097909984844748,3.172029746590068,318.6127656574913,17.15016770362854,170235,342,0.0020089875759978,56745,57,0.0010044937879989,56746
temporal_robustness_v1,2026-09-23 18:35:33,42,D1_creditcard,CHRONOLOGICAL_SAFE,xgboost,strict,False,283726,473,,0.01,56746,74,0.0013040566735981,60,159,56513,14,0.8108108108108109,0.273972602739726,0.409556313993174,0.4702883876691504,0.7865879270024202,0.9797607284020328,0.0004673594543615,28.01959609487893,2.467134247347831,274.733020829662,1.7274353504180908,170235,342,0.0020089875759978,56745,57,0.0010044937879989,56746
temporal_robustness_v1,2026-09-23 18:35:26,42,D1_creditcard,RANDOM_STRATIFIED_SAFE,lightgbm,strict,False,283726,473,,0.01,56746,95,0.0016741268107003,75,8,56643,20,0.7894736842105263,0.9036144578313252,0.8426966292134831,0.844377655314039,0.8243967400545607,0.9737316849519078,0.0004785056839266,1.4097909984844748,3.524477496211187,353.8575406196032,17.79763913154602,170235,284,0.0016682820806532,56745,94,0.0016565336152965,56746
temporal_robustness_v1,2026-09-23 18:35:00,42,D1_creditcard,RANDOM_STRATIFIED_SAFE,xgboost,strict,False,283726,473,,0.07,56746,95,0.0016741268107003,77,45,56606,18,0.8105263157894737,0.6311475409836066,0.7096774193548387,0.7147047952234454,0.8174215514896195,0.969309595501171,0.000465302063339,7.93007436647517,3.172029746590068,325.133049025482,4.37221097946167,170235,284,0.0016682820806532,56745,94,0.0016565336152965,56746
temporal_robustness_v1,2026-09-23 18:37:26,42,D2_fraudTest,CHRONOLOGICAL_SAFE,lightgbm,strict,False,555719,2145,,0.01,111144,184,0.0016555099690491,173,1605,109355,11,0.9402173913043478,0.0973003374578177,0.1763506625891947,0.2999715654191646,0.6820549362137526,0.9968871469546408,0.0014155951248897,144.4072554523861,0.9897070467141724,243.37796012380332,16.0121169090271,333431,1560,0.0046786291616556,111144,401,0.0036079320521125,111144
temporal_robustness_v1,2026-09-23 18:36:53,42,D2_fraudTest,CHRONOLOGICAL_SAFE,xgboost,strict,False,555719,2145,,0.36,111144,184,0.0016555099690491,176,1369,109591,8,0.9565217391304348,0.113915857605178,0.2035858877964141,0.3278545505952235,0.6006017418484679,0.996832191780822,0.0065061173582314,123.17354063197294,0.7197869430648528,195.1522349384582,1.2552616596221924,333431,1560,0.0046786291616556,111144,401,0.0036079320521125,111144
temporal_robustness_v1,2026-09-23 18:36:45,42,D2_fraudTest,RANDOM_STRATIFIED_SAFE,lightgbm,strict,False,555719,2145,,0.03,111144,429,0.0038598574821852,411,691,110024,18,0.958041958041958,0.3729582577132486,0.5369039843239712,0.5956729337303581,0.9278436383229136,0.9977959748180586,0.0012061354837033,62.17159720722666,1.6195206218959188,224.1236593968185,15.631340742111206,333431,1287,0.0038598690583658,111144,429,0.0038598574821852,111144
temporal_robustness_v1,2026-09-23 18:36:11,42,D2_fraudTest,RANDOM_STRATIFIED_SAFE,xgboost,strict,False,555719,2145,,0.25,111144,429,0.0038598574821852,414,1420,109295,15,0.965034965034965,0.2257360959651036,0.3658859920459567,0.4634839051473299,0.8923037809601,0.9974242018951408,0.0051138733411021,127.76218239401136,1.349600518246599,262.7222342186713,1.3099119663238523,333431,1287,0.0038598690583658,111144,429,0.0038598574821852,111144
temporal_robustness_v1,2026-09-23 18:40:06,42,D3_PaySim,CHRONOLOGICAL_SAFE,lightgbm,strict,False,1000000,749,1000000.0,0.03,200000,124,0.00062,113,709,199167,11,0.9112903225806452,0.1374695863746958,0.2389006342494714,0.3531811713312698,0.7303275495901379,0.9936803963618734,0.0006445601526493,35.45,0.55,90.45,21.07478499412537,600000,488,0.0008133333333333,200000,137,0.000685,200000
temporal_robustness_v1,2026-09-23 18:39:12,42,D3_PaySim,CHRONOLOGICAL_SAFE,xgboost,strict,False,1000000,749,1000000.0,0.77,200000,124,0.00062,106,560,199316,18,0.8548387096774194,0.1591591591591591,0.2683544303797468,0.3681474549625607,0.7147808046310209,0.9949016979236804,0.0052935426976002,28.0,0.9,118.0,1.613093614578247,600000,488,0.0008133333333333,200000,137,0.000685,200000
temporal_robustness_v1,2026-09-23 18:38:48,42,D3_PaySim,RANDOM_STRATIFIED_SAFE,lightgbm,strict,False,1000000,749,1000000.0,0.01,200000,150,0.00075,142,888,198962,8,0.9466666666666668,0.1378640776699029,0.2406779661016949,0.3603621329827561,0.790428891040969,0.9988781752981404,0.0006622480871972,44.400000000000006,0.4,84.39999999999999,21.44652628898621,600000,449,0.0007483333333333,200000,150,0.00075,200000
temporal_robustness_v1,2026-09-23 18:37:53,42,D3_PaySim,RANDOM_STRATIFIED_SAFE,xgboost,strict,False,1000000,749,1000000.0,0.58,200000,150,0.00075,142,1110,198740,8,0.9466666666666668,0.1134185303514377,0.202567760342368,0.3266522847379119,0.7621380997427408,0.9982207989325328,0.0052137129520341,55.5,0.4,95.5,1.59670090675354,600000,449,0.0007483333333333,200000,150,0.00075,200000
