axis,dataset,model,metric,reference,perturbed,delta_mean,ci_low_median,ci_high_median,interpretation_counts
leakage,D2_fraudTest,xgboost,mcc,SAFE_STRICT,UNSAFE_SMOTE_BEFORE_SPLIT,0.4721069242432064,0.4587704812291888,0.4834555108426452,"{""fragile"": 5}"
leakage,D2_fraudTest,lightgbm,mcc,SAFE_STRICT,UNSAFE_SMOTE_BEFORE_SPLIT,0.3613565581737739,0.3762582719815804,0.4061510294788402,"{""fragile"": 5}"
leakage,D1_creditcard,xgboost,mcc,SAFE_STRICT,UNSAFE_SMOTE_BEFORE_SPLIT,0.3573040913057993,0.2750373686532169,0.3776881314892973,"{""fragile"": 5}"
leakage,D1_creditcard,xgboost,average_precision,SAFE_STRICT,UNSAFE_SMOTE_BEFORE_SPLIT,0.1422382596246245,0.0847011951629124,0.2146888536727641,"{""fragile"": 5}"
leakage,D1_creditcard,lightgbm,average_precision,SAFE_STRICT,UNSAFE_SMOTE_BEFORE_SPLIT,0.1403574847347149,0.0807139358047171,0.2145012332866316,"{""fragile"": 5}"
leakage,D3_PaySim,xgboost,mcc,D3_STRICT_SAFE,D3_LEDGER_STATE_SAFE,0.1293675782562233,0.1262339619286195,0.1517420441819831,"{""fragile"": 4, ""robust"": 1}"
temporal,D2_fraudTest,xgboost,average_precision,RANDOM_STRATIFIED_SAFE,CHRONOLOGICAL_SAFE,-0.2771461441278899,-0.3535647387258935,-0.201762758290614,"{""fragile"": 5}"
temporal,D2_fraudTest,lightgbm,average_precision,RANDOM_STRATIFIED_SAFE,CHRONOLOGICAL_SAFE,-0.2448941008617097,-0.3079832647443742,-0.1857197140332045,"{""fragile"": 5}"
temporal,D2_fraudTest,lightgbm,mcc,RANDOM_STRATIFIED_SAFE,CHRONOLOGICAL_SAFE,-0.2423439947876043,-0.2877171032053734,-0.2450072251622859,"{""fragile"": 5}"
temporal,D2_fraudTest,xgboost,mcc,RANDOM_STRATIFIED_SAFE,CHRONOLOGICAL_SAFE,-0.2077198673784697,-0.2178450192804271,-0.1763297090838893,"{""fragile"": 5}"
