run_name,timestamp,seed,dataset,model,feature_policy,smoke_test,rows_used,fraud_rows_used,cap_used,calibrator,fit_seconds,train_n,train_fraud,calibration_n,calibration_fraud,threshold,n_test,test_fraud,test_prevalence,tp,fp,tn,fn,recall,precision,f1,mcc,average_precision,roc_auc,brier,log_loss,ece,mce,mean_score,false_alerts_per_10k,missed_frauds_per_10k,cost_per_10k,raw_brier,raw_ece,raw_mce,raw_log_loss,raw_cost_per_10k,raw_mcc,raw_precision,raw_recall,brier_reduction,ece_reduction,mce_reduction,log_loss_reduction,cost_delta_per_10k,mcc_delta,precision_delta,recall_delta
calibration_recalibration_v1,2026-09-23 19:55:42,101,D1_creditcard,lightgbm,strict,False,283726,473,,RAW,16.366623401641846,170235,283,56745,95,0.01,56746,95,0.0016741268107003,75,12,56639,20,0.7894736842105263,0.8620689655172413,0.8241758241758241,0.8246936129748299,0.8073644259508771,0.9255794248998253,0.0004685263994582,0.0051195265624259,0.00048808247904,0.8442565918721607,0.0013700899764393,2.114686497726712,3.524477496211187,354.5624361188454,0.0004685263994582,0.00048808247904,0.8442565918721607,0.0051195265624259,354.5624361188454,0.8246936129748299,0.8620689655172413,0.7894736842105263,0.0,0.0,0.0,0.0,0.0,0.0,0.0,0.0
calibration_recalibration_v1,2026-09-23 19:55:42,101,D1_creditcard,lightgbm,strict,False,283726,473,,PLATT_SIGMOID,16.366623401641846,170235,283,56745,95,0.01,56746,95,0.0016741268107003,73,6,56645,22,0.7684210526315789,0.9240506329113924,0.8390804597701149,0.8424154598615428,0.8073644259508771,0.9255794248998253,0.0004934902845312,0.0038366605928765,0.0002444308660338,0.8555932927652456,0.001585688931745,1.0573432488633558,3.8769252458323056,388.74986783209386,0.0004685263994582,0.00048808247904,0.8442565918721607,0.0051195265624259,354.5624361188454,0.8246936129748299,0.8620689655172413,0.7894736842105263,-2.4963885072999995e-05,0.0002436516130062,-0.011336700893084917,0.0012828659695494002,34.18743171324843,0.017721846886712855,0.06198166739415112,-0.021052631578947434
calibration_recalibration_v1,2026-09-23 19:55:42,101,D1_creditcard,lightgbm,strict,False,283726,473,,ISOTONIC,16.366623401641846,170235,283,56745,95,0.01,56746,95,0.0016741268107003,81,312,56339,14,0.8526315789473684,0.2061068702290076,0.3319672131147541,0.4175974829438562,0.7876215079981501,0.9257589172486388,0.0004533860641104,0.003204571619823,0.0002753810813839,0.75,0.0015719260805986,54.98184894089452,2.467134247347831,301.6952736756776,0.0004685263994582,0.00048808247904,0.8442565918721607,0.0051195265624259,354.5624361188454,0.8246936129748299,0.8620689655172413,0.7894736842105263,1.5140335347800006e-05,0.00021270139765609998,0.09425659187216073,0.0019149549426029002,-52.86716244316784,-0.4070961300309737,-0.6559620952882337,0.06315789473684208
calibration_recalibration_v1,2026-09-23 19:55:16,101,D1_creditcard,xgboost,strict,False,283726,473,,RAW,1.6731009483337402,170235,283,56745,95,0.06,56746,95,0.0016741268107003,79,46,56605,16,0.8315789473684211,0.632,0.7181818181818181,0.7244376846095038,0.817355350811781,0.9729988507658618,0.0004855326254042,0.0033220472348246,0.0003167651138676,0.7395565509796143,0.0017545439539451,8.106298241285728,2.819581996968949,290.0644979381807,0.0004855326254042,0.0003167651138676,0.7395565509796143,0.0033220472348246,290.0644979381807,0.7244376846095038,0.632,0.8315789473684211,0.0,0.0,0.0,0.0,0.0,0.0,0.0,0.0
calibration_recalibration_v1,2026-09-23 19:55:16,101,D1_creditcard,xgboost,strict,False,283726,473,,PLATT_SIGMOID,1.6731009483337402,170235,283,56745,95,0.35,56746,95,0.0016741268107003,75,6,56645,20,0.7894736842105263,0.925925925925926,0.8522727272727273,0.8547616493116376,0.817355350811781,0.9729988507658618,0.0004546953607341,0.0034283779389598,0.0002813345956829,0.3229606031473381,0.0016503951210838,1.0573432488633558,3.524477496211187,353.50509286998204,0.0004855326254042,0.0003167651138676,0.7395565509796143,0.0033220472348246,290.0644979381807,0.7244376846095038,0.632,0.8315789473684211,3.0837264670099994e-05,3.543051818470004e-05,0.41659594783227616,-0.00010633070413519977,63.44059493180134,0.1303239647021338,0.29392592592592603,-0.04210526315789476
calibration_recalibration_v1,2026-09-23 19:55:16,101,D1_creditcard,xgboost,strict,False,283726,473,,ISOTONIC,1.6731009483337402,170235,283,56745,95,0.01,56746,95,0.0016741268107003,80,187,56464,15,0.8421052631578947,0.299625468164794,0.4419889502762431,0.5011031550603763,0.8114854174346797,0.9690904327419314,0.0004260062331841,0.0030072389197843,0.0001751341748511,0.4803086846277068,0.0016299432616756,32.9538645895746,2.64335812215839,297.2896768054136,0.0004855326254042,0.0003167651138676,0.7395565509796143,0.0033220472348246,290.0644979381807,0.7244376846095038,0.632,0.8315789473684211,5.95263922201e-05,0.0001416309390165,0.25924786635190744,0.0003148083150403,7.2251788672328985,-0.22333452954912747,-0.332374531835206,0.010526315789473606
calibration_recalibration_v1,2026-09-23 19:56:29,101,D2_fraudTest,lightgbm,strict,False,555719,2145,,RAW,16.055419445037842,333431,1287,111144,429,0.02,111144,429,0.0038598574821852,410,797,109918,19,0.9557109557109555,0.3396851698425849,0.5012224938875306,0.5674783091363957,0.923852167906369,0.996371329524019,0.0011494578766542,0.0048354812490848,0.0012811769634723,0.5398732990248513,0.0051410344456576,71.70877420283595,1.7094939897790256,242.6581731807385,0.0011494578766542,0.0012811769634723,0.5398732990248513,0.0048354812490848,242.6581731807385,0.5674783091363957,0.3396851698425849,0.9557109557109555,0.0,0.0,0.0,0.0,0.0,0.0,0.0,0.0
calibration_recalibration_v1,2026-09-23 19:56:29,101,D2_fraudTest,lightgbm,strict,False,555719,2145,,PLATT_SIGMOID,16.055419445037842,333431,1287,111144,429,0.01,111144,429,0.0038598574821852,395,178,110537,34,0.9207459207459208,0.6893542757417103,0.7884231536926147,0.7958198354902132,0.923852167906369,0.996371329524019,0.0008781755174497,0.0045709874898073,0.0003742209840073,0.4695173434118566,0.0039060193138818,16.015259483192974,3.059094508025624,321.92471028575545,0.0011494578766542,0.0012811769634723,0.5398732990248513,0.0048354812490848,242.6581731807385,0.5674783091363957,0.3396851698425849,0.9557109557109555,0.0002712823592045,0.000906955979465,0.07035595561299468,0.0002644937592774996,79.26653710501697,0.22834152635381744,0.34966910589912537,-0.03496503496503478
calibration_recalibration_v1,2026-09-23 19:56:29,101,D2_fraudTest,lightgbm,strict,False,555719,2145,,ISOTONIC,16.055419445037842,333431,1287,111144,429,0.01,111144,429,0.0038598574821852,413,959,109756,16,0.9627039627039627,0.3010204081632653,0.4586340921710161,0.5357677475117636,0.9032579386272642,0.9961538619444053,0.0007792632885434,0.0039068381942902,0.0002833601836781,0.225861732100679,0.0039383744428768,86.28445979989922,1.4395738861297056,230.2418484128698,0.0011494578766542,0.0012811769634723,0.5398732990248513,0.0048354812490848,242.6581731807385,0.5674783091363957,0.3396851698425849,0.9557109557109555,0.0003701945881108,0.0009978167797942,0.31401156692417226,0.0009286430547945992,-12.416324767868673,-0.03171056162463215,-0.03866476167931959,0.0069930069930072
calibration_recalibration_v1,2026-09-23 19:55:53,101,D2_fraudTest,xgboost,strict,False,555719,2145,,RAW,1.3412644863128662,333431,1287,111144,429,0.4,111144,429,0.0038598574821852,408,992,109723,21,0.951048951048951,0.2914285714285714,0.4461454346637507,0.5238047165774087,0.8789105816696399,0.9963933941985696,0.0054735821911561,0.0217062369412543,0.0137615992422227,0.7493887013051568,0.017621456724408,89.25358094004176,1.8894407255452383,278.1976534945656,0.0054735821911561,0.0137615992422227,0.7493887013051568,0.0217062369412543,278.1976534945656,0.5238047165774087,0.2914285714285714,0.951048951048951,0.0,0.0,0.0,0.0,0.0,0.0,0.0,0.0
calibration_recalibration_v1,2026-09-23 19:55:53,101,D2_fraudTest,xgboost,strict,False,555719,2145,,PLATT_SIGMOID,1.3412644863128662,333431,1287,111144,429,0.01,111144,429,0.0038598574821852,405,839,109876,24,0.944055944055944,0.3255627009646302,0.484160191273162,0.5519762453219292,0.8789105816696399,0.9963933941985696,0.001465821097817,0.0058293772405925,0.0016195220729746,0.2791425676126002,0.0037431763423803,75.48765565392644,2.1593608291945583,291.42373857338225,0.0054735821911561,0.0137615992422227,0.7493887013051568,0.0217062369412543,278.1976534945656,0.5238047165774087,0.2914285714285714,0.951048951048951,0.0040077610933391,0.0121420771692481,0.4702461336925566,0.0158768597006618,13.226085078816652,0.028171528744520558,0.034134129536058766,-0.006993006993007089
calibration_recalibration_v1,2026-09-23 19:55:53,101,D2_fraudTest,xgboost,strict,False,555719,2145,,ISOTONIC,1.3412644863128662,333431,1287,111144,429,0.01,111144,429,0.0038598574821852,408,989,109726,21,0.951048951048951,0.2920544022906227,0.4468784227820372,0.524374754263943,0.8624305223213509,0.9954323491920024,0.0010746480453981,0.0046263347232684,0.0001826970902013,0.6151928005244651,0.0037414630570535,88.98366083639243,1.8894407255452383,277.9277333909163,0.0054735821911561,0.0137615992422227,0.7493887013051568,0.0217062369412543,278.1976534945656,0.5238047165774087,0.2914285714285714,0.951048951048951,0.004398934145758,0.0135789021520214,0.13419590078069166,0.0170799022179859,-0.2699201036493264,0.0005700376865342971,0.0006258308620512576,0.0
calibration_recalibration_v1,2026-09-23 19:57:58,101,D3_PaySim,lightgbm,strict,False,1000000,749,1000000.0,RAW,23.938368558883667,600000,449,200000,150,0.02,200000,150,0.00075,135,634,199216,15,0.9,0.1755526657997399,0.2937976060935799,0.3967026063526547,0.762995134184466,0.9984802935534984,0.0005716026333341,0.0025816271359649,0.0005854938190214,0.5732147216471966,0.0013354938190214,31.7,0.7499999999999999,106.7,0.0005716026333341,0.0005854938190214,0.5732147216471966,0.0025816271359649,106.7,0.3967026063526547,0.1755526657997399,0.9,0.0,0.0,0.0,0.0,0.0,0.0,0.0,0.0
calibration_recalibration_v1,2026-09-23 19:57:58,101,D3_PaySim,lightgbm,strict,False,1000000,749,1000000.0,PLATT_SIGMOID,23.938368558883667,600000,449,200000,150,0.01,200000,150,0.00075,117,110,199740,33,0.78,0.5154185022026432,0.6206896551724138,0.633730213460718,0.762995134184466,0.9984802935534984,0.0003789741513817,0.0021318689202859,0.0001854302031998,0.2602490718702257,0.0006928077815434,5.5,1.65,170.5,0.0005716026333341,0.0005854938190214,0.5732147216471966,0.0025816271359649,106.7,0.3967026063526547,0.1755526657997399,0.9,0.00019262848195239994,0.0004000636158216001,0.31296564977697083,0.000449758215679,63.8,0.2370276071080633,0.33986583640290324,-0.12
calibration_recalibration_v1,2026-09-23 19:57:58,101,D3_PaySim,lightgbm,strict,False,1000000,749,1000000.0,ISOTONIC,23.938368558883667,600000,449,200000,150,0.01,200000,150,0.00075,142,1425,198425,8,0.9466666666666668,0.0906190172303765,0.1654047757716948,0.2917224359606498,0.7095909287311024,0.9981264448336252,0.0003192681921259,0.0015172866771005,8.744455627985805e-05,0.4567130117569654,0.0007186843799439,71.25,0.4,111.25,0.0005716026333341,0.0005854938190214,0.5732147216471966,0.0025816271359649,106.7,0.3967026063526547,0.1755526657997399,0.9,0.00025233444120819997,0.000498049262741542,0.11650170989023118,0.0010643404588643998,4.549999999999997,-0.10498017039200491,-0.0849336485693634,0.046666666666666745
calibration_recalibration_v1,2026-09-23 19:56:58,101,D3_PaySim,xgboost,strict,False,1000000,749,1000000.0,RAW,1.669284105300903,600000,449,200000,150,0.66,200000,150,0.00075,136,760,199090,14,0.9066666666666666,0.1517857142857142,0.260038240917782,0.3701058552786143,0.6805937326626208,0.99813288299558,0.0046942302365412,0.0165735257316976,0.0097241164706558,0.808916854127398,0.0104741164706558,38.0,0.7,108.0,0.0046942302365412,0.0097241164706558,0.808916854127398,0.0165735257316976,108.0,0.3701058552786143,0.1517857142857142,0.9066666666666666,0.0,0.0,0.0,0.0,0.0,0.0,0.0,0.0
calibration_recalibration_v1,2026-09-23 19:56:58,101,D3_PaySim,xgboost,strict,False,1000000,749,1000000.0,PLATT_SIGMOID,1.669284105300903,600000,449,200000,150,0.02,200000,150,0.00075,136,790,199060,14,0.9066666666666666,0.1468682505399568,0.2527881040892193,0.3640281558523873,0.6805937326626208,0.99813288299558,0.0005393937047771,0.0021320258450847,0.0004267319930041,0.1680658733500549,0.0007380800635605,39.50000000000001,0.7,109.5,0.0046942302365412,0.0097241164706558,0.808916854127398,0.0165735257316976,108.0,0.3701058552786143,0.1517857142857142,0.9066666666666666,0.0041548365317641,0.0092973844776517,0.640850980777343,0.014441499886612901,1.5,-0.00607769942622699,-0.004917463745757383,0.0
calibration_recalibration_v1,2026-09-23 19:56:58,101,D3_PaySim,xgboost,strict,False,1000000,749,1000000.0,ISOTONIC,1.669284105300903,600000,449,200000,150,0.01,200000,150,0.00075,135,755,199095,15,0.9,0.1516853932584269,0.2596153846153846,0.3686140185584037,0.641367707430053,0.9978317071136684,0.0003826226304302,0.0016927730511634,8.132430261788772e-05,0.2352941176470588,0.0007336619649555,37.75,0.7499999999999999,112.75,0.0046942302365412,0.0097241164706558,0.808916854127398,0.0165735257316976,108.0,0.3701058552786143,0.1517857142857142,0.9066666666666666,0.004311607606110999,0.009642792168037912,0.5736227364803392,0.0148807526805342,4.75,-0.001491836720210582,-0.00010032102728729786,-0.006666666666666599
calibration_recalibration_v1,2026-09-23 19:58:36,202,D1_creditcard,lightgbm,strict,False,283726,473,,RAW,17.36438775062561,170235,283,56745,95,0.01,56746,95,0.0016741268107003,83,12,56639,12,0.8736842105263158,0.8736842105263158,0.8736842105263158,0.8734723872575297,0.8868439251394351,0.9520193353766228,0.0003432809270251,0.0033478871408704,0.0003508148862692,0.5451099440162882,0.0015165118888137,2.114686497726712,2.114686497726712,213.58333627039792,0.0003432809270251,0.0003508148862692,0.5451099440162882,0.0033478871408704,213.58333627039792,0.8734723872575297,0.8736842105263158,0.8736842105263158,0.0,0.0,0.0,0.0,0.0,0.0,0.0,0.0
calibration_recalibration_v1,2026-09-23 19:58:36,202,D1_creditcard,lightgbm,strict,False,283726,473,,PLATT_SIGMOID,17.36438775062561,170235,283,56745,95,0.35,56746,95,0.0016741268107003,78,5,56646,17,0.8210526315789474,0.9397590361445785,0.8764044943820225,0.8782154528254591,0.8868439251394351,0.9520193353766228,0.0004003289447728,0.0028947355427007,0.0004617977490396,0.851762894786332,0.0016571161158481,0.8811193740527967,2.995805871779509,300.46170655200365,0.0003432809270251,0.0003508148862692,0.5451099440162882,0.0033478871408704,213.58333627039792,0.8734723872575297,0.8736842105263158,0.8736842105263158,-5.704801774770004e-05,-0.00011098286277040002,-0.30665295077004384,0.0004531515981696997,86.87837028160573,0.004743065567929361,0.06607482561826261,-0.052631578947368474
calibration_recalibration_v1,2026-09-23 19:58:36,202,D1_creditcard,lightgbm,strict,False,283726,473,,ISOTONIC,17.36438775062561,170235,283,56745,95,0.01,56746,95,0.0016741268107003,85,191,56460,10,0.8947368421052632,0.3079710144927536,0.4582210242587601,0.5237908311859277,0.8790725280703715,0.9522444440521792,0.0003393400720631,0.0022618008066038,0.0001677483670988,0.5546504564162367,0.001632118380836,33.658760088816834,1.7622387481055934,209.88263489937617,0.0003432809270251,0.0003508148862692,0.5451099440162882,0.0033478871408704,213.58333627039792,0.8734723872575297,0.8736842105263158,0.8736842105263158,3.940854961999979e-06,0.0001830665191704,-0.009540512399948464,0.0010860863342666,-3.7007013710217507,-0.349681556071602,-0.5657131960335622,0.021052631578947323
calibration_recalibration_v1,2026-09-23 19:58:08,202,D1_creditcard,xgboost,strict,False,283726,473,,RAW,1.659336805343628,170235,283,56745,95,0.01,56746,95,0.0016741268107003,84,236,56415,11,0.8842105263157894,0.2625,0.4048192771084337,0.4804582861221759,0.875517970532946,0.985909850618143,0.0004071496611844,0.0025338818777093,0.0002547650335052,0.8482866088549296,0.0019140460588421,41.58883445529201,1.9384626229161528,235.43509674690728,0.0004071496611844,0.0002547650335052,0.8482866088549296,0.0025338818777093,235.43509674690728,0.4804582861221759,0.2625,0.8842105263157894,0.0,0.0,0.0,0.0,0.0,0.0,0.0,0.0
calibration_recalibration_v1,2026-09-23 19:58:08,202,D1_creditcard,xgboost,strict,False,283726,473,,PLATT_SIGMOID,1.659336805343628,170235,283,56745,95,0.05,56746,95,0.0016741268107003,80,8,56643,15,0.8421052631578947,0.9090909090909092,0.8743169398907104,0.8747565115893693,0.875517970532946,0.985909850618143,0.0004057011585248,0.0029060599765267,0.0004075460234638,0.5416934849773121,0.0016405654490109,1.4097909984844748,2.64335812215839,265.74560321432347,0.0004071496611844,0.0002547650335052,0.8482866088549296,0.0025338818777093,235.43509674690728,0.4804582861221759,0.2625,0.8842105263157894,1.4485026596000095e-06,-0.00015278098995860005,0.3065931238776175,-0.00037217809881739993,30.31050646741619,0.3942982254671934,0.6465909090909092,-0.04210526315789476
calibration_recalibration_v1,2026-09-23 19:58:08,202,D1_creditcard,xgboost,strict,False,283726,473,,ISOTONIC,1.659336805343628,170235,283,56745,95,0.01,56746,95,0.0016741268107003,85,296,56355,10,0.8947368421052632,0.2230971128608924,0.3571428571428571,0.4452973353100548,0.8625373933858753,0.9795588687522588,0.0003671140175981,0.0024089735951609,0.0001477590347008,0.7671333092485549,0.0015826130098784,52.162266943925566,1.7622387481055934,228.3861417544849,0.0004071496611844,0.0002547650335052,0.8482866088549296,0.0025338818777093,235.43509674690728,0.4804582861221759,0.2625,0.8842105263157894,4.0035643586300036e-05,0.00010700599880439997,0.08115329960637463,0.0001249082825484,-7.048954992422381,-0.03516095081212112,-0.03940288713910761,0.010526315789473717
calibration_recalibration_v1,2026-09-23 19:59:23,202,D2_fraudTest,lightgbm,strict,False,555719,2145,,RAW,14.703219413757324,333431,1287,111144,429,0.04,111144,429,0.0038598574821852,414,771,109944,15,0.965034965034965,0.3493670886075949,0.5130111524163569,0.5784356746707239,0.938481756266836,0.9984064588860688,0.0011966307433621,0.0044719576243064,0.00173888125093,0.6562492793027634,0.0055987387331153,69.36946663787519,1.349600518246599,204.3295184625351,0.0011966307433621,0.00173888125093,0.6562492793027634,0.0044719576243064,204.3295184625351,0.5784356746707239,0.3493670886075949,0.965034965034965,0.0,0.0,0.0,0.0,0.0,0.0,0.0,0.0
calibration_recalibration_v1,2026-09-23 19:59:23,202,D2_fraudTest,lightgbm,strict,False,555719,2145,,PLATT_SIGMOID,14.703219413757324,333431,1287,111144,429,0.02,111144,429,0.0038598574821852,392,166,110549,37,0.9137529137529138,0.7025089605734767,0.7943262411347518,0.8003506002533577,0.938481756266836,0.9984064588860688,0.0007522502913067,0.0041130544898001,0.0006633059736394,0.4200167274315142,0.0036983132416338,14.935579068595697,3.329014611674944,347.8370402360901,0.0011966307433621,0.00173888125093,0.6562492793027634,0.0044719576243064,204.3295184625351,0.5784356746707239,0.3493670886075949,0.965034965034965,0.0004443804520553999,0.0010755752772905998,0.23623255187124925,0.0003589031345063,143.507521773555,0.22191492558263382,0.35314187196588176,-0.05128205128205121
calibration_recalibration_v1,2026-09-23 19:59:23,202,D2_fraudTest,lightgbm,strict,False,555719,2145,,ISOTONIC,14.703219413757324,333431,1287,111144,429,0.01,111144,429,0.0038598574821852,417,942,109773,12,0.972027972027972,0.3068432671081678,0.4664429530201342,0.5436397677929032,0.9303918205771944,0.9968116334733323,0.0006319877025987,0.0028607074677806,0.0002632680130497,0.2128923842304391,0.0037016492155897,84.75491254588641,1.0796804145972791,192.72295400561435,0.0011966307433621,0.00173888125093,0.6562492793027634,0.0044719576243064,204.3295184625351,0.5784356746707239,0.3493670886075949,0.965034965034965,0.0005646430407633999,0.0014756132378802998,0.44335689507232434,0.0016112501565258004,-11.60656445692075,-0.03479590687782064,-0.04252382149942713,0.006993006993006978
calibration_recalibration_v1,2026-09-23 19:58:48,202,D2_fraudTest,xgboost,strict,False,555719,2145,,RAW,1.311856746673584,333431,1287,111144,429,0.55,111144,429,0.0038598574821852,412,786,109929,17,0.9603729603729604,0.343906510851419,0.5064535955746773,0.5724418038976731,0.9092477043267616,0.9982365735244748,0.0064457482796879,0.0251541156539107,0.016469570141202,0.8014804189269606,0.0203294276233873,70.7190671561218,1.529547254012812,223.673792557403,0.0064457482796879,0.016469570141202,0.8014804189269606,0.0251541156539107,223.673792557403,0.5724418038976731,0.343906510851419,0.9603729603729604,0.0,0.0,0.0,0.0,0.0,0.0,0.0,0.0
calibration_recalibration_v1,2026-09-23 19:58:48,202,D2_fraudTest,xgboost,strict,False,555719,2145,,PLATT_SIGMOID,1.311856746673584,333431,1287,111144,429,0.01,111144,429,0.0038598574821852,414,950,109765,15,0.965034965034965,0.3035190615835777,0.4617958728388176,0.5386756421516168,0.9092477043267616,0.9982365735244748,0.0013984629159468,0.0053754763290484,0.0018933959733967,0.3114329118505017,0.0039162150253558,85.47469948895127,1.349600518246599,220.4347513136112,0.0064457482796879,0.016469570141202,0.8014804189269606,0.0251541156539107,223.673792557403,0.5724418038976731,0.343906510851419,0.9603729603729604,0.0050472853637411,0.014576174167805302,0.49004750707645894,0.0197786393248623,-3.239041243791803,-0.03376616174605629,-0.04038744926784127,0.004662004662004615
calibration_recalibration_v1,2026-09-23 19:58:48,202,D2_fraudTest,xgboost,strict,False,555719,2145,,ISOTONIC,1.311856746673584,333431,1287,111144,429,0.01,111144,429,0.0038598574821852,412,894,109821,17,0.9603729603729604,0.3154670750382848,0.4749279538904899,0.5479701899008135,0.8955556988374255,0.9970452705854412,0.0008949670544155,0.0037486266620453,0.0001581979956759,0.4369377565915215,0.0037622431859442,80.4361908874973,1.529547254012812,233.39091628877853,0.0064457482796879,0.016469570141202,0.8014804189269606,0.0251541156539107,223.673792557403,0.5724418038976731,0.343906510851419,0.9603729603729604,0.0055507812252724,0.0163113721455261,0.36454266233543914,0.021405488991865403,9.717123731375523,-0.024471613996859598,-0.028439435813134184,0.0
calibration_recalibration_v1,2026-09-23 20:00:51,202,D3_PaySim,lightgbm,strict,False,1000000,749,1000000.0,RAW,23.97150444984436,600000,449,200000,150,0.02,200000,150,0.00075,131,614,199236,19,0.8733333333333333,0.1758389261744966,0.2927374301675978,0.3910789957751806,0.7365784954678387,0.997784271536986,0.0006236460921332,0.002786490426261,0.0006270519678756,0.6719582099598334,0.0013393008206021,30.7,0.95,125.7,0.0006236460921332,0.0006270519678756,0.6719582099598334,0.002786490426261,125.7,0.3910789957751806,0.1758389261744966,0.8733333333333333,0.0,0.0,0.0,0.0,0.0,0.0,0.0,0.0
calibration_recalibration_v1,2026-09-23 20:00:51,202,D3_PaySim,lightgbm,strict,False,1000000,749,1000000.0,PLATT_SIGMOID,23.97150444984436,600000,449,200000,150,0.02,200000,150,0.00075,110,116,199734,40,0.7333333333333333,0.4867256637168141,0.5851063829787234,0.5970786583472056,0.7365784954678387,0.997784271536986,0.0004007036587813,0.0023252497671913,0.000142680140922,0.3904260550457236,0.0007162468855818,5.8,2.0,205.8,0.0006236460921332,0.0006270519678756,0.6719582099598334,0.002786490426261,125.7,0.3910789957751806,0.1758389261744966,0.8733333333333333,0.0002229424333519,0.0004843718269536,0.28153215491410977,0.0004612406590697002,80.10000000000001,0.205999662572025,0.3108867375423175,-0.14
calibration_recalibration_v1,2026-09-23 20:00:51,202,D3_PaySim,lightgbm,strict,False,1000000,749,1000000.0,ISOTONIC,23.97150444984436,600000,449,200000,150,0.01,200000,150,0.00075,137,1189,198661,13,0.9133333333333332,0.1033182503770739,0.1856368563685637,0.3060881252155484,0.7145743128159134,0.988604153114836,0.000318543364919,0.0015204355199115,7.225989159976857e-05,0.7365215304154447,0.0007298145688909,59.45,0.6499999999999999,124.45,0.0006236460921332,0.0006270519678756,0.6719582099598334,0.002786490426261,125.7,0.3910789957751806,0.1758389261744966,0.8733333333333333,0.0003051027272142,0.0005547920762758314,-0.0645633204556113,0.0012660549063495,-1.25,-0.08499087055963223,-0.07252067579742269,0.039999999999999925
calibration_recalibration_v1,2026-09-23 19:59:52,202,D3_PaySim,xgboost,strict,False,1000000,749,1000000.0,RAW,1.7402966022491455,600000,449,200000,150,0.46,200000,150,0.00075,133,1228,198622,17,0.8866666666666667,0.0977222630418809,0.1760423560555923,0.2932085452473139,0.6889422773525679,0.9967313318322076,0.0043903233521252,0.0155477954906165,0.0091198254045125,0.82333678909398,0.0098698254045125,61.4,0.8500000000000001,146.4,0.0043903233521252,0.0091198254045125,0.82333678909398,0.0155477954906165,146.4,0.2932085452473139,0.0977222630418809,0.8866666666666667,0.0,0.0,0.0,0.0,0.0,0.0,0.0,0.0
calibration_recalibration_v1,2026-09-23 19:59:52,202,D3_PaySim,xgboost,strict,False,1000000,749,1000000.0,PLATT_SIGMOID,1.7402966022491455,600000,449,200000,150,0.02,200000,150,0.00075,127,773,199077,23,0.8466666666666667,0.1411111111111111,0.2419047619047619,0.3447185958123243,0.6889422773525679,0.9967313318322076,0.0005445271242959,0.002288697171356,0.0003847306589058,0.1614933571335718,0.0007293823325005,38.65,1.15,153.65,0.0043903233521252,0.0091198254045125,0.82333678909398,0.0155477954906165,146.4,0.2932085452473139,0.0977222630418809,0.8866666666666667,0.0038457962278293004,0.0087350947456067,0.6618434319604082,0.0132590983192605,7.25,0.0515100505650104,0.0433888480692302,-0.040000000000000036
calibration_recalibration_v1,2026-09-23 19:59:52,202,D3_PaySim,xgboost,strict,False,1000000,749,1000000.0,ISOTONIC,1.7402966022491455,600000,449,200000,150,0.01,200000,150,0.00075,133,1228,198622,17,0.8866666666666667,0.0977222630418809,0.1760423560555923,0.2932085452473139,0.661736134055255,0.9945869735635058,0.0003666038387474,0.001685544604764,0.0001515311640335,0.2422920214974813,0.000696850282989,61.4,0.8500000000000001,146.4,0.0043903233521252,0.0091198254045125,0.82333678909398,0.0155477954906165,146.4,0.2932085452473139,0.0977222630418809,0.8866666666666667,0.004023719513377801,0.008968294240479,0.5810447675964987,0.0138622508858525,0.0,0.0,0.0,0.0
calibration_recalibration_v1,2026-09-23 20:01:28,303,D1_creditcard,lightgbm,strict,False,283726,473,,RAW,16.9303560256958,170235,283,56745,95,0.07,56746,95,0.0016741268107003,72,14,56637,23,0.7578947368421053,0.8372093023255814,0.7955801104972375,0.7962424723314149,0.7977199601903842,0.920065795280243,0.0005666446856916,0.0056664767838545,0.0005816969587967,0.8744025691697386,0.0014241555103588,2.467134247347831,4.053149120642864,407.7820463116343,0.0005666446856916,0.0005816969587967,0.8744025691697386,0.0056664767838545,407.7820463116343,0.7962424723314149,0.8372093023255814,0.7578947368421053,0.0,0.0,0.0,0.0,0.0,0.0,0.0,0.0
calibration_recalibration_v1,2026-09-23 20:01:28,303,D1_creditcard,lightgbm,strict,False,283726,473,,PLATT_SIGMOID,16.9303560256958,170235,283,56745,95,0.02,56746,95,0.0016741268107003,71,12,56639,24,0.7473684210526316,0.8554216867469879,0.797752808988764,0.7992605919654786,0.7977199601903842,0.920065795280243,0.0005500425419652,0.0041600145592562,0.0002196150780221,0.7488213952144097,0.0015453283617855,2.114686497726712,4.229372995453423,425.0519860430691,0.0005666446856916,0.0005816969587967,0.8744025691697386,0.0056664767838545,407.7820463116343,0.7962424723314149,0.8372093023255814,0.7578947368421053,1.6602143726400032e-05,0.00036208188077459995,0.12558117395532886,0.0015064622245983,17.269939731434818,0.0030181196340637317,0.01821238442140649,-0.010526315789473717
calibration_recalibration_v1,2026-09-23 20:01:28,303,D1_creditcard,lightgbm,strict,False,283726,473,,ISOTONIC,16.9303560256958,170235,283,56745,95,0.01,56746,95,0.0016741268107003,79,189,56462,16,0.8315789473684211,0.2947761194029851,0.4352617079889807,0.4938740124328337,0.7756644666915126,0.920334569278751,0.0005199952223921,0.0035267111380438,0.0002902398993763,0.2938726431090115,0.0015855229863588,33.30631233919571,2.819581996968949,315.26451203609065,0.0005666446856916,0.0005816969587967,0.8744025691697386,0.0056664767838545,407.7820463116343,0.7962424723314149,0.8372093023255814,0.7578947368421053,4.6649463299499954e-05,0.00029145705942039993,0.5805299260607271,0.0021397656458106997,-92.51753427554365,-0.3023684598985812,-0.5424331829225963,0.0736842105263158
calibration_recalibration_v1,2026-09-23 20:01:01,303,D1_creditcard,xgboost,strict,False,283726,473,,RAW,1.925706386566162,170235,283,56745,95,0.02,56746,95,0.0016741268107003,77,92,56559,18,0.8105263157894737,0.4556213017751479,0.5833333333333334,0.6068737787233589,0.792213488091621,0.9821527747454636,0.0005930368142439,0.0036276010857717,0.0004486817596117,0.8675627708435059,0.0017212201687368,16.212596482571456,3.172029746590068,333.41557114157825,0.0005930368142439,0.0004486817596117,0.8675627708435059,0.0036276010857717,333.41557114157825,0.6068737787233589,0.4556213017751479,0.8105263157894737,0.0,0.0,0.0,0.0,0.0,0.0,0.0,0.0
calibration_recalibration_v1,2026-09-23 20:01:01,303,D1_creditcard,xgboost,strict,False,283726,473,,PLATT_SIGMOID,1.925706386566162,170235,283,56745,95,0.02,56746,95,0.0016741268107003,72,18,56633,23,0.7578947368421053,0.8,0.7783783783783784,0.7783020342542034,0.792213488091621,0.9821527747454636,0.0005588727779418,0.0040064906233195,0.0003618344457385,0.8336097351637642,0.0015529247683278,3.172029746590068,4.053149120642864,408.4869418108765,0.0005930368142439,0.0004486817596117,0.8675627708435059,0.0036276010857717,333.41557114157825,0.6068737787233589,0.4556213017751479,0.8105263157894737,3.416403630209994e-05,8.684731387320003e-05,0.03395303567974162,-0.0003788895375478,75.07137066929823,0.1714282555308445,0.3443786982248521,-0.05263157894736836
calibration_recalibration_v1,2026-09-23 20:01:01,303,D1_creditcard,xgboost,strict,False,283726,473,,ISOTONIC,1.925706386566162,170235,283,56745,95,0.01,56746,95,0.0016741268107003,76,81,56570,19,0.8,0.4840764331210191,0.6031746031746031,0.6215310830667377,0.771982509558959,0.9794271295438646,0.0005125038523962,0.0032760775399295,0.00028438474113,0.6666666666666667,0.0015236479299159,14.274133859655306,3.3482536214006275,349.09949599971804,0.0005930368142439,0.0004486817596117,0.8675627708435059,0.0036276010857717,333.41557114157825,0.6068737787233589,0.4556213017751479,0.8105263157894737,8.053296184769992e-05,0.00016429701848170005,0.20089610417683912,0.00035152354584219985,15.68392485813979,0.014657304343378752,0.028455131345871187,-0.010526315789473606
calibration_recalibration_v1,2026-09-23 20:02:14,303,D2_fraudTest,lightgbm,strict,False,555719,2145,,RAW,14.144614696502686,333431,1287,111144,429,0.01,111144,429,0.0038598574821852,420,1301,109414,9,0.9790209790209792,0.2440441603718768,0.3906976744186046,0.4857746994867186,0.9371150463664716,0.9978199869948956,0.0011222732065293,0.0043142844845578,0.0014614843595648,0.5718498291575227,0.0053213418417501,117.05535161592168,0.8097603109479594,198.0313827107176,0.0011222732065293,0.0014614843595648,0.5718498291575227,0.0043142844845578,198.0313827107176,0.4857746994867186,0.2440441603718768,0.9790209790209792,0.0,0.0,0.0,0.0,0.0,0.0,0.0,0.0
calibration_recalibration_v1,2026-09-23 20:02:14,303,D2_fraudTest,lightgbm,strict,False,555719,2145,,PLATT_SIGMOID,14.144614696502686,333431,1287,111144,429,0.01,111144,429,0.0038598574821852,399,183,110532,30,0.93006993006993,0.6855670103092784,0.7893175074183977,0.7976466480514592,0.9371150463664716,0.9978199869948956,0.0008134292006449,0.0041843340456181,0.0005413793253616,0.478826504852425,0.0036748503671756,16.46512632260851,2.699201036493198,286.3852299719283,0.0011222732065293,0.0014614843595648,0.5718498291575227,0.0043142844845578,198.0313827107176,0.4857746994867186,0.2440441603718768,0.9790209790209792,0.0003088440058844,0.0009201050342031999,0.09302332430509769,0.0001299504389396999,88.35384726121072,0.31187194856474065,0.44152284993740154,-0.04895104895104918
calibration_recalibration_v1,2026-09-23 20:02:14,303,D2_fraudTest,lightgbm,strict,False,555719,2145,,ISOTONIC,14.144614696502686,333431,1287,111144,429,0.01,111144,429,0.0038598574821852,420,1183,109532,9,0.9790209790209792,0.2620087336244541,0.4133858267716535,0.503619796996795,0.9254624655794615,0.9944566505466113,0.0007141106590054,0.0032156636670987,0.0001409684686559,0.7419411840613862,0.0037912405745942,106.4384942057151,0.8097603109479594,187.41452530051103,0.0011222732065293,0.0014614843595648,0.5718498291575227,0.0043142844845578,198.0313827107176,0.4857746994867186,0.2440441603718768,0.9790209790209792,0.0004081625475239,0.0013205158909089,-0.1700913549038635,0.0010986208174590998,-10.616857410206563,0.017845097510076458,0.017964573252577304,0.0
calibration_recalibration_v1,2026-09-23 20:01:39,303,D2_fraudTest,xgboost,strict,False,555719,2145,,RAW,1.2864232063293457,333431,1287,111144,429,0.46,111144,429,0.0038598574821852,408,938,109777,21,0.951048951048951,0.3031203566121842,0.4597183098591549,0.5343537427164227,0.893094084320128,0.9958252393559264,0.0060000027479187,0.0234421342579239,0.0150826327394039,0.7268520160434172,0.0189424902215892,84.395019074354,1.8894407255452383,273.33909162887784,0.0060000027479187,0.0150826327394039,0.7268520160434172,0.0234421342579239,273.33909162887784,0.5343537427164227,0.3031203566121842,0.951048951048951,0.0,0.0,0.0,0.0,0.0,0.0,0.0,0.0
calibration_recalibration_v1,2026-09-23 20:01:39,303,D2_fraudTest,xgboost,strict,False,555719,2145,,PLATT_SIGMOID,1.2864232063293457,333431,1287,111144,429,0.01,111144,429,0.0038598574821852,408,920,109795,21,0.951048951048951,0.3072289156626506,0.4644280022766078,0.5380116190147446,0.893094084320128,0.9958252393559264,0.0014029659251781,0.0055760296663471,0.001685557340424,0.2691680363843612,0.0038750763629604,82.77549845245808,1.8894407255452383,271.71957100698194,0.0060000027479187,0.0150826327394039,0.7268520160434172,0.0234421342579239,273.33909162887784,0.5343537427164227,0.3031203566121842,0.951048951048951,0.0045970368227406,0.013397075398979899,0.457683979659056,0.017866104591576802,-1.6195206218959015,0.003657876298321927,0.004108559050466365,0.0
calibration_recalibration_v1,2026-09-23 20:01:39,303,D2_fraudTest,xgboost,strict,False,555719,2145,,ISOTONIC,1.2864232063293457,333431,1287,111144,429,0.01,111144,429,0.0038598574821852,408,931,109784,21,0.951048951048951,0.3047050037341299,0.4615384615384615,0.5357675227013635,0.8804317944071645,0.996419796013347,0.0009818852228814,0.0041835931750032,0.0001710696975528,0.1666666666666667,0.0038991232703414,83.76520549917225,1.8894407255452383,272.7092780536961,0.0060000027479187,0.0150826327394039,0.7268520160434172,0.0234421342579239,273.33909162887784,0.5343537427164227,0.3031203566121842,0.951048951048951,0.0050181175250373,0.0149115630418511,0.5601853493767505,0.019258541082920702,-0.6298135751817426,0.001413779984940855,0.0015846471219456704,0.0
calibration_recalibration_v1,2026-09-23 20:03:43,303,D3_PaySim,lightgbm,strict,False,1000000,749,1000000.0,RAW,23.022587299346924,600000,449,200000,150,0.02,200000,150,0.00075,131,743,199107,19,0.8733333333333333,0.1498855835240274,0.255859375,0.3609153049130072,0.733367712482786,0.9984741222583604,0.0006610217424956,0.0028594007195716,0.0007225047196516,0.8513261164115601,0.0014725047196516,37.15,0.95,132.15,0.0006610217424956,0.0007225047196516,0.8513261164115601,0.0028594007195716,132.15,0.3609153049130072,0.1498855835240274,0.8733333333333333,0.0,0.0,0.0,0.0,0.0,0.0,0.0,0.0
calibration_recalibration_v1,2026-09-23 20:03:43,303,D3_PaySim,lightgbm,strict,False,1000000,749,1000000.0,PLATT_SIGMOID,23.022587299346924,600000,449,200000,150,0.01,200000,150,0.00075,112,128,199722,38,0.7466666666666667,0.4666666666666667,0.5743589743589743,0.5899183319205507,0.733367712482786,0.9984741222583604,0.0003889571014249,0.0022875842753625,0.0003065959097561,0.34166970536369,0.0005844874006402,6.4,1.9,196.4,0.0006610217424956,0.0007225047196516,0.8513261164115601,0.0028594007195716,132.15,0.3609153049130072,0.1498855835240274,0.8733333333333333,0.00027206464107069997,0.00041590880989550005,0.5096564110478701,0.0005718164442091002,64.25,0.22900302700754344,0.3167810831426393,-0.1266666666666666
calibration_recalibration_v1,2026-09-23 20:03:43,303,D3_PaySim,lightgbm,strict,False,1000000,749,1000000.0,ISOTONIC,23.022587299346924,600000,449,200000,150,0.01,200000,150,0.00075,133,845,199005,17,0.8866666666666667,0.1359918200408998,0.2358156028368794,0.346307726194974,0.7071724290572323,0.9854817112834624,0.0003312241051663,0.0015922717878532,0.0001165893598257,0.1477084135612903,0.0006580096114463,42.24999999999999,0.8500000000000001,127.25,0.0006610217424956,0.0007225047196516,0.8513261164115601,0.0028594007195716,132.15,0.3609153049130072,0.1498855835240274,0.8733333333333333,0.00032979763732929996,0.0006059153598259,0.7036177028502698,0.0012671289317184,-4.900000000000006,-0.014607578718033198,-0.013893763483127597,0.01333333333333342
calibration_recalibration_v1,2026-09-23 20:02:42,303,D3_PaySim,xgboost,strict,False,1000000,749,1000000.0,RAW,1.962437629699707,600000,449,200000,150,0.68,200000,150,0.00075,132,791,199059,18,0.88,0.1430119176598049,0.2460391425908667,0.3538435269223874,0.6719938374747797,0.9980607288799932,0.0053102162451487,0.0183398919291061,0.0111201840284489,0.806305312570721,0.0118701840284489,39.55,0.9,129.54999999999998,0.0053102162451487,0.0111201840284489,0.806305312570721,0.0183398919291061,129.54999999999998,0.3538435269223874,0.1430119176598049,0.88,0.0,0.0,0.0,0.0,0.0,0.0,0.0,0.0
calibration_recalibration_v1,2026-09-23 20:02:42,303,D3_PaySim,xgboost,strict,False,1000000,749,1000000.0,PLATT_SIGMOID,1.962437629699707,600000,449,200000,150,0.03,200000,150,0.00075,132,766,199084,18,0.88,0.1469933184855233,0.2519083969465648,0.358763853537289,0.6719938374747797,0.9980607288799932,0.0005348804120716,0.0021692126517776,0.000574016261059,0.4307806596576153,0.0008200028892595,38.3,0.9,128.29999999999998,0.0053102162451487,0.0111201840284489,0.806305312570721,0.0183398919291061,129.54999999999998,0.3538435269223874,0.1430119176598049,0.88,0.004775335833077101,0.0105461677673899,0.3755246529131057,0.0161706792773285,-1.25,0.0049203266149016045,0.003981400825718406,0.0
calibration_recalibration_v1,2026-09-23 20:02:42,303,D3_PaySim,xgboost,strict,False,1000000,749,1000000.0,ISOTONIC,1.962437629699707,600000,449,200000,150,0.01,200000,150,0.00075,132,768,199082,18,0.88,0.1466666666666666,0.2514285714285714,0.3583627120130891,0.6258982325592234,0.9978067717454756,0.0003859576655654,0.0017272812005863,0.000139053035464,0.2727272727272727,0.0006253854672097,38.4,0.9,128.4,0.0053102162451487,0.0111201840284489,0.806305312570721,0.0183398919291061,129.54999999999998,0.3538435269223874,0.1430119176598049,0.88,0.0049242585795833006,0.0109811309929849,0.5335780398434483,0.0166126107285198,-1.1499999999999773,0.004519185090701705,0.0036547490068617183,0.0
calibration_recalibration_v1,2026-09-23 20:04:23,404,D1_creditcard,lightgbm,strict,False,283726,473,,RAW,19.745173692703247,170235,283,56745,95,0.02,56746,95,0.0016741268107003,80,11,56640,15,0.8421052631578947,0.8791208791208791,0.8602150537634409,0.860185279157364,0.8704934729352921,0.9573166822901812,0.0003622274972794,0.0037159022086258,0.0003714716382093,0.7138014814709452,0.0014993454412562,1.9384626229161528,2.64335812215839,266.2742748387552,0.0003622274972794,0.0003714716382093,0.7138014814709452,0.0037159022086258,266.2742748387552,0.860185279157364,0.8791208791208791,0.8421052631578947,0.0,0.0,0.0,0.0,0.0,0.0,0.0,0.0
calibration_recalibration_v1,2026-09-23 20:04:23,404,D1_creditcard,lightgbm,strict,False,283726,473,,PLATT_SIGMOID,19.745173692703247,170235,283,56745,95,0.49,56746,95,0.0016741268107003,79,5,56646,16,0.8315789473684211,0.9404761904761904,0.88268156424581,0.8841732868516696,0.8704934729352921,0.9573166822901812,0.0003798646310611,0.002979282799951,0.0003844181065772,0.7576167468092613,0.0016659354511914,0.8811193740527967,2.819581996968949,282.83931907094774,0.0003622274972794,0.0003714716382093,0.7138014814709452,0.0037159022086258,266.2742748387552,0.860185279157364,0.8791208791208791,0.8421052631578947,-1.76371337817e-05,-1.2946468367900027e-05,-0.043815265338316034,0.0007366194086747997,16.56504423219252,0.023988007694305646,0.06135531135531125,-0.010526315789473606
calibration_recalibration_v1,2026-09-23 20:04:23,404,D1_creditcard,lightgbm,strict,False,283726,473,,ISOTONIC,19.745173692703247,170235,283,56745,95,0.01,56746,95,0.0016741268107003,86,106,56545,9,0.9052631578947368,0.4479166666666667,0.5993031358885017,0.6360036092893857,0.8561453574875741,0.957294942533648,0.0003516244777215,0.0025077483931993,0.0001302764973993,0.1640117061894402,0.0016617067905278,18.67973072991929,1.586014873295034,177.2812180594227,0.0003622274972794,0.0003714716382093,0.7138014814709452,0.0037159022086258,266.2742748387552,0.860185279157364,0.8791208791208791,0.8421052631578947,1.0603019557900038e-05,0.00024119514080999998,0.5497897752815051,0.0012081538154264998,-88.9930567793325,-0.22418166986797827,-0.4312042124542124,0.06315789473684208
calibration_recalibration_v1,2026-09-23 20:03:53,404,D1_creditcard,xgboost,strict,False,283726,473,,RAW,2.266151189804077,170235,283,56745,95,0.01,56746,95,0.0016741268107003,86,219,56432,9,0.9052631578947368,0.2819672131147541,0.43,0.5040047346420131,0.8804980498666692,0.9905420910487016,0.0003755399436627,0.0023621358593488,0.0001809628476518,0.8504443466663361,0.001853356218397,38.59302858351249,1.586014873295034,197.1945159130159,0.0003755399436627,0.0001809628476518,0.8504443466663361,0.0023621358593488,197.1945159130159,0.5040047346420131,0.2819672131147541,0.9052631578947368,0.0,0.0,0.0,0.0,0.0,0.0,0.0,0.0
calibration_recalibration_v1,2026-09-23 20:03:53,404,D1_creditcard,xgboost,strict,False,283726,473,,PLATT_SIGMOID,2.266151189804077,170235,283,56745,95,0.25,56746,95,0.0016741268107003,80,6,56645,15,0.8421052631578947,0.9302325581395348,0.8839779005524862,0.8848911245535986,0.8804980498666692,0.9905420910487016,0.0003671281236986,0.002764805742119,0.0003810518713777,0.451573722511191,0.0016693359885756,1.0573432488633558,2.64335812215839,265.3931554647023,0.0003755399436627,0.0001809628476518,0.8504443466663361,0.0023621358593488,197.1945159130159,0.5040047346420131,0.2819672131147541,0.9052631578947368,8.41181996409998e-06,-0.00020008902372590002,0.39887062415514507,-0.00040266988277019985,68.19863955168643,0.3808863899115855,0.6482653450247806,-0.06315789473684208
calibration_recalibration_v1,2026-09-23 20:03:53,404,D1_creditcard,xgboost,strict,False,283726,473,,ISOTONIC,2.266151189804077,170235,283,56745,95,0.01,56746,95,0.0016741268107003,86,185,56466,9,0.9052631578947368,0.3173431734317343,0.4699453551912568,0.5348822487717735,0.8494723103647774,0.9845158119566804,0.0003503481142644,0.0025399978891776,0.0001198987485851,0.4,0.0016368841065983,32.60141683995347,1.586014873295034,191.20290416945687,0.0003755399436627,0.0001809628476518,0.8504443466663361,0.0023621358593488,197.1945159130159,0.5040047346420131,0.2819672131147541,0.9052631578947368,2.519182939829997e-05,6.106409906669999e-05,0.45044434666633604,-0.0001778620298288,-5.9916117435590195,0.030877514129760364,0.035375960316980204,0.0
calibration_recalibration_v1,2026-09-23 20:05:09,404,D2_fraudTest,lightgbm,strict,False,555719,2145,,RAW,14.655711889266968,333431,1287,111144,429,0.04,111144,429,0.0038598574821852,411,746,109969,18,0.958041958041958,0.355229040622299,0.5182849936948297,0.5811842208485889,0.9272515418749432,0.9971198020242866,0.0012833750390645,0.0050450817864436,0.001700090524622,0.602448783388341,0.0055599480068073,67.12013244079752,1.6195206218959188,229.0721946303894,0.0012833750390645,0.001700090524622,0.602448783388341,0.0050450817864436,229.0721946303894,0.5811842208485889,0.355229040622299,0.958041958041958,0.0,0.0,0.0,0.0,0.0,0.0,0.0,0.0
calibration_recalibration_v1,2026-09-23 20:05:09,404,D2_fraudTest,lightgbm,strict,False,555719,2145,,PLATT_SIGMOID,14.655711889266968,333431,1287,111144,429,0.01,111144,429,0.0038598574821852,396,193,110522,33,0.9230769230769232,0.6723259762308998,0.7779960707269156,0.7868682052694087,0.9272515418749432,0.9971198020242866,0.0008888723496165,0.0045060761263971,0.0004966476076276,0.396322265483644,0.0037638538145984,17.364860001439574,2.969121140142518,314.27697401569134,0.0012833750390645,0.001700090524622,0.602448783388341,0.0050450817864436,229.0721946303894,0.5811842208485889,0.355229040622299,0.958041958041958,0.0003945026894479999,0.0012034429169944,0.20612651790469694,0.0005390056600465005,85.20477938530195,0.2056839844208198,0.31709693560860086,-0.03496503496503478
calibration_recalibration_v1,2026-09-23 20:05:09,404,D2_fraudTest,lightgbm,strict,False,555719,2145,,ISOTONIC,14.655711889266968,333431,1287,111144,429,0.01,111144,429,0.0038598574821852,414,933,109782,15,0.965034965034965,0.3073496659242761,0.4662162162162162,0.542109248885624,0.9084291323906916,0.9941465555474496,0.0007607828858852,0.0039039016493081,0.0002663048938224,0.1830050656632401,0.0037559034248475,83.94515223493846,1.349600518246599,218.9052040595984,0.0012833750390645,0.001700090524622,0.602448783388341,0.0050450817864436,229.0721946303894,0.5811842208485889,0.355229040622299,0.958041958041958,0.0005225921531792999,0.0014337856307996,0.41944371772510086,0.0011411801371355003,-10.166990570791,-0.039074971962964944,-0.04787937469802289,0.006993006993006978
calibration_recalibration_v1,2026-09-23 20:04:35,404,D2_fraudTest,xgboost,strict,False,555719,2145,,RAW,1.7388207912445068,333431,1287,111144,429,0.42,111144,429,0.0038598574821852,407,1049,109666,22,0.9487179487179488,0.279532967032967,0.4318302387267904,0.5122119165309087,0.8829421432500394,0.9959348153088838,0.0060940308808738,0.0244749745197308,0.0158558542773117,0.7403461779866899,0.019715711759497,94.38206290937885,1.979414093428345,292.3234722522133,0.0060940308808738,0.0158558542773117,0.7403461779866899,0.0244749745197308,292.3234722522133,0.5122119165309087,0.279532967032967,0.9487179487179488,0.0,0.0,0.0,0.0,0.0,0.0,0.0,0.0
calibration_recalibration_v1,2026-09-23 20:04:35,404,D2_fraudTest,xgboost,strict,False,555719,2145,,PLATT_SIGMOID,1.7388207912445068,333431,1287,111144,429,0.01,111144,429,0.0038598574821852,406,915,109800,23,0.9463869463869464,0.307342922028766,0.464,0.536776337317513,0.8829421432500394,0.9959348153088838,0.0014801893786285,0.0058833383914099,0.0016106552423355,0.3120210970663456,0.0036551449415901,82.32563161304255,2.069387461311452,289.2643777441877,0.0060940308808738,0.0158558542773117,0.7403461779866899,0.0244749745197308,292.3234722522133,0.5122119165309087,0.279532967032967,0.9487179487179488,0.0046138415022453005,0.0142451990349762,0.42832508092034427,0.0185916361283209,-3.0590945080256233,0.024564420786604257,0.027809954995799024,-0.002331002331002363
calibration_recalibration_v1,2026-09-23 20:04:35,404,D2_fraudTest,xgboost,strict,False,555719,2145,,ISOTONIC,1.7388207912445068,333431,1287,111144,429,0.01,111144,429,0.0038598574821852,407,1036,109679,22,0.9487179487179488,0.282051282051282,0.4348290598290598,0.5145478349602569,0.8640758340187521,0.9937571708876408,0.001024133216867,0.0047639640606385,0.0002145099426034,0.2,0.0037325021071228,93.21240912689844,1.979414093428345,291.153818469733,0.0060940308808738,0.0158558542773117,0.7403461779866899,0.0244749745197308,292.3234722522133,0.5122119165309087,0.279532967032967,0.9487179487179488,0.0050698976640068,0.0156413443347083,0.5403461779866898,0.0197110104590923,-1.1696537824803386,0.002335918429348216,0.0025183150183150094,0.0
calibration_recalibration_v1,2026-09-23 20:06:37,404,D3_PaySim,lightgbm,strict,False,1000000,749,1000000.0,RAW,20.651115655899048,600000,449,200000,150,0.01,200000,150,0.00075,136,952,198898,14,0.9066666666666666,0.125,0.2197092084006462,0.3356700883435383,0.7518553197626606,0.9983663914602618,0.0006602755275976,0.0029101781213824,0.000707186568463,0.7072756332626408,0.001457186568463,47.6,0.7,117.6,0.0006602755275976,0.000707186568463,0.7072756332626408,0.0029101781213824,117.6,0.3356700883435383,0.125,0.9066666666666666,0.0,0.0,0.0,0.0,0.0,0.0,0.0,0.0
calibration_recalibration_v1,2026-09-23 20:06:37,404,D3_PaySim,lightgbm,strict,False,1000000,749,1000000.0,PLATT_SIGMOID,20.651115655899048,600000,449,200000,150,0.02,200000,150,0.00075,114,122,199728,36,0.76,0.4830508474576271,0.5906735751295337,0.605546786207915,0.7518553197626606,0.9983663914602618,0.0003891991503633,0.0021635863608491,0.0001988922935097,0.4276723713722133,0.0007004940303111,6.1,1.8,186.1,0.0006602755275976,0.000707186568463,0.7072756332626408,0.0029101781213824,117.6,0.3356700883435383,0.125,0.9066666666666666,0.00027107637723430004,0.0005082942749533,0.27960326189042745,0.0007465917605333,68.5,0.26987669786437674,0.3580508474576271,-0.1466666666666666
calibration_recalibration_v1,2026-09-23 20:06:37,404,D3_PaySim,lightgbm,strict,False,1000000,749,1000000.0,ISOTONIC,20.651115655899048,600000,449,200000,150,0.01,200000,150,0.00075,140,1405,198445,10,0.9333333333333332,0.0906148867313915,0.1651917404129793,0.2896380002603749,0.7253961418286599,0.9887766658327076,0.0003118916999051,0.0014707196173962,4.2982921442552186e-05,0.1999999999999999,0.0007559823250851,70.25,0.5,120.25,0.0006602755275976,0.000707186568463,0.7072756332626408,0.0029101781213824,117.6,0.3356700883435383,0.125,0.9066666666666666,0.00034838382769250006,0.0006642036470204479,0.5072756332626409,0.0014394585039862,2.6500000000000057,-0.04603208808316339,-0.034385113268608505,0.026666666666666616
calibration_recalibration_v1,2026-09-23 20:05:38,404,D3_PaySim,xgboost,strict,False,1000000,749,1000000.0,RAW,1.6886680126190186,600000,449,200000,150,0.48,200000,150,0.00075,138,1381,198469,12,0.92,0.0908492429229756,0.1653684841222288,0.2879206730327116,0.7547193124967452,0.9926789258610624,0.004948206104908,0.0171113447214238,0.0102352194037735,0.8099778804434351,0.0109852194037735,69.05,0.6,129.05,0.004948206104908,0.0102352194037735,0.8099778804434351,0.0171113447214238,129.05,0.2879206730327116,0.0908492429229756,0.92,0.0,0.0,0.0,0.0,0.0,0.0,0.0,0.0
calibration_recalibration_v1,2026-09-23 20:05:38,404,D3_PaySim,xgboost,strict,False,1000000,749,1000000.0,PLATT_SIGMOID,1.6886680126190186,600000,449,200000,150,0.02,200000,150,0.00075,135,900,198950,15,0.9,0.1304347826086956,0.2278481012658227,0.3416670830779135,0.7547193124967452,0.9926789258610624,0.0005124965571204,0.0021063198621421,0.0006615628624208,0.4844205536164538,0.0008157255814726,45.0,0.7499999999999999,120.0,0.004948206104908,0.0102352194037735,0.8099778804434351,0.0171113447214238,129.05,0.2879206730327116,0.0908492429229756,0.92,0.0044357095477875995,0.009573656541352699,0.3255573268269813,0.0150050248592817,-9.050000000000011,0.053746410045201864,0.03958553968572,-0.020000000000000018
calibration_recalibration_v1,2026-09-23 20:05:38,404,D3_PaySim,xgboost,strict,False,1000000,749,1000000.0,ISOTONIC,1.6886680126190186,600000,449,200000,150,0.01,200000,150,0.00075,135,906,198944,15,0.9,0.1296829971181556,0.2267002518891687,0.340674743867116,0.7273937404805517,0.9882162621966476,0.0003115888607597,0.0015756033340306,7.608524312008979e-05,0.0940181991133419,0.0007589262254126,45.3,0.7499999999999999,120.3,0.004948206104908,0.0102352194037735,0.8099778804434351,0.0171113447214238,129.05,0.2879206730327116,0.0908492429229756,0.92,0.0046366172441483,0.01015913416065341,0.7159596813300932,0.0155357413873932,-8.750000000000014,0.052754070834404365,0.038833754195179995,-0.020000000000000018
calibration_recalibration_v1,2026-09-23 19:52:46,42,D1_creditcard,lightgbm,strict,False,283726,473,,RAW,16.780811548233032,170235,284,56745,94,0.01,56746,95,0.0016741268107003,75,8,56643,20,0.7894736842105263,0.9036144578313252,0.8426966292134831,0.844377655314039,0.8225881064979813,0.9307864682093222,0.0004785052478594,0.0049817608614608,0.0004960658077562,0.8820761839168562,0.0013394830897314,1.4097909984844748,3.524477496211187,353.8575406196032,0.0004785052478594,0.0004960658077562,0.8820761839168562,0.0049817608614608,353.8575406196032,0.844377655314039,0.9036144578313252,0.7894736842105263,0.0,0.0,0.0,0.0,0.0,0.0,0.0,0.0
calibration_recalibration_v1,2026-09-23 19:52:46,42,D1_creditcard,lightgbm,strict,False,283726,473,,PLATT_SIGMOID,16.780811548233032,170235,284,56745,94,0.7,56746,95,0.0016741268107003,70,3,56648,25,0.7368421052631579,0.958904109589041,0.8333333333333334,0.8403482168680643,0.8225881064979813,0.9307864682093222,0.0005109030777848,0.0039703680676073,0.000151684577629,0.6529406841385144,0.0015492025366007,0.5286716244316779,4.405596870263984,441.08835865083006,0.0004785052478594,0.0004960658077562,0.8820761839168562,0.0049817608614608,353.8575406196032,0.844377655314039,0.9036144578313252,0.7894736842105263,-3.239782992540003e-05,0.0003443812301272,0.2291354997783418,0.0010113927938535001,87.23081803122687,-0.004029438445974698,0.05528965175771583,-0.052631578947368474
calibration_recalibration_v1,2026-09-23 19:52:46,42,D1_creditcard,lightgbm,strict,False,283726,473,,ISOTONIC,16.780811548233032,170235,284,56745,94,0.01,56746,95,0.0016741268107003,80,207,56444,15,0.8421052631578947,0.2787456445993031,0.418848167539267,0.4832099875034347,0.7694402368540505,0.9206379039158504,0.0004566799522408,0.0032926439331257,0.0002123657165738,0.7111988572358505,0.0015353345618598,36.47834208578578,2.64335812215839,300.8141543016248,0.0004785052478594,0.0004960658077562,0.8820761839168562,0.0049817608614608,353.8575406196032,0.844377655314039,0.9036144578313252,0.7894736842105263,2.1825295618600022e-05,0.00028370009118239997,0.17087732668100564,0.0016891169283351003,-53.04338631797839,-0.3611676678106043,-0.6248688132320221,0.05263157894736836
calibration_recalibration_v1,2026-09-23 19:52:19,42,D1_creditcard,xgboost,strict,False,283726,473,,RAW,5.943678140640259,170235,284,56745,94,0.07,56746,95,0.0016741268107003,77,45,56606,18,0.8105263157894737,0.6311475409836066,0.7096774193548387,0.7147047952234454,0.8174215514896194,0.969309595501171,0.0004653020633391,0.003327467934403,0.0003369169527695,0.4644767045974731,0.0016987824787971,7.93007436647517,3.172029746590068,325.133049025482,0.0004653020633391,0.0003369169527695,0.4644767045974731,0.003327467934403,325.133049025482,0.7147047952234454,0.6311475409836066,0.8105263157894737,0.0,0.0,0.0,0.0,0.0,0.0,0.0,0.0
calibration_recalibration_v1,2026-09-23 19:52:19,42,D1_creditcard,xgboost,strict,False,283726,473,,PLATT_SIGMOID,5.943678140640259,170235,284,56745,94,0.02,56746,95,0.0016741268107003,75,9,56642,20,0.7894736842105263,0.8928571428571429,0.8379888268156425,0.8393251857666664,0.8174215514896194,0.969309595501171,0.0004782219165688,0.0035659029014812,0.0002740986530622,0.5240046221463674,0.0015079093398252,1.586014873295034,3.524477496211187,354.03376449441373,0.0004653020633391,0.0003369169527695,0.4644767045974731,0.003327467934403,325.133049025482,0.7147047952234454,0.6311475409836066,0.8105263157894737,-1.2919853229700017e-05,6.281829970730001e-05,-0.05952791754889436,-0.00023843496707820011,28.900715468931708,0.12462039054322094,0.2617096018735363,-0.021052631578947323
calibration_recalibration_v1,2026-09-23 19:52:19,42,D1_creditcard,xgboost,strict,False,283726,473,,ISOTONIC,5.943678140640259,170235,284,56745,94,0.01,56746,95,0.0016741268107003,77,43,56608,18,0.8105263157894737,0.6416666666666667,0.7162790697674418,0.7206547494869205,0.7989971138905971,0.9702362293971676,0.0004654808844302,0.0031649007505788,0.0002258505622154,0.2194296774051058,0.0015257818706124,7.577626616854052,3.172029746590068,324.7806012758608,0.0004653020633391,0.0003369169527695,0.4644767045974731,0.003327467934403,325.133049025482,0.7147047952234454,0.6311475409836066,0.8105263157894737,-1.7882109110004332e-07,0.00011106639055409999,0.2450470271923673,0.00016256718382419997,-0.35244774962120573,0.00594995426347511,0.010519125683060127,0.0
calibration_recalibration_v1,2026-09-23 19:53:33,42,D2_fraudTest,lightgbm,strict,False,555719,2145,,RAW,14.1378071308136,333431,1287,111144,429,0.03,111144,429,0.0038598574821852,411,691,110024,18,0.958041958041958,0.3729582577132486,0.5369039843239712,0.5956729337303581,0.9278436383229136,0.9977959748180584,0.0012061354838399,0.0047527629302999,0.001368063336545,0.6234087763958259,0.0052279208187303,62.17159720722666,1.6195206218959188,224.1236593968185,0.0012061354838399,0.001368063336545,0.6234087763958259,0.0047527629302999,224.1236593968185,0.5956729337303581,0.3729582577132486,0.958041958041958,0.0,0.0,0.0,0.0,0.0,0.0,0.0,0.0
calibration_recalibration_v1,2026-09-23 19:53:33,42,D2_fraudTest,lightgbm,strict,False,555719,2145,,PLATT_SIGMOID,14.1378071308136,333431,1287,111144,429,0.01,111144,429,0.0038598574821852,396,193,110522,33,0.9230769230769232,0.6723259762308998,0.7779960707269156,0.7868682052694087,0.9278436383229136,0.9977959748180584,0.0008910034970637,0.0045687475407745,0.0004598441394712,0.5497692067277391,0.0040772049205572,17.364860001439574,2.969121140142518,314.27697401569134,0.0012061354838399,0.001368063336545,0.6234087763958259,0.0047527629302999,224.1236593968185,0.5956729337303581,0.3729582577132486,0.958041958041958,0.0003151319867761999,0.0009082191970738,0.07363956966808682,0.0001840153895254007,90.15331461887283,0.19119527153905058,0.29936771851765126,-0.03496503496503478
calibration_recalibration_v1,2026-09-23 19:53:33,42,D2_fraudTest,lightgbm,strict,False,555719,2145,,ISOTONIC,14.1378071308136,333431,1287,111144,429,0.01,111144,429,0.0038598574821852,418,1921,108794,11,0.9743589743589745,0.17870884993587,0.3020231213872832,0.4134356882969844,0.9151114351994862,0.9969990358284628,0.0007270545340128,0.0034829746814616,0.0002662621392362,0.3479454083239275,0.0039855419562493,172.83883970344775,0.9897070467141724,271.8095443748651,0.0012061354838399,0.001368063336545,0.6234087763958259,0.0047527629302999,224.1236593968185,0.5956729337303581,0.3729582577132486,0.958041958041958,0.0004790809498270999,0.0011018011973088,0.2754633680718984,0.0012697882488383002,47.68588497804657,-0.18223724543337372,-0.1942494077773786,0.01631701631701643
calibration_recalibration_v1,2026-09-23 19:53:00,42,D2_fraudTest,xgboost,strict,False,555719,2145,,RAW,1.7040705680847168,333431,1287,111144,429,0.25,111144,429,0.0038598574821852,414,1420,109295,15,0.965034965034965,0.2257360959651036,0.3658859920459567,0.4634839051473299,0.8923037809601,0.9974242018951408,0.0051138733411021,0.0206247921771202,0.0130864120049206,0.7369875401482546,0.0169462694871058,127.76218239401136,1.349600518246599,262.7222342186713,0.0051138733411021,0.0130864120049206,0.7369875401482546,0.0206247921771202,262.7222342186713,0.4634839051473299,0.2257360959651036,0.965034965034965,0.0,0.0,0.0,0.0,0.0,0.0,0.0,0.0
calibration_recalibration_v1,2026-09-23 19:53:00,42,D2_fraudTest,xgboost,strict,False,555719,2145,,PLATT_SIGMOID,1.7040705680847168,333431,1287,111144,429,0.01,111144,429,0.0038598574821852,408,885,109830,21,0.951048951048951,0.3155452436194895,0.4738675958188153,0.5453406100712551,0.8923037809601,0.9974242018951408,0.0014261562593185,0.0057095628844639,0.0016826214318614,0.3742406047304981,0.0040666109141877,79.62643057654935,1.8894407255452383,268.5705031310732,0.0051138733411021,0.0130864120049206,0.7369875401482546,0.0206247921771202,262.7222342186713,0.4634839051473299,0.2257360959651036,0.965034965034965,0.0036877170817836,0.011403790573059201,0.36274693541775654,0.0149152292926563,5.84826891240192,0.08185670492392522,0.08980914765438588,-0.013986013986013957
calibration_recalibration_v1,2026-09-23 19:53:00,42,D2_fraudTest,xgboost,strict,False,555719,2145,,ISOTONIC,1.7040705680847168,333431,1287,111144,429,0.01,111144,429,0.0038598574821852,412,1161,109554,17,0.9603729603729604,0.2619198982835346,0.4115884115884116,0.4986449839900569,0.8764238279902711,0.9969553275609366,0.0010143841661285,0.0042078497594851,0.0002545703071788,0.2495400378108068,0.0039963731325222,104.45908011228676,1.529547254012812,257.413805513568,0.0051138733411021,0.0130864120049206,0.7369875401482546,0.0206247921771202,262.7222342186713,0.4634839051473299,0.2257360959651036,0.965034965034965,0.0040994891749736,0.0128318416977418,0.4874475023374478,0.0164169424176351,-5.308428705103324,0.03516107884272701,0.03618380231843102,-0.004662004662004615
calibration_recalibration_v1,2026-09-23 19:55:07,42,D3_PaySim,lightgbm,strict,False,1000000,749,1000000.0,RAW,23.756900548934937,600000,449,200000,150,0.01,200000,150,0.00075,142,888,198962,8,0.9466666666666668,0.1378640776699029,0.2406779661016949,0.3603621329827561,0.7904288910409689,0.9988781752981404,0.0006622480879989,0.0028228644546725,0.0007697627466704,0.7106366370261855,0.0015197627466704,44.400000000000006,0.4,84.39999999999999,0.0006622480879989,0.0007697627466704,0.7106366370261855,0.0028228644546725,84.39999999999999,0.3603621329827561,0.1378640776699029,0.9466666666666668,0.0,0.0,0.0,0.0,0.0,0.0,0.0,0.0
calibration_recalibration_v1,2026-09-23 19:55:07,42,D3_PaySim,lightgbm,strict,False,1000000,749,1000000.0,PLATT_SIGMOID,23.756900548934937,600000,449,200000,150,0.01,200000,150,0.00075,121,154,199696,29,0.8066666666666666,0.44,0.5694117647058824,0.5953799318191563,0.7904288910409689,0.9988781752981404,0.0003553742145548,0.0019394162889313,0.0002252416645347,0.3571394805487016,0.0007000206871738,7.699999999999999,1.45,152.70000000000002,0.0006622480879989,0.0007697627466704,0.7106366370261855,0.0028228644546725,84.39999999999999,0.3603621329827561,0.1378640776699029,0.9466666666666668,0.00030687387344409997,0.0005445210821357,0.3534971564774839,0.0008834481657412003,68.30000000000003,0.23501779883640017,0.3021359223300971,-0.14000000000000012
calibration_recalibration_v1,2026-09-23 19:55:07,42,D3_PaySim,lightgbm,strict,False,1000000,749,1000000.0,ISOTONIC,23.756900548934937,600000,449,200000,150,0.01,200000,150,0.00075,142,857,198993,8,0.9466666666666668,0.1421421421421421,0.2471714534377719,0.3659423551501768,0.7564348326304711,0.9988379784838628,0.0002823347903822,0.0012955094475767,0.0001251166141927,0.3452072991987395,0.0008617594713356,42.85,0.4,82.85000000000001,0.0006622480879989,0.0007697627466704,0.7106366370261855,0.0028228644546725,84.39999999999999,0.3603621329827561,0.1378640776699029,0.9466666666666668,0.0003799132976167,0.0006446461324777001,0.365429337827446,0.0015273550070958003,-1.549999999999983,0.005580222167420712,0.00427806447223919,0.0
calibration_recalibration_v1,2026-09-23 19:54:06,42,D3_PaySim,xgboost,strict,False,1000000,749,1000000.0,RAW,1.631721019744873,600000,449,200000,150,0.58,200000,150,0.00075,142,1110,198740,8,0.9466666666666668,0.1134185303514377,0.202567760342368,0.3266522847379119,0.7621380997427408,0.9982207989325328,0.0052137129520388,0.0179416317247592,0.0106687775630556,0.8243766209563694,0.0114187775630556,55.5,0.4,95.5,0.0052137129520388,0.0106687775630556,0.8243766209563694,0.0179416317247592,95.5,0.3266522847379119,0.1134185303514377,0.9466666666666668,0.0,0.0,0.0,0.0,0.0,0.0,0.0,0.0
calibration_recalibration_v1,2026-09-23 19:54:06,42,D3_PaySim,xgboost,strict,False,1000000,749,1000000.0,PLATT_SIGMOID,1.631721019744873,600000,449,200000,150,0.08,200000,150,0.00075,135,516,199334,15,0.9,0.2073732718894009,0.3370786516853932,0.4313154227918782,0.7621380997427408,0.9982207989325328,0.0005107465961833,0.0020093715049117,0.00068260165108,0.5324853693407969,0.0008415428911117,25.8,0.7499999999999999,100.8,0.0052137129520388,0.0106687775630556,0.8243766209563694,0.0179416317247592,95.5,0.3266522847379119,0.1134185303514377,0.9466666666666668,0.0047029663558555,0.009986175911975599,0.2918912516155725,0.0159322602198475,5.299999999999997,0.10466313805396626,0.09395474153796321,-0.046666666666666745
calibration_recalibration_v1,2026-09-23 19:54:06,42,D3_PaySim,xgboost,strict,False,1000000,749,1000000.0,ISOTONIC,1.631721019744873,600000,449,200000,150,0.01,200000,150,0.00075,142,1091,198759,8,0.9466666666666668,0.1151662611516626,0.205350686912509,0.3291769664333279,0.7324686933313737,0.9975749812359268,0.0003057773544594,0.0014503117500977,0.0001509907637981,0.0918171035926675,0.0008770851542241,54.55,0.4,94.55,0.0052137129520388,0.0106687775630556,0.8243766209563694,0.0179416317247592,95.5,0.3266522847379119,0.1134185303514377,0.9466666666666668,0.0049079355975794,0.0105177867992575,0.732559517363702,0.0164913199746615,-0.9500000000000028,0.0025246816954159756,0.0017477308002249031,0.0
