column,dtype,missing,missing_pct,unique,unique_pct,role_hint
Time,float64,0,0.0,124592,43.746116,time/date
V1,float64,0,0.0,275663,96.789405,
V2,float64,0,0.0,275663,96.789405,
V3,float64,0,0.0,275663,96.789405,
V4,float64,0,0.0,275663,96.789405,
V5,float64,0,0.0,275663,96.789405,
V6,float64,0,0.0,275663,96.789405,
V7,float64,0,0.0,275663,96.789405,
V8,float64,0,0.0,275663,96.789405,
V9,float64,0,0.0,275663,96.789405,
V10,float64,0,0.0,275663,96.789405,
V11,float64,0,0.0,275663,96.789405,
V12,float64,0,0.0,275663,96.789405,
V13,float64,0,0.0,275663,96.789405,
V14,float64,0,0.0,275663,96.789405,
V15,float64,0,0.0,275663,96.789405,
V16,float64,0,0.0,275663,96.789405,
V17,float64,0,0.0,275663,96.789405,
V18,float64,0,0.0,275663,96.789405,
V19,float64,0,0.0,275663,96.789405,
V20,float64,0,0.0,275663,96.789405,
V21,float64,0,0.0,275663,96.789405,
V22,float64,0,0.0,275663,96.789405,
V23,float64,0,0.0,275663,96.789405,
V24,float64,0,0.0,275663,96.789405,
V25,float64,0,0.0,275663,96.789405,
V26,float64,0,0.0,275663,96.789405,
V27,float64,0,0.0,275663,96.789405,
V28,float64,0,0.0,275663,96.789405,
Amount,float64,0,0.0,32767,11.504984,
Class,int64,0,0.0,2,0.000702,label
