axis,dataset,model,scenario,budget_type,budget_value,n_seeds,precision_mean,precision_std,recall_mean,recall_std,false_alerts_mean,cost_mean
calibration,D1_creditcard,lightgbm,CALIBRATION_ISOTONIC,alerts_per_10k,100.0,5,0.146031746031746,0.006032674206873744,0.8715789473684211,0.036005539739972794,484.2,300.3207274521552
calibration,D1_creditcard,lightgbm,CALIBRATION_ISOTONIC,alerts_per_10k,500.0,5,0.029397250616848787,0.0011848950520952843,0.8778947368421053,0.03538470802941392,2753.6,689.669756458605
calibration,D1_creditcard,lightgbm,CALIBRATION_ISOTONIC,alerts_per_10k,1000.0,5,0.01469603524229075,0.0005923431300078102,0.8778947368421053,0.03538470802941392,5591.6,1189.7931131709724
calibration,D1_creditcard,lightgbm,CALIBRATION_ISOTONIC,top_fraction,0.01,5,0.146031746031746,0.006032674206873744,0.8715789473684211,0.036005539739972794,484.2,300.3207274521552
calibration,D1_creditcard,lightgbm,CALIBRATION_PLATT_SIGMOID,alerts_per_10k,100.0,5,0.14673721340388007,0.005492914110193099,0.8757894736842106,0.03278402421557355,483.8,293.2012829098086
calibration,D1_creditcard,lightgbm,CALIBRATION_PLATT_SIGMOID,alerts_per_10k,500.0,5,0.029538244624603454,0.0010396814384034277,0.8821052631578947,0.03104817095526866,2753.2,682.5503119162584
calibration,D1_creditcard,lightgbm,CALIBRATION_PLATT_SIGMOID,alerts_per_10k,1000.0,5,0.014766519823788547,0.0005197491173128681,0.8821052631578947,0.03104817095526866,5591.2,1182.6736686286258
calibration,D1_creditcard,lightgbm,CALIBRATION_PLATT_SIGMOID,top_fraction,0.01,5,0.14673721340388007,0.005492914110193099,0.8757894736842106,0.03278402421557355,483.8,293.2012829098086
calibration,D1_creditcard,lightgbm,CALIBRATION_RAW,alerts_per_10k,100.0,5,0.14673721340388007,0.005492914110193099,0.8757894736842106,0.03278402421557355,483.8,293.2012829098086
calibration,D1_creditcard,lightgbm,CALIBRATION_RAW,alerts_per_10k,500.0,5,0.029538244624603454,0.0010396814384034277,0.8821052631578947,0.03104817095526866,2753.2,682.5503119162584
calibration,D1_creditcard,lightgbm,CALIBRATION_RAW,alerts_per_10k,1000.0,5,0.014766519823788547,0.0005197491173128681,0.8821052631578947,0.03104817095526866,5591.2,1182.6736686286258
calibration,D1_creditcard,lightgbm,CALIBRATION_RAW,top_fraction,0.01,5,0.14673721340388007,0.005492914110193099,0.8757894736842106,0.03278402421557355,483.8,293.2012829098086
calibration,D1_creditcard,xgboost,CALIBRATION_ISOTONIC,alerts_per_10k,100.0,5,0.14532627865961198,0.007847829086873715,0.8673684210526316,0.04683914833955156,484.6,307.44017199450184
calibration,D1_creditcard,xgboost,CALIBRATION_ISOTONIC,alerts_per_10k,500.0,5,0.03052520267888615,0.001015499491779199,0.9115789473684212,0.03032602166502721,2750.4,632.7142001198323
calibration,D1_creditcard,xgboost,CALIBRATION_ISOTONIC,alerts_per_10k,1000.0,5,0.015647577092511016,0.00031521663118939735,0.9347368421052632,0.018830046126314014,5586.2,1093.6806118492934
calibration,D1_creditcard,xgboost,CALIBRATION_ISOTONIC,top_fraction,0.01,5,0.14532627865961198,0.007847829086873715,0.8673684210526316,0.04683914833955156,484.6,307.44017199450184
calibration,D1_creditcard,xgboost,CALIBRATION_PLATT_SIGMOID,alerts_per_10k,100.0,5,0.14638447971781304,0.006715849299703625,0.8736842105263157,0.04008301634665213,484.0,296.7610051809819
calibration,D1_creditcard,xgboost,CALIBRATION_PLATT_SIGMOID,alerts_per_10k,500.0,5,0.03031371166725414,0.001342222965432484,0.9052631578947368,0.040083016346652144,2751.0,643.3933669333521
calibration,D1_creditcard,xgboost,CALIBRATION_PLATT_SIGMOID,alerts_per_10k,1000.0,5,0.015753303964757708,0.0002948581591309522,0.9410526315789474,0.017613895295454225,5585.6,1083.0014450357735
calibration,D1_creditcard,xgboost,CALIBRATION_PLATT_SIGMOID,top_fraction,0.01,5,0.14638447971781304,0.006715849299703625,0.8736842105263157,0.04008301634665213,484.0,296.7610051809819
calibration,D1_creditcard,xgboost,CALIBRATION_RAW,alerts_per_10k,100.0,5,0.14638447971781304,0.006715849299703625,0.8736842105263157,0.04008301634665213,484.0,296.7610051809819
calibration,D1_creditcard,xgboost,CALIBRATION_RAW,alerts_per_10k,500.0,5,0.03031371166725414,0.001342222965432484,0.9052631578947368,0.040083016346652144,2751.0,643.3933669333521
calibration,D1_creditcard,xgboost,CALIBRATION_RAW,alerts_per_10k,1000.0,5,0.015753303964757708,0.0002948581591309522,0.9410526315789474,0.017613895295454225,5585.6,1083.0014450357735
calibration,D1_creditcard,xgboost,CALIBRATION_RAW,top_fraction,0.01,5,0.14638447971781304,0.006715849299703625,0.8736842105263157,0.04008301634665213,484.0,296.7610051809819
calibration,D2_fraudTest,lightgbm,CALIBRATION_ISOTONIC,alerts_per_10k,100.0,5,0.37047704770477047,0.003462715402641116,0.9594405594405593,0.00896754501709619,699.4,219.48103361405023
calibration,D2_fraudTest,lightgbm,CALIBRATION_ISOTONIC,alerts_per_10k,500.0,5,0.07644412452762282,0.0002669137479609768,0.9902097902097902,0.0034574351921192073,5132.2,499.5501331605845
calibration,D2_fraudTest,lightgbm,CALIBRATION_ISOTONIC,alerts_per_10k,1000.0,5,0.038330034191110314,8.997660608241892e-05,0.993006993006993,0.002331002331002363,10688.0,988.6273662995752
calibration,D2_fraudTest,lightgbm,CALIBRATION_ISOTONIC,top_fraction,0.01,5,0.37047704770477047,0.003462715402641116,0.9594405594405593,0.00896754501709619,699.4,219.48103361405023
calibration,D2_fraudTest,lightgbm,CALIBRATION_PLATT_SIGMOID,alerts_per_10k,100.0,5,0.3708370837083709,0.002985260837403591,0.9603729603729605,0.007731060117378528,699.0,215.84610955157274
calibration,D2_fraudTest,lightgbm,CALIBRATION_PLATT_SIGMOID,alerts_per_10k,500.0,5,0.07651610581248876,0.00026691374796097503,0.9911421911421912,0.003457435192119163,5131.8,495.91520909810697
calibration,D2_fraudTest,lightgbm,CALIBRATION_PLATT_SIGMOID,alerts_per_10k,1000.0,5,0.038330034191110314,8.997660608241892e-05,0.993006993006993,0.002331002331002363,10688.0,988.6273662995752
calibration,D2_fraudTest,lightgbm,CALIBRATION_PLATT_SIGMOID,top_fraction,0.01,5,0.3708370837083709,0.002985260837403591,0.9603729603729605,0.007731060117378528,699.0,215.84610955157274
calibration,D2_fraudTest,lightgbm,CALIBRATION_RAW,alerts_per_10k,100.0,5,0.3708370837083709,0.002985260837403591,0.9603729603729605,0.007731060117378528,699.0,215.84610955157274
calibration,D2_fraudTest,lightgbm,CALIBRATION_RAW,alerts_per_10k,500.0,5,0.07651610581248876,0.00026691374796097503,0.9911421911421912,0.003457435192119163,5131.8,495.91520909810697
calibration,D2_fraudTest,lightgbm,CALIBRATION_RAW,alerts_per_10k,1000.0,5,0.038330034191110314,8.997660608241892e-05,0.993006993006993,0.002331002331002363,10688.0,988.6273662995752
calibration,D2_fraudTest,lightgbm,CALIBRATION_RAW,top_fraction,0.01,5,0.3708370837083709,0.002985260837403591,0.9603729603729605,0.007731060117378528,699.0,215.84610955157274
calibration,D2_fraudTest,xgboost,CALIBRATION_ISOTONIC,alerts_per_10k,100.0,5,0.36237623762376237,0.004788275815758925,0.9384615384615385,0.012400406599785916,708.4,301.2668250197941
calibration,D2_fraudTest,xgboost,CALIBRATION_ISOTONIC,alerts_per_10k,500.0,5,0.07601223681842721,0.0004862068053304448,0.9846153846153847,0.006298021485364251,5134.6,521.3596775354496
calibration,D2_fraudTest,xgboost,CALIBRATION_ISOTONIC,alerts_per_10k,1000.0,5,0.03822206226381141,0.0001609550460680079,0.9902097902097902,0.004169823734265363,10689.2,999.5321384870078
calibration,D2_fraudTest,xgboost,CALIBRATION_ISOTONIC,top_fraction,0.01,5,0.36237623762376237,0.004788275815758925,0.9384615384615385,0.012400406599785916,708.4,301.2668250197941
calibration,D2_fraudTest,xgboost,CALIBRATION_PLATT_SIGMOID,alerts_per_10k,100.0,5,0.36345634563456347,0.004144325628522529,0.9412587412587413,0.01073274073027629,707.2,290.36205283236166
calibration,D2_fraudTest,xgboost,CALIBRATION_PLATT_SIGMOID,alerts_per_10k,500.0,5,0.07622818067302502,0.0003011193185294501,0.9874125874125873,0.0039005129442147737,5133.4,510.454905348017
calibration,D2_fraudTest,xgboost,CALIBRATION_PLATT_SIGMOID,alerts_per_10k,1000.0,5,0.03831203886989383,9.856443359819493e-05,0.9925407925407926,0.0025534851165742336,10688.2,990.4448283308141
calibration,D2_fraudTest,xgboost,CALIBRATION_PLATT_SIGMOID,top_fraction,0.01,5,0.36345634563456347,0.004144325628522529,0.9412587412587413,0.01073274073027629,707.2,290.36205283236166
calibration,D2_fraudTest,xgboost,CALIBRATION_RAW,alerts_per_10k,100.0,5,0.36345634563456347,0.004144325628522529,0.9412587412587413,0.01073274073027629,707.2,290.36205283236166
calibration,D2_fraudTest,xgboost,CALIBRATION_RAW,alerts_per_10k,500.0,5,0.07622818067302502,0.0003011193185294501,0.9874125874125873,0.0039005129442147737,5133.4,510.454905348017
calibration,D2_fraudTest,xgboost,CALIBRATION_RAW,alerts_per_10k,1000.0,5,0.03831203886989383,9.856443359819493e-05,0.9925407925407926,0.0025534851165742336,10688.2,990.4448283308141
calibration,D2_fraudTest,xgboost,CALIBRATION_RAW,top_fraction,0.01,5,0.36345634563456347,0.004144325628522529,0.9412587412587413,0.01073274073027629,707.2,290.36205283236166
calibration,D3_PaySim,lightgbm,CALIBRATION_ISOTONIC,alerts_per_10k,100.0,5,0.07189999999999999,0.0006519202405202652,0.9586666666666666,0.00869226987360354,1856.2,123.80999999999999
calibration,D3_PaySim,lightgbm,CALIBRATION_ISOTONIC,alerts_per_10k,500.0,5,0.01482,0.00010954451150103325,0.9879999999999999,0.007302967433402232,9851.8,501.59
calibration,D3_PaySim,lightgbm,CALIBRATION_ISOTONIC,alerts_per_10k,1000.0,5,0.007430000000000001,6.708203932499338e-05,0.9906666666666666,0.008944271909999153,19851.4,999.57
calibration,D3_PaySim,lightgbm,CALIBRATION_ISOTONIC,top_fraction,0.01,5,0.07189999999999999,0.0006519202405202652,0.9586666666666666,0.00869226987360354,1856.2,123.80999999999999
calibration,D3_PaySim,lightgbm,CALIBRATION_PLATT_SIGMOID,alerts_per_10k,100.0,5,0.0717,0.0005700877125495683,0.9560000000000001,0.007601169500660892,1856.6,125.83
calibration,D3_PaySim,lightgbm,CALIBRATION_PLATT_SIGMOID,alerts_per_10k,500.0,5,0.014979999999999999,4.472135954999573e-05,0.9986666666666666,0.002981423969999737,9850.2,493.51000000000005
calibration,D3_PaySim,lightgbm,CALIBRATION_PLATT_SIGMOID,alerts_per_10k,1000.0,5,0.0075,0.0,1.0,0.0,19850.0,992.5
calibration,D3_PaySim,lightgbm,CALIBRATION_PLATT_SIGMOID,top_fraction,0.01,5,0.0717,0.0005700877125495683,0.9560000000000001,0.007601169500660892,1856.6,125.83
calibration,D3_PaySim,lightgbm,CALIBRATION_RAW,alerts_per_10k,100.0,5,0.0717,0.0005700877125495683,0.9560000000000001,0.007601169500660892,1856.6,125.83
calibration,D3_PaySim,lightgbm,CALIBRATION_RAW,alerts_per_10k,500.0,5,0.014979999999999999,4.472135954999573e-05,0.9986666666666666,0.002981423969999737,9850.2,493.51000000000005
calibration,D3_PaySim,lightgbm,CALIBRATION_RAW,alerts_per_10k,1000.0,5,0.0075,0.0,1.0,0.0,19850.0,992.5
calibration,D3_PaySim,lightgbm,CALIBRATION_RAW,top_fraction,0.01,5,0.0717,0.0005700877125495683,0.9560000000000001,0.007601169500660892,1856.6,125.83
calibration,D3_PaySim,xgboost,CALIBRATION_ISOTONIC,alerts_per_10k,100.0,5,0.0707,0.0004472135954999542,0.9426666666666665,0.005962847939999422,1858.6,135.93
calibration,D3_PaySim,xgboost,CALIBRATION_ISOTONIC,alerts_per_10k,500.0,5,0.01484,0.00011401754250991379,0.9893333333333333,0.0076011695006609125,9851.6,500.58000000000004
calibration,D3_PaySim,xgboost,CALIBRATION_ISOTONIC,alerts_per_10k,1000.0,5,0.00747,4.472135954999557e-05,0.9959999999999999,0.005962847939999428,19850.6,995.53
calibration,D3_PaySim,xgboost,CALIBRATION_ISOTONIC,top_fraction,0.01,5,0.0707,0.0004472135954999542,0.9426666666666665,0.005962847939999422,1858.6,135.93
calibration,D3_PaySim,xgboost,CALIBRATION_PLATT_SIGMOID,alerts_per_10k,100.0,5,0.07039999999999999,0.0008215838362577429,0.9386666666666666,0.010954451150103297,1859.2,138.95999999999998
calibration,D3_PaySim,xgboost,CALIBRATION_PLATT_SIGMOID,alerts_per_10k,500.0,5,0.0149,0.000122474487139159,0.9933333333333334,0.008164965809277256,9851.0,497.55
calibration,D3_PaySim,xgboost,CALIBRATION_PLATT_SIGMOID,alerts_per_10k,1000.0,5,0.00747,4.472135954999557e-05,0.9959999999999999,0.005962847939999428,19850.6,995.53
calibration,D3_PaySim,xgboost,CALIBRATION_PLATT_SIGMOID,top_fraction,0.01,5,0.07039999999999999,0.0008215838362577429,0.9386666666666666,0.010954451150103297,1859.2,138.95999999999998
calibration,D3_PaySim,xgboost,CALIBRATION_RAW,alerts_per_10k,100.0,5,0.07039999999999999,0.0008215838362577429,0.9386666666666666,0.010954451150103297,1859.2,138.95999999999998
calibration,D3_PaySim,xgboost,CALIBRATION_RAW,alerts_per_10k,500.0,5,0.0149,0.000122474487139159,0.9933333333333334,0.008164965809277256,9851.0,497.55
calibration,D3_PaySim,xgboost,CALIBRATION_RAW,alerts_per_10k,1000.0,5,0.00747,4.472135954999557e-05,0.9959999999999999,0.005962847939999428,19850.6,995.53
calibration,D3_PaySim,xgboost,CALIBRATION_RAW,top_fraction,0.01,5,0.07039999999999999,0.0008215838362577429,0.9386666666666666,0.010954451150103297,1859.2,138.95999999999998
explanation,D1_creditcard,lightgbm,CHRONOLOGICAL_SAFE,alerts_per_10k,100.0,5,0.11463844797178128,0.0012471019068545804,0.8783783783783784,0.009555497043061422,502.0,247.0658724844042
explanation,D1_creditcard,lightgbm,CHRONOLOGICAL_SAFE,alerts_per_10k,500.0,5,0.023757490306661966,0.00031527218575957565,0.9108108108108108,0.012086853932431274,2769.6,604.3774010502942
explanation,D1_creditcard,lightgbm,CHRONOLOGICAL_SAFE,alerts_per_10k,1000.0,5,0.012158590308370043,0.000215814074254025,0.9324324324324325,0.01655060637015661,5606.0,1076.0229795932753
explanation,D1_creditcard,lightgbm,CHRONOLOGICAL_SAFE,top_fraction,0.01,5,0.11463844797178128,0.0012471019068545804,0.8783783783783784,0.009555497043061422,502.0,247.0658724844042
explanation,D1_creditcard,lightgbm,RANDOM_STRATIFIED_SAFE,alerts_per_10k,100.0,5,0.14673721340388007,0.005492914110193099,0.8757894736842106,0.03278402421557355,483.8,293.2012829098086
explanation,D1_creditcard,lightgbm,RANDOM_STRATIFIED_SAFE,alerts_per_10k,500.0,5,0.030666196686640817,0.0008266506450164665,0.9157894736842106,0.02468639873591276,2750.0,625.5947555774858
explanation,D1_creditcard,lightgbm,RANDOM_STRATIFIED_SAFE,alerts_per_10k,1000.0,5,0.015612334801762115,0.00036539984763573095,0.9326315789473684,0.021827833003502897,5586.4,1097.2403341204667
explanation,D1_creditcard,lightgbm,RANDOM_STRATIFIED_SAFE,top_fraction,0.01,5,0.14673721340388007,0.005492914110193099,0.8757894736842106,0.03278402421557355,483.8,293.2012829098086
explanation,D1_creditcard,xgboost,CHRONOLOGICAL_SAFE,alerts_per_10k,100.0,5,0.1125220458553792,0.0007887364999999246,0.8621621621621621,0.00604342696621569,503.2,268.424206111444
explanation,D1_creditcard,xgboost,CHRONOLOGICAL_SAFE,alerts_per_10k,500.0,5,0.023898484314416636,0.00029491012567292075,0.9162162162162162,0.011306216574784783,2769.2,597.2579565079477
explanation,D1_creditcard,xgboost,CHRONOLOGICAL_SAFE,alerts_per_10k,1000.0,5,0.012475770925110133,0.00031521663118939784,0.9567567567567569,0.024173707864862573,5604.2,1043.9854791527155
explanation,D1_creditcard,xgboost,CHRONOLOGICAL_SAFE,top_fraction,0.01,5,0.1125220458553792,0.0007887364999999246,0.8621621621621621,0.00604342696621569,503.2,268.424206111444
explanation,D1_creditcard,xgboost,RANDOM_STRATIFIED_SAFE,alerts_per_10k,100.0,5,0.14779541446208114,0.004893981278840073,0.8821052631578947,0.02920934089581389,483.2,282.52211609628876
explanation,D1_creditcard,xgboost,RANDOM_STRATIFIED_SAFE,alerts_per_10k,500.0,5,0.030736693690518152,0.001097808354063972,0.9178947368421053,0.032784024215573526,2749.8,622.0350333063124
explanation,D1_creditcard,xgboost,RANDOM_STRATIFIED_SAFE,alerts_per_10k,1000.0,5,0.015753303964757708,0.00029485815913095196,0.9410526315789474,0.01761389529545422,5585.6,1083.0014450357735
explanation,D1_creditcard,xgboost,RANDOM_STRATIFIED_SAFE,top_fraction,0.01,5,0.14779541446208114,0.004893981278840073,0.8821052631578947,0.02920934089581389,483.2,282.52211609628876
explanation,D2_fraudTest,lightgbm,CHRONOLOGICAL_SAFE,alerts_per_10k,100.0,5,0.15211521152115212,0.001423167263802154,0.9184782608695652,0.008593145815674986,942.0,219.71496437054628
explanation,D2_fraudTest,lightgbm,CHRONOLOGICAL_SAFE,alerts_per_10k,500.0,5,0.03278747525643333,0.00015055965926472534,0.9902173913043478,0.0045470653615982334,5374.8,499.7840639170805
explanation,D2_fraudTest,lightgbm,CHRONOLOGICAL_SAFE,alerts_per_10k,1000.0,5,0.01655569551916502,0.0,1.0,0.0,10930.0,983.4089109623552
explanation,D2_fraudTest,lightgbm,CHRONOLOGICAL_SAFE,top_fraction,0.01,5,0.15211521152115212,0.001423167263802154,0.9184782608695652,0.008593145815674986,942.0,219.71496437054628
explanation,D2_fraudTest,lightgbm,RANDOM_STRATIFIED_SAFE,alerts_per_10k,100.0,5,0.3733573357335734,0.0026548841050860056,0.9668997668997669,0.006875469092658575,696.2,190.4016411142302
explanation,D2_fraudTest,lightgbm,RANDOM_STRATIFIED_SAFE,alerts_per_10k,500.0,5,0.07655209645492173,0.00016095504606801012,0.9916083916083916,0.0020849118671326912,5131.6,494.09774706686824
explanation,D2_fraudTest,lightgbm,RANDOM_STRATIFIED_SAFE,alerts_per_10k,1000.0,5,0.038384020154759765,4.928221679909901e-05,0.9944055944055945,0.0012767425582871105,10687.4,983.174980205859
explanation,D2_fraudTest,lightgbm,RANDOM_STRATIFIED_SAFE,top_fraction,0.01,5,0.3733573357335734,0.0026548841050860056,0.9668997668997669,0.006875469092658575,696.2,190.4016411142302
explanation,D2_fraudTest,xgboost,CHRONOLOGICAL_SAFE,alerts_per_10k,100.0,5,0.15409540954095408,0.001731357701320534,0.9304347826086957,0.010454013076995316,939.8,199.72288202692002
explanation,D2_fraudTest,xgboost,CHRONOLOGICAL_SAFE,alerts_per_10k,500.0,5,0.03260752204426849,0.00019712886719638992,0.9847826086956522,0.005953506059838752,5375.8,508.8713740732743
explanation,D2_fraudTest,xgboost,CHRONOLOGICAL_SAFE,alerts_per_10k,1000.0,5,0.016537700197948535,4.023876151700197e-05,0.9989130434782609,0.0024305086711954417,10930.2,985.2263729935939
explanation,D2_fraudTest,xgboost,CHRONOLOGICAL_SAFE,top_fraction,0.01,5,0.15409540954095408,0.001731357701320534,0.9304347826086957,0.010454013076995316,939.8,199.72288202692002
explanation,D2_fraudTest,xgboost,RANDOM_STRATIFIED_SAFE,alerts_per_10k,100.0,5,0.3672367236723672,0.002985260837403599,0.951048951048951,0.007731060117378544,703.0,252.1953501763478
explanation,D2_fraudTest,xgboost,RANDOM_STRATIFIED_SAFE,alerts_per_10k,500.0,5,0.07637214324275689,0.0002051782301779991,0.9892773892773892,0.0026577515736576655,5132.6,503.185057223062
explanation,D2_fraudTest,xgboost,RANDOM_STRATIFIED_SAFE,alerts_per_10k,1000.0,5,0.0383480295123268,0.0001478466503972919,0.9934731934731935,0.0038302276748613186,10687.8,986.8099042683367
explanation,D2_fraudTest,xgboost,RANDOM_STRATIFIED_SAFE,top_fraction,0.01,5,0.3672367236723672,0.002985260837403599,0.951048951048951,0.007731060117378544,703.0,252.1953501763478
explanation,D3_PaySim,lightgbm,CHRONOLOGICAL_SAFE,alerts_per_10k,100.0,5,0.0602,0.00044721359549995774,0.970967741935484,0.007213122508063829,1879.6,111.97999999999999
explanation,D3_PaySim,lightgbm,CHRONOLOGICAL_SAFE,alerts_per_10k,500.0,5,0.0123,0.0,0.9919354838709677,0.0,9877.0,498.85
explanation,D3_PaySim,lightgbm,CHRONOLOGICAL_SAFE,alerts_per_10k,1000.0,5,0.0061600000000000005,2.2360679774997674e-05,0.9935483870967742,0.003606561254031906,19876.8,997.8399999999999
explanation,D3_PaySim,lightgbm,CHRONOLOGICAL_SAFE,top_fraction,0.01,5,0.0602,0.00044721359549995774,0.970967741935484,0.007213122508063829,1879.6,111.97999999999999
explanation,D3_PaySim,lightgbm,RANDOM_STRATIFIED_SAFE,alerts_per_10k,100.0,5,0.0726,0.0011937336386313323,0.968,0.015916448515084423,1854.8,116.74000000000001
explanation,D3_PaySim,lightgbm,RANDOM_STRATIFIED_SAFE,alerts_per_10k,500.0,5,0.014960000000000001,5.4772255750516315e-05,0.9973333333333333,0.0036514837167011217,9850.4,494.52
explanation,D3_PaySim,lightgbm,RANDOM_STRATIFIED_SAFE,alerts_per_10k,1000.0,5,0.007489999999999999,2.23606797749977e-05,0.9986666666666666,0.002981423969999737,19850.2,993.51
explanation,D3_PaySim,lightgbm,RANDOM_STRATIFIED_SAFE,top_fraction,0.01,5,0.0726,0.0011937336386313323,0.968,0.015916448515084423,1854.8,116.74000000000001
explanation,D3_PaySim,xgboost,CHRONOLOGICAL_SAFE,alerts_per_10k,100.0,5,0.0598,0.0007582875444051557,0.964516129032258,0.01223044426459929,1880.4,116.02000000000001
explanation,D3_PaySim,xgboost,CHRONOLOGICAL_SAFE,alerts_per_10k,500.0,5,0.0123,0.0,0.9919354838709677,0.0,9877.0,498.85
explanation,D3_PaySim,xgboost,CHRONOLOGICAL_SAFE,alerts_per_10k,1000.0,5,0.00615,0.0,0.9919354838709677,0.0,19877.0,998.85
explanation,D3_PaySim,xgboost,CHRONOLOGICAL_SAFE,top_fraction,0.01,5,0.0598,0.0007582875444051557,0.964516129032258,0.01223044426459929,1880.4,116.02000000000001
explanation,D3_PaySim,xgboost,RANDOM_STRATIFIED_SAFE,alerts_per_10k,100.0,5,0.07139999999999999,0.0010839741694339412,0.952,0.01445298892578589,1857.2,128.85999999999999
explanation,D3_PaySim,xgboost,RANDOM_STRATIFIED_SAFE,alerts_per_10k,500.0,5,0.01492,0.000130384048104053,0.9946666666666666,0.00869226987360354,9850.8,496.53999999999996
explanation,D3_PaySim,xgboost,RANDOM_STRATIFIED_SAFE,alerts_per_10k,1000.0,5,0.00747,4.472135954999557e-05,0.9959999999999999,0.005962847939999428,19850.6,995.53
explanation,D3_PaySim,xgboost,RANDOM_STRATIFIED_SAFE,top_fraction,0.01,5,0.07139999999999999,0.0010839741694339412,0.952,0.01445298892578589,1857.2,128.85999999999999
leakage,D1_creditcard,lightgbm,SAFE_STRICT,alerts_per_10k,100.0,5,0.15167548500881833,0.002788604638596453,0.9052631578947368,0.016643566632465148,481.0,243.36517111338244
leakage,D1_creditcard,lightgbm,SAFE_STRICT,alerts_per_10k,500.0,5,0.0312301727176595,0.0003152721857595766,0.9326315789473684,0.009415023063157005,2748.4,597.1169774080993
leakage,D1_creditcard,lightgbm,SAFE_STRICT,alerts_per_10k,1000.0,5,0.015823788546255508,0.00022975162661507246,0.9452631578947368,0.013724636642531868,5585.2,1075.8820004934269
leakage,D1_creditcard,lightgbm,SAFE_STRICT,top_fraction,0.01,5,0.15167548500881833,0.002788604638596453,0.9052631578947368,0.016643566632465148,481.0,243.36517111338244
leakage,D1_creditcard,lightgbm,UNSAFE_SMOTE_BEFORE_SPLIT,alerts_per_10k,100.0,5,1.0,0.0,0.01999964696121869,0.0,0.0,490000.17651939066
leakage,D1_creditcard,lightgbm,UNSAFE_SMOTE_BEFORE_SPLIT,alerts_per_10k,500.0,5,1.0,0.0,0.09999823480609345,0.0,0.0,450000.8825969532
leakage,D1_creditcard,lightgbm,UNSAFE_SMOTE_BEFORE_SPLIT,alerts_per_10k,1000.0,5,1.0,0.0,0.1999964696121869,0.0,0.0,400001.76519390655
leakage,D1_creditcard,lightgbm,UNSAFE_SMOTE_BEFORE_SPLIT,top_fraction,0.01,5,1.0,0.0,0.01999964696121869,0.0,0.0,490000.17651939066
leakage,D1_creditcard,xgboost,SAFE_STRICT,alerts_per_10k,100.0,5,0.15026455026455027,0.0014755908757214744,0.8968421052631579,0.008806947647727138,481.8,257.6040601980756
leakage,D1_creditcard,xgboost,SAFE_STRICT,alerts_per_10k,500.0,5,0.0312301727176595,0.0005345699995806517,0.9326315789473684,0.01596394830326643,2748.4,597.1169774080993
leakage,D1_creditcard,xgboost,SAFE_STRICT,alerts_per_10k,1000.0,5,0.015823788546255508,0.00028954496431991106,0.9452631578947368,0.017296501815952624,5585.2,1075.8820004934269
leakage,D1_creditcard,xgboost,SAFE_STRICT,top_fraction,0.01,5,0.15026455026455027,0.0014755908757214744,0.8968421052631579,0.008806947647727138,481.8,257.6040601980756
leakage,D1_creditcard,xgboost,UNSAFE_SMOTE_BEFORE_SPLIT,alerts_per_10k,100.0,5,1.0,0.0,0.01999964696121869,0.0,0.0,490000.17651939066
leakage,D1_creditcard,xgboost,UNSAFE_SMOTE_BEFORE_SPLIT,alerts_per_10k,500.0,5,1.0,0.0,0.09999823480609345,0.0,0.0,450000.8825969532
leakage,D1_creditcard,xgboost,UNSAFE_SMOTE_BEFORE_SPLIT,alerts_per_10k,1000.0,5,1.0,0.0,0.1999964696121869,0.0,0.0,400001.76519390655
leakage,D1_creditcard,xgboost,UNSAFE_SMOTE_BEFORE_SPLIT,top_fraction,0.01,5,1.0,0.0,0.01999964696121869,0.0,0.0,490000.17651939066
leakage,D2_fraudTest,lightgbm,SAFE_STRICT,alerts_per_10k,100.0,5,0.6756666666666666,0.003456073558887997,0.9449883449883449,0.004833669313129963,194.6,425.7666666666666
leakage,D2_fraudTest,lightgbm,SAFE_STRICT,alerts_per_10k,500.0,5,0.1416,0.000596284793999952,0.9902097902097902,0.0041698237342653295,2575.2,499.2
leakage,D2_fraudTest,lightgbm,SAFE_STRICT,alerts_per_10k,1000.0,5,0.07123333333333333,0.00019002923751652132,0.9962703962703963,0.002657751573657646,5572.6,955.4333333333334
leakage,D2_fraudTest,lightgbm,SAFE_STRICT,top_fraction,0.01,5,0.6756666666666666,0.003456073558887997,0.9449883449883449,0.004833669313129963,194.6,425.7666666666666
leakage,D2_fraudTest,lightgbm,UNSAFE_SMOTE_BEFORE_SPLIT,alerts_per_10k,100.0,5,1.0,0.0,0.019992949589565392,0.0,0.0,490003.5252052173
leakage,D2_fraudTest,lightgbm,UNSAFE_SMOTE_BEFORE_SPLIT,alerts_per_10k,500.0,5,1.0,0.0,0.0999983213308489,0.0,0.0,450000.8393345756
leakage,D2_fraudTest,lightgbm,UNSAFE_SMOTE_BEFORE_SPLIT,alerts_per_10k,1000.0,5,1.0,0.0,0.1999966426616978,0.0,0.0,400001.67866915104
leakage,D2_fraudTest,lightgbm,UNSAFE_SMOTE_BEFORE_SPLIT,top_fraction,0.01,5,1.0,0.0,0.019992949589565392,0.0,0.0,490003.5252052173
leakage,D2_fraudTest,xgboost,SAFE_STRICT,alerts_per_10k,100.0,5,0.655,0.005651941652604435,0.9160839160839161,0.007904813500146024,207.0,634.5
leakage,D2_fraudTest,xgboost,SAFE_STRICT,alerts_per_10k,500.0,5,0.141,0.000471404520791035,0.986013986013986,0.0032965351104267786,2577.0,529.5
leakage,D2_fraudTest,xgboost,SAFE_STRICT,alerts_per_10k,1000.0,5,0.07089999999999999,0.0002527625148017219,0.9916083916083916,0.003535140067156888,5574.6,989.1
leakage,D2_fraudTest,xgboost,SAFE_STRICT,top_fraction,0.01,5,0.655,0.005651941652604435,0.9160839160839161,0.007904813500146024,207.0,634.5
leakage,D2_fraudTest,xgboost,UNSAFE_SMOTE_BEFORE_SPLIT,alerts_per_10k,100.0,5,1.0,0.0,0.019992949589565392,0.0,0.0,490003.5252052173
leakage,D2_fraudTest,xgboost,UNSAFE_SMOTE_BEFORE_SPLIT,alerts_per_10k,500.0,5,1.0,0.0,0.0999983213308489,0.0,0.0,450000.8393345756
leakage,D2_fraudTest,xgboost,UNSAFE_SMOTE_BEFORE_SPLIT,alerts_per_10k,1000.0,5,1.0,0.0,0.1999966426616978,0.0,0.0,400001.67866915104
leakage,D2_fraudTest,xgboost,UNSAFE_SMOTE_BEFORE_SPLIT,top_fraction,0.01,5,1.0,0.0,0.019992949589565392,0.0,0.0,490003.5252052173
leakage,D3_PaySim,lightgbm,D3_LEDGER_STATE_SAFE,alerts_per_10k,100.0,5,1.0,0.0,0.44493882091212456,0.0,0.0,12475.0
leakage,D3_PaySim,lightgbm,D3_LEDGER_STATE_SAFE,alerts_per_10k,500.0,5,0.4486,0.000651920240520266,0.9979977753058954,0.0014503231157291816,1102.8,320.7
leakage,D3_PaySim,lightgbm,D3_LEDGER_STATE_SAFE,alerts_per_10k,1000.0,5,0.22435,0.00028504385627478953,0.9982202447163514,0.0012682707731914873,3102.6,815.65
leakage,D3_PaySim,lightgbm,D3_LEDGER_STATE_SAFE,top_fraction,0.01,5,1.0,0.0,0.44493882091212456,0.0,0.0,12475.0
leakage,D3_PaySim,lightgbm,D3_STRICT_SAFE,alerts_per_10k,100.0,5,0.9960000000000001,0.004873397172404488,0.44315906562847607,0.0021683635917261095,1.6,12515.4
leakage,D3_PaySim,lightgbm,D3_STRICT_SAFE,alerts_per_10k,500.0,5,0.4487,0.0005700877125495731,0.9982202447163514,0.0012682707731914804,1102.6,315.65
leakage,D3_PaySim,lightgbm,D3_STRICT_SAFE,alerts_per_10k,1000.0,5,0.2245,0.0002500000000000037,0.9988876529477198,0.001112347052280336,3102.0,800.5
leakage,D3_PaySim,lightgbm,D3_STRICT_SAFE,top_fraction,0.01,5,0.9960000000000001,0.004873397172404488,0.44315906562847607,0.0021683635917261095,1.6,12515.4
leakage,D3_PaySim,xgboost,D3_LEDGER_STATE_SAFE,alerts_per_10k,100.0,5,1.0,0.0,0.44493882091212456,0.0,0.0,12475.0
leakage,D3_PaySim,xgboost,D3_LEDGER_STATE_SAFE,alerts_per_10k,500.0,5,0.4486,0.000651920240520266,0.9979977753058954,0.0014503231157291816,1102.8,320.7
leakage,D3_PaySim,xgboost,D3_LEDGER_STATE_SAFE,alerts_per_10k,1000.0,5,0.22444999999999998,0.000325960120260136,0.9986651835372637,0.00145032311572921,3102.2,805.55
leakage,D3_PaySim,xgboost,D3_LEDGER_STATE_SAFE,top_fraction,0.01,5,1.0,0.0,0.44493882091212456,0.0,0.0,12475.0
leakage,D3_PaySim,xgboost,D3_STRICT_SAFE,alerts_per_10k,100.0,5,0.9949999999999999,0.007288689868556651,0.44271412680756395,0.003243021076109724,2.0,12525.5
leakage,D3_PaySim,xgboost,D3_STRICT_SAFE,alerts_per_10k,500.0,5,0.4484,0.0005477225575051678,0.9975528364849833,0.0012185151446166141,1103.2,330.8
leakage,D3_PaySim,xgboost,D3_STRICT_SAFE,alerts_per_10k,1000.0,5,0.22444999999999998,0.0002091650066335199,0.9986651835372635,0.0009306563142759306,3102.2,805.55
leakage,D3_PaySim,xgboost,D3_STRICT_SAFE,top_fraction,0.01,5,0.9949999999999999,0.007288689868556651,0.44271412680756395,0.003243021076109724,2.0,12525.5
prevalence,D1_creditcard,lightgbm,NATURAL_TEST_STREAM,alerts_per_10k,100.0,5,0.14673721340388007,0.005492914110193099,0.8757894736842106,0.03278402421557355,483.8,293.2012829098086
prevalence,D1_creditcard,lightgbm,NATURAL_TEST_STREAM,alerts_per_10k,500.0,5,0.030454705675008808,0.001074934838348743,0.9094736842105263,0.03210094880416191,2750.6,636.2739223910055
prevalence,D1_creditcard,lightgbm,NATURAL_TEST_STREAM,alerts_per_10k,1000.0,5,0.01578854625550661,0.00036539984763573095,0.943157894736842,0.021827833003502873,5585.4,1079.4417227646002
prevalence,D1_creditcard,lightgbm,NATURAL_TEST_STREAM,top_fraction,0.01,5,0.14673721340388007,0.005492914110193099,0.8757894736842106,0.03278402421557355,483.8,293.2012829098086
prevalence,D1_creditcard,xgboost,NATURAL_TEST_STREAM,alerts_per_10k,100.0,5,0.14638447971781304,0.006715849299703625,0.8736842105263157,0.04008301634665213,484.0,296.7610051809819
prevalence,D1_creditcard,xgboost,NATURAL_TEST_STREAM,alerts_per_10k,500.0,5,0.03031371166725414,0.001342222965432484,0.9052631578947368,0.040083016346652144,2751.0,643.3933669333521
prevalence,D1_creditcard,xgboost,NATURAL_TEST_STREAM,alerts_per_10k,1000.0,5,0.015753303964757708,0.0002948581591309522,0.9410526315789474,0.017613895295454225,5585.6,1083.0014450357735
prevalence,D1_creditcard,xgboost,NATURAL_TEST_STREAM,top_fraction,0.01,5,0.14638447971781304,0.006715849299703625,0.8736842105263157,0.04008301634665213,484.0,296.7610051809819
prevalence,D2_fraudTest,lightgbm,NATURAL_TEST_STREAM,alerts_per_10k,100.0,5,0.3708370837083709,0.002985260837403591,0.9603729603729605,0.007731060117378528,699.0,215.84610955157274
prevalence,D2_fraudTest,lightgbm,NATURAL_TEST_STREAM,alerts_per_10k,500.0,5,0.07651610581248876,0.00026691374796097503,0.9911421911421912,0.003457435192119163,5131.8,495.91520909810697
prevalence,D2_fraudTest,lightgbm,NATURAL_TEST_STREAM,alerts_per_10k,1000.0,5,0.038330034191110314,8.997660608241892e-05,0.993006993006993,0.002331002331002363,10688.0,988.6273662995752
prevalence,D2_fraudTest,lightgbm,NATURAL_TEST_STREAM,top_fraction,0.01,5,0.3708370837083709,0.002985260837403591,0.9603729603729605,0.007731060117378528,699.0,215.84610955157274
prevalence,D2_fraudTest,xgboost,NATURAL_TEST_STREAM,alerts_per_10k,100.0,5,0.36345634563456347,0.004144325628522529,0.9412587412587413,0.01073274073027629,707.2,290.36205283236166
prevalence,D2_fraudTest,xgboost,NATURAL_TEST_STREAM,alerts_per_10k,500.0,5,0.07622818067302502,0.0003011193185294501,0.9874125874125873,0.0039005129442147737,5133.4,510.454905348017
prevalence,D2_fraudTest,xgboost,NATURAL_TEST_STREAM,alerts_per_10k,1000.0,5,0.03831203886989383,9.856443359819493e-05,0.9925407925407926,0.0025534851165742336,10688.2,990.4448283308141
prevalence,D2_fraudTest,xgboost,NATURAL_TEST_STREAM,top_fraction,0.01,5,0.36345634563456347,0.004144325628522529,0.9412587412587413,0.01073274073027629,707.2,290.36205283236166
prevalence,D3_PaySim,lightgbm,NATURAL_TEST_STREAM,alerts_per_10k,100.0,5,0.0717,0.0005700877125495683,0.9560000000000001,0.007601169500660892,1856.6,125.83
prevalence,D3_PaySim,lightgbm,NATURAL_TEST_STREAM,alerts_per_10k,500.0,5,0.014979999999999999,4.472135954999573e-05,0.9986666666666666,0.002981423969999737,9850.2,493.51000000000005
prevalence,D3_PaySim,lightgbm,NATURAL_TEST_STREAM,alerts_per_10k,1000.0,5,0.0075,0.0,1.0,0.0,19850.0,992.5
prevalence,D3_PaySim,lightgbm,NATURAL_TEST_STREAM,top_fraction,0.01,5,0.0717,0.0005700877125495683,0.9560000000000001,0.007601169500660892,1856.6,125.83
prevalence,D3_PaySim,xgboost,NATURAL_TEST_STREAM,alerts_per_10k,100.0,5,0.07039999999999999,0.0008215838362577429,0.9386666666666666,0.010954451150103297,1859.2,138.95999999999998
prevalence,D3_PaySim,xgboost,NATURAL_TEST_STREAM,alerts_per_10k,500.0,5,0.0149,0.000122474487139159,0.9933333333333334,0.008164965809277256,9851.0,497.55
prevalence,D3_PaySim,xgboost,NATURAL_TEST_STREAM,alerts_per_10k,1000.0,5,0.00747,4.472135954999557e-05,0.9959999999999999,0.005962847939999428,19850.6,995.53
prevalence,D3_PaySim,xgboost,NATURAL_TEST_STREAM,top_fraction,0.01,5,0.07039999999999999,0.0008215838362577429,0.9386666666666666,0.010954451150103297,1859.2,138.95999999999998
temporal,D1_creditcard,lightgbm,CHRONOLOGICAL_SAFE,alerts_per_10k,100.0,5,0.11463844797178128,0.0,0.8783783783783784,0.0,502.0,247.0658724844042
temporal,D1_creditcard,lightgbm,CHRONOLOGICAL_SAFE,alerts_per_10k,500.0,5,0.023616496298907295,0.0,0.9054054054054055,0.0,2770.0,611.4968455926409
temporal,D1_creditcard,lightgbm,CHRONOLOGICAL_SAFE,alerts_per_10k,1000.0,5,0.011982378854625551,0.0,0.918918918918919,0.0,5607.0,1093.8215909491419
temporal,D1_creditcard,lightgbm,CHRONOLOGICAL_SAFE,top_fraction,0.01,5,0.11463844797178128,0.0,0.8783783783783784,0.0,502.0,247.0658724844042
temporal,D1_creditcard,lightgbm,RANDOM_STRATIFIED_SAFE,alerts_per_10k,100.0,5,0.14673721340388007,0.005492914110193099,0.8757894736842106,0.03278402421557355,483.8,293.2012829098086
temporal,D1_creditcard,lightgbm,RANDOM_STRATIFIED_SAFE,alerts_per_10k,500.0,5,0.030454705675008808,0.001074934838348743,0.9094736842105263,0.03210094880416191,2750.6,636.2739223910055
temporal,D1_creditcard,lightgbm,RANDOM_STRATIFIED_SAFE,alerts_per_10k,1000.0,5,0.01578854625550661,0.00036539984763573095,0.943157894736842,0.021827833003502873,5585.4,1079.4417227646002
temporal,D1_creditcard,lightgbm,RANDOM_STRATIFIED_SAFE,top_fraction,0.01,5,0.14673721340388007,0.005492914110193099,0.8757894736842106,0.03278402421557355,483.8,293.2012829098086
temporal,D1_creditcard,xgboost,CHRONOLOGICAL_SAFE,alerts_per_10k,100.0,5,0.1125220458553792,0.001475590875721474,0.8621621621621621,0.01130621657478484,503.2,268.424206111444
temporal,D1_creditcard,xgboost,CHRONOLOGICAL_SAFE,alerts_per_10k,500.0,5,0.022911526260133944,0.0,0.8783783783783784,0.0,2772.0,647.0940683043739
temporal,D1_creditcard,xgboost,CHRONOLOGICAL_SAFE,alerts_per_10k,1000.0,5,0.01173568281938326,9.651498810663665e-05,0.9,0.007401656182502228,5608.4,1118.7396468473548
temporal,D1_creditcard,xgboost,CHRONOLOGICAL_SAFE,top_fraction,0.01,5,0.1125220458553792,0.001475590875721474,0.8621621621621621,0.01130621657478484,503.2,268.424206111444
temporal,D1_creditcard,xgboost,RANDOM_STRATIFIED_SAFE,alerts_per_10k,100.0,5,0.14638447971781304,0.006715849299703625,0.8736842105263157,0.04008301634665213,484.0,296.7610051809819
temporal,D1_creditcard,xgboost,RANDOM_STRATIFIED_SAFE,alerts_per_10k,500.0,5,0.03031371166725414,0.001342222965432484,0.9052631578947368,0.040083016346652144,2751.0,643.3933669333521
temporal,D1_creditcard,xgboost,RANDOM_STRATIFIED_SAFE,alerts_per_10k,1000.0,5,0.015753303964757708,0.0002948581591309522,0.9410526315789474,0.017613895295454225,5585.6,1083.0014450357735
temporal,D1_creditcard,xgboost,RANDOM_STRATIFIED_SAFE,top_fraction,0.01,5,0.14638447971781304,0.006715849299703625,0.8736842105263157,0.04008301634665213,484.0,296.7610051809819
temporal,D2_fraudTest,lightgbm,CHRONOLOGICAL_SAFE,alerts_per_10k,100.0,5,0.1513951395139514,0.0017313577013205609,0.9141304347826086,0.010454013076995268,942.8,226.98481249550133
temporal,D2_fraudTest,lightgbm,CHRONOLOGICAL_SAFE,alerts_per_10k,500.0,5,0.03235558754723772,0.00046579734049108704,0.9771739130434783,0.01406758598428775,5377.2,521.5936082919455
temporal,D2_fraudTest,lightgbm,CHRONOLOGICAL_SAFE,alerts_per_10k,1000.0,5,0.0164657189130826,0.00012724613661805803,0.9945652173913043,0.007685943273766829,10931.0,992.496221118549
temporal,D2_fraudTest,lightgbm,CHRONOLOGICAL_SAFE,top_fraction,0.01,5,0.1513951395139514,0.0017313577013205609,0.9141304347826086,0.010454013076995268,942.8,226.98481249550133
temporal,D2_fraudTest,lightgbm,RANDOM_STRATIFIED_SAFE,alerts_per_10k,100.0,5,0.3708370837083709,0.002985260837403591,0.9603729603729605,0.007731060117378528,699.0,215.84610955157274
temporal,D2_fraudTest,lightgbm,RANDOM_STRATIFIED_SAFE,alerts_per_10k,500.0,5,0.07651610581248876,0.00026691374796097503,0.9911421911421912,0.003457435192119163,5131.8,495.91520909810697
temporal,D2_fraudTest,lightgbm,RANDOM_STRATIFIED_SAFE,alerts_per_10k,1000.0,5,0.038330034191110314,8.997660608241892e-05,0.993006993006993,0.002331002331002363,10688.0,988.6273662995752
temporal,D2_fraudTest,lightgbm,RANDOM_STRATIFIED_SAFE,top_fraction,0.01,5,0.3708370837083709,0.002985260837403591,0.9603729603729605,0.007731060117378528,699.0,215.84610955157274
temporal,D2_fraudTest,xgboost,CHRONOLOGICAL_SAFE,alerts_per_10k,100.0,5,0.1506750675067507,0.0024319092864277846,0.9097826086956522,0.014683974006637287,943.6,234.25466062045635
temporal,D2_fraudTest,xgboost,CHRONOLOGICAL_SAFE,alerts_per_10k,500.0,5,0.03264351268670146,0.00016095504606800779,0.9858695652173914,0.004861017342390825,5375.6,507.0539120420355
temporal,D2_fraudTest,xgboost,CHRONOLOGICAL_SAFE,alerts_per_10k,1000.0,5,0.01651970487673205,4.928221679909698e-05,0.9978260869565216,0.002976753029919418,10930.4,987.0438350248327
temporal,D2_fraudTest,xgboost,CHRONOLOGICAL_SAFE,top_fraction,0.01,5,0.1506750675067507,0.0024319092864277846,0.9097826086956522,0.014683974006637287,943.6,234.25466062045635
temporal,D2_fraudTest,xgboost,RANDOM_STRATIFIED_SAFE,alerts_per_10k,100.0,5,0.36345634563456347,0.004144325628522529,0.9412587412587413,0.01073274073027629,707.2,290.36205283236166
temporal,D2_fraudTest,xgboost,RANDOM_STRATIFIED_SAFE,alerts_per_10k,500.0,5,0.07622818067302502,0.0003011193185294501,0.9874125874125873,0.0039005129442147737,5133.4,510.454905348017
temporal,D2_fraudTest,xgboost,RANDOM_STRATIFIED_SAFE,alerts_per_10k,1000.0,5,0.03831203886989383,9.856443359819493e-05,0.9925407925407926,0.0025534851165742336,10688.2,990.4448283308141
temporal,D2_fraudTest,xgboost,RANDOM_STRATIFIED_SAFE,top_fraction,0.01,5,0.36345634563456347,0.004144325628522529,0.9412587412587413,0.01073274073027629,707.2,290.36205283236166
temporal,D3_PaySim,lightgbm,CHRONOLOGICAL_SAFE,alerts_per_10k,100.0,5,0.0605,0.000612372435695795,0.9758064516129032,0.009876974769286999,1879.0,108.95
temporal,D3_PaySim,lightgbm,CHRONOLOGICAL_SAFE,alerts_per_10k,500.0,5,0.0123,0.0,0.9919354838709677,0.0,9877.0,498.85
temporal,D3_PaySim,lightgbm,CHRONOLOGICAL_SAFE,alerts_per_10k,1000.0,5,0.0061600000000000005,2.2360679774997674e-05,0.9935483870967742,0.003606561254031906,19876.8,997.8399999999999
temporal,D3_PaySim,lightgbm,CHRONOLOGICAL_SAFE,top_fraction,0.01,5,0.0605,0.000612372435695795,0.9758064516129032,0.009876974769286999,1879.0,108.95
temporal,D3_PaySim,lightgbm,RANDOM_STRATIFIED_SAFE,alerts_per_10k,100.0,5,0.0717,0.0005700877125495683,0.9560000000000001,0.007601169500660892,1856.6,125.83
temporal,D3_PaySim,lightgbm,RANDOM_STRATIFIED_SAFE,alerts_per_10k,500.0,5,0.014979999999999999,4.472135954999573e-05,0.9986666666666666,0.002981423969999737,9850.2,493.51000000000005
temporal,D3_PaySim,lightgbm,RANDOM_STRATIFIED_SAFE,alerts_per_10k,1000.0,5,0.0075,0.0,1.0,0.0,19850.0,992.5
temporal,D3_PaySim,lightgbm,RANDOM_STRATIFIED_SAFE,top_fraction,0.01,5,0.0717,0.0005700877125495683,0.9560000000000001,0.007601169500660892,1856.6,125.83
temporal,D3_PaySim,xgboost,CHRONOLOGICAL_SAFE,alerts_per_10k,100.0,5,0.059899999999999995,0.00041833001326703825,0.9661290322580646,0.00674725827850061,1880.2,115.01000000000002
temporal,D3_PaySim,xgboost,CHRONOLOGICAL_SAFE,alerts_per_10k,500.0,5,0.0123,0.0,0.9919354838709677,0.0,9877.0,498.85
temporal,D3_PaySim,xgboost,CHRONOLOGICAL_SAFE,alerts_per_10k,1000.0,5,0.00615,0.0,0.9919354838709677,0.0,19877.0,998.85
temporal,D3_PaySim,xgboost,CHRONOLOGICAL_SAFE,top_fraction,0.01,5,0.059899999999999995,0.00041833001326703825,0.9661290322580646,0.00674725827850061,1880.2,115.01000000000002
temporal,D3_PaySim,xgboost,RANDOM_STRATIFIED_SAFE,alerts_per_10k,100.0,5,0.07039999999999999,0.0008215838362577429,0.9386666666666666,0.010954451150103297,1859.2,138.95999999999998
temporal,D3_PaySim,xgboost,RANDOM_STRATIFIED_SAFE,alerts_per_10k,500.0,5,0.0149,0.000122474487139159,0.9933333333333334,0.008164965809277256,9851.0,497.55
temporal,D3_PaySim,xgboost,RANDOM_STRATIFIED_SAFE,alerts_per_10k,1000.0,5,0.00747,4.472135954999557e-05,0.9959999999999999,0.005962847939999428,19850.6,995.53
temporal,D3_PaySim,xgboost,RANDOM_STRATIFIED_SAFE,top_fraction,0.01,5,0.07039999999999999,0.0008215838362577429,0.9386666666666666,0.010954451150103297,1859.2,138.95999999999998
