axis,dataset,model,scenario,seed,split,path
leakage,D1_creditcard,lightgbm,SAFE_STRICT,101,test,/content/drive/MyDrive/Credit__/03_leakage_stress_testing/leakage_stress_multiseed_v1/prediction_exports/seed101__D1_creditcard__SAFE_STRICT__lightgbm__test__predictions.csv
leakage,D1_creditcard,xgboost,SAFE_STRICT,101,test,/content/drive/MyDrive/Credit__/03_leakage_stress_testing/leakage_stress_multiseed_v1/prediction_exports/seed101__D1_creditcard__SAFE_STRICT__xgboost__test__predictions.csv
leakage,D1_creditcard,lightgbm,UNSAFE_SMOTE_BEFORE_SPLIT,101,test,/content/drive/MyDrive/Credit__/03_leakage_stress_testing/leakage_stress_multiseed_v1/prediction_exports/seed101__D1_creditcard__UNSAFE_SMOTE_BEFORE_SPLIT__lightgbm__test__predictions.csv
leakage,D1_creditcard,xgboost,UNSAFE_SMOTE_BEFORE_SPLIT,101,test,/content/drive/MyDrive/Credit__/03_leakage_stress_testing/leakage_stress_multiseed_v1/prediction_exports/seed101__D1_creditcard__UNSAFE_SMOTE_BEFORE_SPLIT__xgboost__test__predictions.csv
leakage,D2_fraudTest,lightgbm,SAFE_STRICT,101,test,/content/drive/MyDrive/Credit__/03_leakage_stress_testing/leakage_stress_multiseed_v1/prediction_exports/seed101__D2_fraudTest__SAFE_STRICT__lightgbm__test__predictions.csv
leakage,D2_fraudTest,xgboost,SAFE_STRICT,101,test,/content/drive/MyDrive/Credit__/03_leakage_stress_testing/leakage_stress_multiseed_v1/prediction_exports/seed101__D2_fraudTest__SAFE_STRICT__xgboost__test__predictions.csv
leakage,D2_fraudTest,lightgbm,UNSAFE_SMOTE_BEFORE_SPLIT,101,test,/content/drive/MyDrive/Credit__/03_leakage_stress_testing/leakage_stress_multiseed_v1/prediction_exports/seed101__D2_fraudTest__UNSAFE_SMOTE_BEFORE_SPLIT__lightgbm__test__predictions.csv
leakage,D2_fraudTest,xgboost,UNSAFE_SMOTE_BEFORE_SPLIT,101,test,/content/drive/MyDrive/Credit__/03_leakage_stress_testing/leakage_stress_multiseed_v1/prediction_exports/seed101__D2_fraudTest__UNSAFE_SMOTE_BEFORE_SPLIT__xgboost__test__predictions.csv
leakage,D3_PaySim,lightgbm,D3_LEDGER_STATE_SAFE,101,test,/content/drive/MyDrive/Credit__/03_leakage_stress_testing/leakage_stress_multiseed_v1/prediction_exports/seed101__D3_PaySim__D3_LEDGER_STATE_SAFE__lightgbm__test__predictions.csv
leakage,D3_PaySim,xgboost,D3_LEDGER_STATE_SAFE,101,test,/content/drive/MyDrive/Credit__/03_leakage_stress_testing/leakage_stress_multiseed_v1/prediction_exports/seed101__D3_PaySim__D3_LEDGER_STATE_SAFE__xgboost__test__predictions.csv
leakage,D3_PaySim,lightgbm,D3_STRICT_SAFE,101,test,/content/drive/MyDrive/Credit__/03_leakage_stress_testing/leakage_stress_multiseed_v1/prediction_exports/seed101__D3_PaySim__D3_STRICT_SAFE__lightgbm__test__predictions.csv
leakage,D3_PaySim,xgboost,D3_STRICT_SAFE,101,test,/content/drive/MyDrive/Credit__/03_leakage_stress_testing/leakage_stress_multiseed_v1/prediction_exports/seed101__D3_PaySim__D3_STRICT_SAFE__xgboost__test__predictions.csv
leakage,D1_creditcard,lightgbm,SAFE_STRICT,202,test,/content/drive/MyDrive/Credit__/03_leakage_stress_testing/leakage_stress_multiseed_v1/prediction_exports/seed202__D1_creditcard__SAFE_STRICT__lightgbm__test__predictions.csv
leakage,D1_creditcard,xgboost,SAFE_STRICT,202,test,/content/drive/MyDrive/Credit__/03_leakage_stress_testing/leakage_stress_multiseed_v1/prediction_exports/seed202__D1_creditcard__SAFE_STRICT__xgboost__test__predictions.csv
leakage,D1_creditcard,lightgbm,UNSAFE_SMOTE_BEFORE_SPLIT,202,test,/content/drive/MyDrive/Credit__/03_leakage_stress_testing/leakage_stress_multiseed_v1/prediction_exports/seed202__D1_creditcard__UNSAFE_SMOTE_BEFORE_SPLIT__lightgbm__test__predictions.csv
leakage,D1_creditcard,xgboost,UNSAFE_SMOTE_BEFORE_SPLIT,202,test,/content/drive/MyDrive/Credit__/03_leakage_stress_testing/leakage_stress_multiseed_v1/prediction_exports/seed202__D1_creditcard__UNSAFE_SMOTE_BEFORE_SPLIT__xgboost__test__predictions.csv
leakage,D2_fraudTest,lightgbm,SAFE_STRICT,202,test,/content/drive/MyDrive/Credit__/03_leakage_stress_testing/leakage_stress_multiseed_v1/prediction_exports/seed202__D2_fraudTest__SAFE_STRICT__lightgbm__test__predictions.csv
leakage,D2_fraudTest,xgboost,SAFE_STRICT,202,test,/content/drive/MyDrive/Credit__/03_leakage_stress_testing/leakage_stress_multiseed_v1/prediction_exports/seed202__D2_fraudTest__SAFE_STRICT__xgboost__test__predictions.csv
leakage,D2_fraudTest,lightgbm,UNSAFE_SMOTE_BEFORE_SPLIT,202,test,/content/drive/MyDrive/Credit__/03_leakage_stress_testing/leakage_stress_multiseed_v1/prediction_exports/seed202__D2_fraudTest__UNSAFE_SMOTE_BEFORE_SPLIT__lightgbm__test__predictions.csv
leakage,D2_fraudTest,xgboost,UNSAFE_SMOTE_BEFORE_SPLIT,202,test,/content/drive/MyDrive/Credit__/03_leakage_stress_testing/leakage_stress_multiseed_v1/prediction_exports/seed202__D2_fraudTest__UNSAFE_SMOTE_BEFORE_SPLIT__xgboost__test__predictions.csv
leakage,D3_PaySim,lightgbm,D3_LEDGER_STATE_SAFE,202,test,/content/drive/MyDrive/Credit__/03_leakage_stress_testing/leakage_stress_multiseed_v1/prediction_exports/seed202__D3_PaySim__D3_LEDGER_STATE_SAFE__lightgbm__test__predictions.csv
leakage,D3_PaySim,xgboost,D3_LEDGER_STATE_SAFE,202,test,/content/drive/MyDrive/Credit__/03_leakage_stress_testing/leakage_stress_multiseed_v1/prediction_exports/seed202__D3_PaySim__D3_LEDGER_STATE_SAFE__xgboost__test__predictions.csv
leakage,D3_PaySim,lightgbm,D3_STRICT_SAFE,202,test,/content/drive/MyDrive/Credit__/03_leakage_stress_testing/leakage_stress_multiseed_v1/prediction_exports/seed202__D3_PaySim__D3_STRICT_SAFE__lightgbm__test__predictions.csv
leakage,D3_PaySim,xgboost,D3_STRICT_SAFE,202,test,/content/drive/MyDrive/Credit__/03_leakage_stress_testing/leakage_stress_multiseed_v1/prediction_exports/seed202__D3_PaySim__D3_STRICT_SAFE__xgboost__test__predictions.csv
leakage,D1_creditcard,lightgbm,SAFE_STRICT,303,test,/content/drive/MyDrive/Credit__/03_leakage_stress_testing/leakage_stress_multiseed_v1/prediction_exports/seed303__D1_creditcard__SAFE_STRICT__lightgbm__test__predictions.csv
leakage,D1_creditcard,xgboost,SAFE_STRICT,303,test,/content/drive/MyDrive/Credit__/03_leakage_stress_testing/leakage_stress_multiseed_v1/prediction_exports/seed303__D1_creditcard__SAFE_STRICT__xgboost__test__predictions.csv
leakage,D1_creditcard,lightgbm,UNSAFE_SMOTE_BEFORE_SPLIT,303,test,/content/drive/MyDrive/Credit__/03_leakage_stress_testing/leakage_stress_multiseed_v1/prediction_exports/seed303__D1_creditcard__UNSAFE_SMOTE_BEFORE_SPLIT__lightgbm__test__predictions.csv
leakage,D1_creditcard,xgboost,UNSAFE_SMOTE_BEFORE_SPLIT,303,test,/content/drive/MyDrive/Credit__/03_leakage_stress_testing/leakage_stress_multiseed_v1/prediction_exports/seed303__D1_creditcard__UNSAFE_SMOTE_BEFORE_SPLIT__xgboost__test__predictions.csv
leakage,D2_fraudTest,lightgbm,SAFE_STRICT,303,test,/content/drive/MyDrive/Credit__/03_leakage_stress_testing/leakage_stress_multiseed_v1/prediction_exports/seed303__D2_fraudTest__SAFE_STRICT__lightgbm__test__predictions.csv
leakage,D2_fraudTest,xgboost,SAFE_STRICT,303,test,/content/drive/MyDrive/Credit__/03_leakage_stress_testing/leakage_stress_multiseed_v1/prediction_exports/seed303__D2_fraudTest__SAFE_STRICT__xgboost__test__predictions.csv
leakage,D2_fraudTest,lightgbm,UNSAFE_SMOTE_BEFORE_SPLIT,303,test,/content/drive/MyDrive/Credit__/03_leakage_stress_testing/leakage_stress_multiseed_v1/prediction_exports/seed303__D2_fraudTest__UNSAFE_SMOTE_BEFORE_SPLIT__lightgbm__test__predictions.csv
leakage,D2_fraudTest,xgboost,UNSAFE_SMOTE_BEFORE_SPLIT,303,test,/content/drive/MyDrive/Credit__/03_leakage_stress_testing/leakage_stress_multiseed_v1/prediction_exports/seed303__D2_fraudTest__UNSAFE_SMOTE_BEFORE_SPLIT__xgboost__test__predictions.csv
leakage,D3_PaySim,lightgbm,D3_LEDGER_STATE_SAFE,303,test,/content/drive/MyDrive/Credit__/03_leakage_stress_testing/leakage_stress_multiseed_v1/prediction_exports/seed303__D3_PaySim__D3_LEDGER_STATE_SAFE__lightgbm__test__predictions.csv
leakage,D3_PaySim,xgboost,D3_LEDGER_STATE_SAFE,303,test,/content/drive/MyDrive/Credit__/03_leakage_stress_testing/leakage_stress_multiseed_v1/prediction_exports/seed303__D3_PaySim__D3_LEDGER_STATE_SAFE__xgboost__test__predictions.csv
leakage,D3_PaySim,lightgbm,D3_STRICT_SAFE,303,test,/content/drive/MyDrive/Credit__/03_leakage_stress_testing/leakage_stress_multiseed_v1/prediction_exports/seed303__D3_PaySim__D3_STRICT_SAFE__lightgbm__test__predictions.csv
leakage,D3_PaySim,xgboost,D3_STRICT_SAFE,303,test,/content/drive/MyDrive/Credit__/03_leakage_stress_testing/leakage_stress_multiseed_v1/prediction_exports/seed303__D3_PaySim__D3_STRICT_SAFE__xgboost__test__predictions.csv
leakage,D1_creditcard,lightgbm,SAFE_STRICT,404,test,/content/drive/MyDrive/Credit__/03_leakage_stress_testing/leakage_stress_multiseed_v1/prediction_exports/seed404__D1_creditcard__SAFE_STRICT__lightgbm__test__predictions.csv
leakage,D1_creditcard,xgboost,SAFE_STRICT,404,test,/content/drive/MyDrive/Credit__/03_leakage_stress_testing/leakage_stress_multiseed_v1/prediction_exports/seed404__D1_creditcard__SAFE_STRICT__xgboost__test__predictions.csv
leakage,D1_creditcard,lightgbm,UNSAFE_SMOTE_BEFORE_SPLIT,404,test,/content/drive/MyDrive/Credit__/03_leakage_stress_testing/leakage_stress_multiseed_v1/prediction_exports/seed404__D1_creditcard__UNSAFE_SMOTE_BEFORE_SPLIT__lightgbm__test__predictions.csv
leakage,D1_creditcard,xgboost,UNSAFE_SMOTE_BEFORE_SPLIT,404,test,/content/drive/MyDrive/Credit__/03_leakage_stress_testing/leakage_stress_multiseed_v1/prediction_exports/seed404__D1_creditcard__UNSAFE_SMOTE_BEFORE_SPLIT__xgboost__test__predictions.csv
leakage,D2_fraudTest,lightgbm,SAFE_STRICT,404,test,/content/drive/MyDrive/Credit__/03_leakage_stress_testing/leakage_stress_multiseed_v1/prediction_exports/seed404__D2_fraudTest__SAFE_STRICT__lightgbm__test__predictions.csv
leakage,D2_fraudTest,xgboost,SAFE_STRICT,404,test,/content/drive/MyDrive/Credit__/03_leakage_stress_testing/leakage_stress_multiseed_v1/prediction_exports/seed404__D2_fraudTest__SAFE_STRICT__xgboost__test__predictions.csv
leakage,D2_fraudTest,lightgbm,UNSAFE_SMOTE_BEFORE_SPLIT,404,test,/content/drive/MyDrive/Credit__/03_leakage_stress_testing/leakage_stress_multiseed_v1/prediction_exports/seed404__D2_fraudTest__UNSAFE_SMOTE_BEFORE_SPLIT__lightgbm__test__predictions.csv
leakage,D2_fraudTest,xgboost,UNSAFE_SMOTE_BEFORE_SPLIT,404,test,/content/drive/MyDrive/Credit__/03_leakage_stress_testing/leakage_stress_multiseed_v1/prediction_exports/seed404__D2_fraudTest__UNSAFE_SMOTE_BEFORE_SPLIT__xgboost__test__predictions.csv
leakage,D3_PaySim,lightgbm,D3_LEDGER_STATE_SAFE,404,test,/content/drive/MyDrive/Credit__/03_leakage_stress_testing/leakage_stress_multiseed_v1/prediction_exports/seed404__D3_PaySim__D3_LEDGER_STATE_SAFE__lightgbm__test__predictions.csv
leakage,D3_PaySim,xgboost,D3_LEDGER_STATE_SAFE,404,test,/content/drive/MyDrive/Credit__/03_leakage_stress_testing/leakage_stress_multiseed_v1/prediction_exports/seed404__D3_PaySim__D3_LEDGER_STATE_SAFE__xgboost__test__predictions.csv
leakage,D3_PaySim,lightgbm,D3_STRICT_SAFE,404,test,/content/drive/MyDrive/Credit__/03_leakage_stress_testing/leakage_stress_multiseed_v1/prediction_exports/seed404__D3_PaySim__D3_STRICT_SAFE__lightgbm__test__predictions.csv
leakage,D3_PaySim,xgboost,D3_STRICT_SAFE,404,test,/content/drive/MyDrive/Credit__/03_leakage_stress_testing/leakage_stress_multiseed_v1/prediction_exports/seed404__D3_PaySim__D3_STRICT_SAFE__xgboost__test__predictions.csv
leakage,D1_creditcard,lightgbm,SAFE_STRICT,42,test,/content/drive/MyDrive/Credit__/03_leakage_stress_testing/leakage_stress_multiseed_v1/prediction_exports/seed42__D1_creditcard__SAFE_STRICT__lightgbm__test__predictions.csv
leakage,D1_creditcard,xgboost,SAFE_STRICT,42,test,/content/drive/MyDrive/Credit__/03_leakage_stress_testing/leakage_stress_multiseed_v1/prediction_exports/seed42__D1_creditcard__SAFE_STRICT__xgboost__test__predictions.csv
leakage,D1_creditcard,lightgbm,UNSAFE_SMOTE_BEFORE_SPLIT,42,test,/content/drive/MyDrive/Credit__/03_leakage_stress_testing/leakage_stress_multiseed_v1/prediction_exports/seed42__D1_creditcard__UNSAFE_SMOTE_BEFORE_SPLIT__lightgbm__test__predictions.csv
leakage,D1_creditcard,xgboost,UNSAFE_SMOTE_BEFORE_SPLIT,42,test,/content/drive/MyDrive/Credit__/03_leakage_stress_testing/leakage_stress_multiseed_v1/prediction_exports/seed42__D1_creditcard__UNSAFE_SMOTE_BEFORE_SPLIT__xgboost__test__predictions.csv
leakage,D2_fraudTest,lightgbm,SAFE_STRICT,42,test,/content/drive/MyDrive/Credit__/03_leakage_stress_testing/leakage_stress_multiseed_v1/prediction_exports/seed42__D2_fraudTest__SAFE_STRICT__lightgbm__test__predictions.csv
leakage,D2_fraudTest,xgboost,SAFE_STRICT,42,test,/content/drive/MyDrive/Credit__/03_leakage_stress_testing/leakage_stress_multiseed_v1/prediction_exports/seed42__D2_fraudTest__SAFE_STRICT__xgboost__test__predictions.csv
leakage,D2_fraudTest,lightgbm,UNSAFE_SMOTE_BEFORE_SPLIT,42,test,/content/drive/MyDrive/Credit__/03_leakage_stress_testing/leakage_stress_multiseed_v1/prediction_exports/seed42__D2_fraudTest__UNSAFE_SMOTE_BEFORE_SPLIT__lightgbm__test__predictions.csv
leakage,D2_fraudTest,xgboost,UNSAFE_SMOTE_BEFORE_SPLIT,42,test,/content/drive/MyDrive/Credit__/03_leakage_stress_testing/leakage_stress_multiseed_v1/prediction_exports/seed42__D2_fraudTest__UNSAFE_SMOTE_BEFORE_SPLIT__xgboost__test__predictions.csv
leakage,D3_PaySim,lightgbm,D3_LEDGER_STATE_SAFE,42,test,/content/drive/MyDrive/Credit__/03_leakage_stress_testing/leakage_stress_multiseed_v1/prediction_exports/seed42__D3_PaySim__D3_LEDGER_STATE_SAFE__lightgbm__test__predictions.csv
leakage,D3_PaySim,xgboost,D3_LEDGER_STATE_SAFE,42,test,/content/drive/MyDrive/Credit__/03_leakage_stress_testing/leakage_stress_multiseed_v1/prediction_exports/seed42__D3_PaySim__D3_LEDGER_STATE_SAFE__xgboost__test__predictions.csv
leakage,D3_PaySim,lightgbm,D3_STRICT_SAFE,42,test,/content/drive/MyDrive/Credit__/03_leakage_stress_testing/leakage_stress_multiseed_v1/prediction_exports/seed42__D3_PaySim__D3_STRICT_SAFE__lightgbm__test__predictions.csv
leakage,D3_PaySim,xgboost,D3_STRICT_SAFE,42,test,/content/drive/MyDrive/Credit__/03_leakage_stress_testing/leakage_stress_multiseed_v1/prediction_exports/seed42__D3_PaySim__D3_STRICT_SAFE__xgboost__test__predictions.csv
temporal,D1_creditcard,lightgbm,CHRONOLOGICAL_SAFE,101,test,/content/drive/MyDrive/Credit__/06_temporal_robustness/temporal_robustness_v1/prediction_exports/seed101__D1_creditcard__CHRONOLOGICAL_SAFE__lightgbm__test__predictions.csv
temporal,D1_creditcard,xgboost,CHRONOLOGICAL_SAFE,101,test,/content/drive/MyDrive/Credit__/06_temporal_robustness/temporal_robustness_v1/prediction_exports/seed101__D1_creditcard__CHRONOLOGICAL_SAFE__xgboost__test__predictions.csv
temporal,D1_creditcard,lightgbm,RANDOM_STRATIFIED_SAFE,101,test,/content/drive/MyDrive/Credit__/06_temporal_robustness/temporal_robustness_v1/prediction_exports/seed101__D1_creditcard__RANDOM_STRATIFIED_SAFE__lightgbm__test__predictions.csv
temporal,D1_creditcard,xgboost,RANDOM_STRATIFIED_SAFE,101,test,/content/drive/MyDrive/Credit__/06_temporal_robustness/temporal_robustness_v1/prediction_exports/seed101__D1_creditcard__RANDOM_STRATIFIED_SAFE__xgboost__test__predictions.csv
temporal,D2_fraudTest,lightgbm,CHRONOLOGICAL_SAFE,101,test,/content/drive/MyDrive/Credit__/06_temporal_robustness/temporal_robustness_v1/prediction_exports/seed101__D2_fraudTest__CHRONOLOGICAL_SAFE__lightgbm__test__predictions.csv
temporal,D2_fraudTest,xgboost,CHRONOLOGICAL_SAFE,101,test,/content/drive/MyDrive/Credit__/06_temporal_robustness/temporal_robustness_v1/prediction_exports/seed101__D2_fraudTest__CHRONOLOGICAL_SAFE__xgboost__test__predictions.csv
temporal,D2_fraudTest,lightgbm,RANDOM_STRATIFIED_SAFE,101,test,/content/drive/MyDrive/Credit__/06_temporal_robustness/temporal_robustness_v1/prediction_exports/seed101__D2_fraudTest__RANDOM_STRATIFIED_SAFE__lightgbm__test__predictions.csv
temporal,D2_fraudTest,xgboost,RANDOM_STRATIFIED_SAFE,101,test,/content/drive/MyDrive/Credit__/06_temporal_robustness/temporal_robustness_v1/prediction_exports/seed101__D2_fraudTest__RANDOM_STRATIFIED_SAFE__xgboost__test__predictions.csv
temporal,D3_PaySim,lightgbm,CHRONOLOGICAL_SAFE,101,test,/content/drive/MyDrive/Credit__/06_temporal_robustness/temporal_robustness_v1/prediction_exports/seed101__D3_PaySim__CHRONOLOGICAL_SAFE__lightgbm__test__predictions.csv
temporal,D3_PaySim,xgboost,CHRONOLOGICAL_SAFE,101,test,/content/drive/MyDrive/Credit__/06_temporal_robustness/temporal_robustness_v1/prediction_exports/seed101__D3_PaySim__CHRONOLOGICAL_SAFE__xgboost__test__predictions.csv
temporal,D3_PaySim,lightgbm,RANDOM_STRATIFIED_SAFE,101,test,/content/drive/MyDrive/Credit__/06_temporal_robustness/temporal_robustness_v1/prediction_exports/seed101__D3_PaySim__RANDOM_STRATIFIED_SAFE__lightgbm__test__predictions.csv
temporal,D3_PaySim,xgboost,RANDOM_STRATIFIED_SAFE,101,test,/content/drive/MyDrive/Credit__/06_temporal_robustness/temporal_robustness_v1/prediction_exports/seed101__D3_PaySim__RANDOM_STRATIFIED_SAFE__xgboost__test__predictions.csv
temporal,D1_creditcard,lightgbm,CHRONOLOGICAL_SAFE,202,test,/content/drive/MyDrive/Credit__/06_temporal_robustness/temporal_robustness_v1/prediction_exports/seed202__D1_creditcard__CHRONOLOGICAL_SAFE__lightgbm__test__predictions.csv
temporal,D1_creditcard,xgboost,CHRONOLOGICAL_SAFE,202,test,/content/drive/MyDrive/Credit__/06_temporal_robustness/temporal_robustness_v1/prediction_exports/seed202__D1_creditcard__CHRONOLOGICAL_SAFE__xgboost__test__predictions.csv
temporal,D1_creditcard,lightgbm,RANDOM_STRATIFIED_SAFE,202,test,/content/drive/MyDrive/Credit__/06_temporal_robustness/temporal_robustness_v1/prediction_exports/seed202__D1_creditcard__RANDOM_STRATIFIED_SAFE__lightgbm__test__predictions.csv
temporal,D1_creditcard,xgboost,RANDOM_STRATIFIED_SAFE,202,test,/content/drive/MyDrive/Credit__/06_temporal_robustness/temporal_robustness_v1/prediction_exports/seed202__D1_creditcard__RANDOM_STRATIFIED_SAFE__xgboost__test__predictions.csv
temporal,D2_fraudTest,lightgbm,CHRONOLOGICAL_SAFE,202,test,/content/drive/MyDrive/Credit__/06_temporal_robustness/temporal_robustness_v1/prediction_exports/seed202__D2_fraudTest__CHRONOLOGICAL_SAFE__lightgbm__test__predictions.csv
temporal,D2_fraudTest,xgboost,CHRONOLOGICAL_SAFE,202,test,/content/drive/MyDrive/Credit__/06_temporal_robustness/temporal_robustness_v1/prediction_exports/seed202__D2_fraudTest__CHRONOLOGICAL_SAFE__xgboost__test__predictions.csv
temporal,D2_fraudTest,lightgbm,RANDOM_STRATIFIED_SAFE,202,test,/content/drive/MyDrive/Credit__/06_temporal_robustness/temporal_robustness_v1/prediction_exports/seed202__D2_fraudTest__RANDOM_STRATIFIED_SAFE__lightgbm__test__predictions.csv
temporal,D2_fraudTest,xgboost,RANDOM_STRATIFIED_SAFE,202,test,/content/drive/MyDrive/Credit__/06_temporal_robustness/temporal_robustness_v1/prediction_exports/seed202__D2_fraudTest__RANDOM_STRATIFIED_SAFE__xgboost__test__predictions.csv
temporal,D3_PaySim,lightgbm,CHRONOLOGICAL_SAFE,202,test,/content/drive/MyDrive/Credit__/06_temporal_robustness/temporal_robustness_v1/prediction_exports/seed202__D3_PaySim__CHRONOLOGICAL_SAFE__lightgbm__test__predictions.csv
temporal,D3_PaySim,xgboost,CHRONOLOGICAL_SAFE,202,test,/content/drive/MyDrive/Credit__/06_temporal_robustness/temporal_robustness_v1/prediction_exports/seed202__D3_PaySim__CHRONOLOGICAL_SAFE__xgboost__test__predictions.csv
temporal,D3_PaySim,lightgbm,RANDOM_STRATIFIED_SAFE,202,test,/content/drive/MyDrive/Credit__/06_temporal_robustness/temporal_robustness_v1/prediction_exports/seed202__D3_PaySim__RANDOM_STRATIFIED_SAFE__lightgbm__test__predictions.csv
temporal,D3_PaySim,xgboost,RANDOM_STRATIFIED_SAFE,202,test,/content/drive/MyDrive/Credit__/06_temporal_robustness/temporal_robustness_v1/prediction_exports/seed202__D3_PaySim__RANDOM_STRATIFIED_SAFE__xgboost__test__predictions.csv
temporal,D1_creditcard,lightgbm,CHRONOLOGICAL_SAFE,303,test,/content/drive/MyDrive/Credit__/06_temporal_robustness/temporal_robustness_v1/prediction_exports/seed303__D1_creditcard__CHRONOLOGICAL_SAFE__lightgbm__test__predictions.csv
temporal,D1_creditcard,xgboost,CHRONOLOGICAL_SAFE,303,test,/content/drive/MyDrive/Credit__/06_temporal_robustness/temporal_robustness_v1/prediction_exports/seed303__D1_creditcard__CHRONOLOGICAL_SAFE__xgboost__test__predictions.csv
temporal,D1_creditcard,lightgbm,RANDOM_STRATIFIED_SAFE,303,test,/content/drive/MyDrive/Credit__/06_temporal_robustness/temporal_robustness_v1/prediction_exports/seed303__D1_creditcard__RANDOM_STRATIFIED_SAFE__lightgbm__test__predictions.csv
temporal,D1_creditcard,xgboost,RANDOM_STRATIFIED_SAFE,303,test,/content/drive/MyDrive/Credit__/06_temporal_robustness/temporal_robustness_v1/prediction_exports/seed303__D1_creditcard__RANDOM_STRATIFIED_SAFE__xgboost__test__predictions.csv
temporal,D2_fraudTest,lightgbm,CHRONOLOGICAL_SAFE,303,test,/content/drive/MyDrive/Credit__/06_temporal_robustness/temporal_robustness_v1/prediction_exports/seed303__D2_fraudTest__CHRONOLOGICAL_SAFE__lightgbm__test__predictions.csv
temporal,D2_fraudTest,xgboost,CHRONOLOGICAL_SAFE,303,test,/content/drive/MyDrive/Credit__/06_temporal_robustness/temporal_robustness_v1/prediction_exports/seed303__D2_fraudTest__CHRONOLOGICAL_SAFE__xgboost__test__predictions.csv
temporal,D2_fraudTest,lightgbm,RANDOM_STRATIFIED_SAFE,303,test,/content/drive/MyDrive/Credit__/06_temporal_robustness/temporal_robustness_v1/prediction_exports/seed303__D2_fraudTest__RANDOM_STRATIFIED_SAFE__lightgbm__test__predictions.csv
temporal,D2_fraudTest,xgboost,RANDOM_STRATIFIED_SAFE,303,test,/content/drive/MyDrive/Credit__/06_temporal_robustness/temporal_robustness_v1/prediction_exports/seed303__D2_fraudTest__RANDOM_STRATIFIED_SAFE__xgboost__test__predictions.csv
temporal,D3_PaySim,lightgbm,CHRONOLOGICAL_SAFE,303,test,/content/drive/MyDrive/Credit__/06_temporal_robustness/temporal_robustness_v1/prediction_exports/seed303__D3_PaySim__CHRONOLOGICAL_SAFE__lightgbm__test__predictions.csv
temporal,D3_PaySim,xgboost,CHRONOLOGICAL_SAFE,303,test,/content/drive/MyDrive/Credit__/06_temporal_robustness/temporal_robustness_v1/prediction_exports/seed303__D3_PaySim__CHRONOLOGICAL_SAFE__xgboost__test__predictions.csv
temporal,D3_PaySim,lightgbm,RANDOM_STRATIFIED_SAFE,303,test,/content/drive/MyDrive/Credit__/06_temporal_robustness/temporal_robustness_v1/prediction_exports/seed303__D3_PaySim__RANDOM_STRATIFIED_SAFE__lightgbm__test__predictions.csv
temporal,D3_PaySim,xgboost,RANDOM_STRATIFIED_SAFE,303,test,/content/drive/MyDrive/Credit__/06_temporal_robustness/temporal_robustness_v1/prediction_exports/seed303__D3_PaySim__RANDOM_STRATIFIED_SAFE__xgboost__test__predictions.csv
temporal,D1_creditcard,lightgbm,CHRONOLOGICAL_SAFE,404,test,/content/drive/MyDrive/Credit__/06_temporal_robustness/temporal_robustness_v1/prediction_exports/seed404__D1_creditcard__CHRONOLOGICAL_SAFE__lightgbm__test__predictions.csv
temporal,D1_creditcard,xgboost,CHRONOLOGICAL_SAFE,404,test,/content/drive/MyDrive/Credit__/06_temporal_robustness/temporal_robustness_v1/prediction_exports/seed404__D1_creditcard__CHRONOLOGICAL_SAFE__xgboost__test__predictions.csv
temporal,D1_creditcard,lightgbm,RANDOM_STRATIFIED_SAFE,404,test,/content/drive/MyDrive/Credit__/06_temporal_robustness/temporal_robustness_v1/prediction_exports/seed404__D1_creditcard__RANDOM_STRATIFIED_SAFE__lightgbm__test__predictions.csv
temporal,D1_creditcard,xgboost,RANDOM_STRATIFIED_SAFE,404,test,/content/drive/MyDrive/Credit__/06_temporal_robustness/temporal_robustness_v1/prediction_exports/seed404__D1_creditcard__RANDOM_STRATIFIED_SAFE__xgboost__test__predictions.csv
temporal,D2_fraudTest,lightgbm,CHRONOLOGICAL_SAFE,404,test,/content/drive/MyDrive/Credit__/06_temporal_robustness/temporal_robustness_v1/prediction_exports/seed404__D2_fraudTest__CHRONOLOGICAL_SAFE__lightgbm__test__predictions.csv
temporal,D2_fraudTest,xgboost,CHRONOLOGICAL_SAFE,404,test,/content/drive/MyDrive/Credit__/06_temporal_robustness/temporal_robustness_v1/prediction_exports/seed404__D2_fraudTest__CHRONOLOGICAL_SAFE__xgboost__test__predictions.csv
temporal,D2_fraudTest,lightgbm,RANDOM_STRATIFIED_SAFE,404,test,/content/drive/MyDrive/Credit__/06_temporal_robustness/temporal_robustness_v1/prediction_exports/seed404__D2_fraudTest__RANDOM_STRATIFIED_SAFE__lightgbm__test__predictions.csv
temporal,D2_fraudTest,xgboost,RANDOM_STRATIFIED_SAFE,404,test,/content/drive/MyDrive/Credit__/06_temporal_robustness/temporal_robustness_v1/prediction_exports/seed404__D2_fraudTest__RANDOM_STRATIFIED_SAFE__xgboost__test__predictions.csv
temporal,D3_PaySim,lightgbm,CHRONOLOGICAL_SAFE,404,test,/content/drive/MyDrive/Credit__/06_temporal_robustness/temporal_robustness_v1/prediction_exports/seed404__D3_PaySim__CHRONOLOGICAL_SAFE__lightgbm__test__predictions.csv
temporal,D3_PaySim,xgboost,CHRONOLOGICAL_SAFE,404,test,/content/drive/MyDrive/Credit__/06_temporal_robustness/temporal_robustness_v1/prediction_exports/seed404__D3_PaySim__CHRONOLOGICAL_SAFE__xgboost__test__predictions.csv
temporal,D3_PaySim,lightgbm,RANDOM_STRATIFIED_SAFE,404,test,/content/drive/MyDrive/Credit__/06_temporal_robustness/temporal_robustness_v1/prediction_exports/seed404__D3_PaySim__RANDOM_STRATIFIED_SAFE__lightgbm__test__predictions.csv
temporal,D3_PaySim,xgboost,RANDOM_STRATIFIED_SAFE,404,test,/content/drive/MyDrive/Credit__/06_temporal_robustness/temporal_robustness_v1/prediction_exports/seed404__D3_PaySim__RANDOM_STRATIFIED_SAFE__xgboost__test__predictions.csv
temporal,D1_creditcard,lightgbm,CHRONOLOGICAL_SAFE,42,test,/content/drive/MyDrive/Credit__/06_temporal_robustness/temporal_robustness_v1/prediction_exports/seed42__D1_creditcard__CHRONOLOGICAL_SAFE__lightgbm__test__predictions.csv
temporal,D1_creditcard,xgboost,CHRONOLOGICAL_SAFE,42,test,/content/drive/MyDrive/Credit__/06_temporal_robustness/temporal_robustness_v1/prediction_exports/seed42__D1_creditcard__CHRONOLOGICAL_SAFE__xgboost__test__predictions.csv
temporal,D1_creditcard,lightgbm,RANDOM_STRATIFIED_SAFE,42,test,/content/drive/MyDrive/Credit__/06_temporal_robustness/temporal_robustness_v1/prediction_exports/seed42__D1_creditcard__RANDOM_STRATIFIED_SAFE__lightgbm__test__predictions.csv
temporal,D1_creditcard,xgboost,RANDOM_STRATIFIED_SAFE,42,test,/content/drive/MyDrive/Credit__/06_temporal_robustness/temporal_robustness_v1/prediction_exports/seed42__D1_creditcard__RANDOM_STRATIFIED_SAFE__xgboost__test__predictions.csv
temporal,D2_fraudTest,lightgbm,CHRONOLOGICAL_SAFE,42,test,/content/drive/MyDrive/Credit__/06_temporal_robustness/temporal_robustness_v1/prediction_exports/seed42__D2_fraudTest__CHRONOLOGICAL_SAFE__lightgbm__test__predictions.csv
temporal,D2_fraudTest,xgboost,CHRONOLOGICAL_SAFE,42,test,/content/drive/MyDrive/Credit__/06_temporal_robustness/temporal_robustness_v1/prediction_exports/seed42__D2_fraudTest__CHRONOLOGICAL_SAFE__xgboost__test__predictions.csv
temporal,D2_fraudTest,lightgbm,RANDOM_STRATIFIED_SAFE,42,test,/content/drive/MyDrive/Credit__/06_temporal_robustness/temporal_robustness_v1/prediction_exports/seed42__D2_fraudTest__RANDOM_STRATIFIED_SAFE__lightgbm__test__predictions.csv
temporal,D2_fraudTest,xgboost,RANDOM_STRATIFIED_SAFE,42,test,/content/drive/MyDrive/Credit__/06_temporal_robustness/temporal_robustness_v1/prediction_exports/seed42__D2_fraudTest__RANDOM_STRATIFIED_SAFE__xgboost__test__predictions.csv
temporal,D3_PaySim,lightgbm,CHRONOLOGICAL_SAFE,42,test,/content/drive/MyDrive/Credit__/06_temporal_robustness/temporal_robustness_v1/prediction_exports/seed42__D3_PaySim__CHRONOLOGICAL_SAFE__lightgbm__test__predictions.csv
temporal,D3_PaySim,xgboost,CHRONOLOGICAL_SAFE,42,test,/content/drive/MyDrive/Credit__/06_temporal_robustness/temporal_robustness_v1/prediction_exports/seed42__D3_PaySim__CHRONOLOGICAL_SAFE__xgboost__test__predictions.csv
temporal,D3_PaySim,lightgbm,RANDOM_STRATIFIED_SAFE,42,test,/content/drive/MyDrive/Credit__/06_temporal_robustness/temporal_robustness_v1/prediction_exports/seed42__D3_PaySim__RANDOM_STRATIFIED_SAFE__lightgbm__test__predictions.csv
temporal,D3_PaySim,xgboost,RANDOM_STRATIFIED_SAFE,42,test,/content/drive/MyDrive/Credit__/06_temporal_robustness/temporal_robustness_v1/prediction_exports/seed42__D3_PaySim__RANDOM_STRATIFIED_SAFE__xgboost__test__predictions.csv
prevalence,D1_creditcard,lightgbm,NATURAL_TEST_STREAM,101,test,/content/drive/MyDrive/Credit__/07_prevalence_stress_test/prevalence_stress_v1/prediction_exports/seed101__D1_creditcard__NATURAL_TEST_STREAM__lightgbm__test__predictions.csv
prevalence,D1_creditcard,xgboost,NATURAL_TEST_STREAM,101,test,/content/drive/MyDrive/Credit__/07_prevalence_stress_test/prevalence_stress_v1/prediction_exports/seed101__D1_creditcard__NATURAL_TEST_STREAM__xgboost__test__predictions.csv
prevalence,D2_fraudTest,lightgbm,NATURAL_TEST_STREAM,101,test,/content/drive/MyDrive/Credit__/07_prevalence_stress_test/prevalence_stress_v1/prediction_exports/seed101__D2_fraudTest__NATURAL_TEST_STREAM__lightgbm__test__predictions.csv
prevalence,D2_fraudTest,xgboost,NATURAL_TEST_STREAM,101,test,/content/drive/MyDrive/Credit__/07_prevalence_stress_test/prevalence_stress_v1/prediction_exports/seed101__D2_fraudTest__NATURAL_TEST_STREAM__xgboost__test__predictions.csv
prevalence,D3_PaySim,lightgbm,NATURAL_TEST_STREAM,101,test,/content/drive/MyDrive/Credit__/07_prevalence_stress_test/prevalence_stress_v1/prediction_exports/seed101__D3_PaySim__NATURAL_TEST_STREAM__lightgbm__test__predictions.csv
prevalence,D3_PaySim,xgboost,NATURAL_TEST_STREAM,101,test,/content/drive/MyDrive/Credit__/07_prevalence_stress_test/prevalence_stress_v1/prediction_exports/seed101__D3_PaySim__NATURAL_TEST_STREAM__xgboost__test__predictions.csv
prevalence,D1_creditcard,lightgbm,NATURAL_TEST_STREAM,202,test,/content/drive/MyDrive/Credit__/07_prevalence_stress_test/prevalence_stress_v1/prediction_exports/seed202__D1_creditcard__NATURAL_TEST_STREAM__lightgbm__test__predictions.csv
prevalence,D1_creditcard,xgboost,NATURAL_TEST_STREAM,202,test,/content/drive/MyDrive/Credit__/07_prevalence_stress_test/prevalence_stress_v1/prediction_exports/seed202__D1_creditcard__NATURAL_TEST_STREAM__xgboost__test__predictions.csv
prevalence,D2_fraudTest,lightgbm,NATURAL_TEST_STREAM,202,test,/content/drive/MyDrive/Credit__/07_prevalence_stress_test/prevalence_stress_v1/prediction_exports/seed202__D2_fraudTest__NATURAL_TEST_STREAM__lightgbm__test__predictions.csv
prevalence,D2_fraudTest,xgboost,NATURAL_TEST_STREAM,202,test,/content/drive/MyDrive/Credit__/07_prevalence_stress_test/prevalence_stress_v1/prediction_exports/seed202__D2_fraudTest__NATURAL_TEST_STREAM__xgboost__test__predictions.csv
prevalence,D3_PaySim,lightgbm,NATURAL_TEST_STREAM,202,test,/content/drive/MyDrive/Credit__/07_prevalence_stress_test/prevalence_stress_v1/prediction_exports/seed202__D3_PaySim__NATURAL_TEST_STREAM__lightgbm__test__predictions.csv
prevalence,D3_PaySim,xgboost,NATURAL_TEST_STREAM,202,test,/content/drive/MyDrive/Credit__/07_prevalence_stress_test/prevalence_stress_v1/prediction_exports/seed202__D3_PaySim__NATURAL_TEST_STREAM__xgboost__test__predictions.csv
prevalence,D1_creditcard,lightgbm,NATURAL_TEST_STREAM,303,test,/content/drive/MyDrive/Credit__/07_prevalence_stress_test/prevalence_stress_v1/prediction_exports/seed303__D1_creditcard__NATURAL_TEST_STREAM__lightgbm__test__predictions.csv
prevalence,D1_creditcard,xgboost,NATURAL_TEST_STREAM,303,test,/content/drive/MyDrive/Credit__/07_prevalence_stress_test/prevalence_stress_v1/prediction_exports/seed303__D1_creditcard__NATURAL_TEST_STREAM__xgboost__test__predictions.csv
prevalence,D2_fraudTest,lightgbm,NATURAL_TEST_STREAM,303,test,/content/drive/MyDrive/Credit__/07_prevalence_stress_test/prevalence_stress_v1/prediction_exports/seed303__D2_fraudTest__NATURAL_TEST_STREAM__lightgbm__test__predictions.csv
prevalence,D2_fraudTest,xgboost,NATURAL_TEST_STREAM,303,test,/content/drive/MyDrive/Credit__/07_prevalence_stress_test/prevalence_stress_v1/prediction_exports/seed303__D2_fraudTest__NATURAL_TEST_STREAM__xgboost__test__predictions.csv
prevalence,D3_PaySim,lightgbm,NATURAL_TEST_STREAM,303,test,/content/drive/MyDrive/Credit__/07_prevalence_stress_test/prevalence_stress_v1/prediction_exports/seed303__D3_PaySim__NATURAL_TEST_STREAM__lightgbm__test__predictions.csv
prevalence,D3_PaySim,xgboost,NATURAL_TEST_STREAM,303,test,/content/drive/MyDrive/Credit__/07_prevalence_stress_test/prevalence_stress_v1/prediction_exports/seed303__D3_PaySim__NATURAL_TEST_STREAM__xgboost__test__predictions.csv
prevalence,D1_creditcard,lightgbm,NATURAL_TEST_STREAM,404,test,/content/drive/MyDrive/Credit__/07_prevalence_stress_test/prevalence_stress_v1/prediction_exports/seed404__D1_creditcard__NATURAL_TEST_STREAM__lightgbm__test__predictions.csv
prevalence,D1_creditcard,xgboost,NATURAL_TEST_STREAM,404,test,/content/drive/MyDrive/Credit__/07_prevalence_stress_test/prevalence_stress_v1/prediction_exports/seed404__D1_creditcard__NATURAL_TEST_STREAM__xgboost__test__predictions.csv
prevalence,D2_fraudTest,lightgbm,NATURAL_TEST_STREAM,404,test,/content/drive/MyDrive/Credit__/07_prevalence_stress_test/prevalence_stress_v1/prediction_exports/seed404__D2_fraudTest__NATURAL_TEST_STREAM__lightgbm__test__predictions.csv
prevalence,D2_fraudTest,xgboost,NATURAL_TEST_STREAM,404,test,/content/drive/MyDrive/Credit__/07_prevalence_stress_test/prevalence_stress_v1/prediction_exports/seed404__D2_fraudTest__NATURAL_TEST_STREAM__xgboost__test__predictions.csv
prevalence,D3_PaySim,lightgbm,NATURAL_TEST_STREAM,404,test,/content/drive/MyDrive/Credit__/07_prevalence_stress_test/prevalence_stress_v1/prediction_exports/seed404__D3_PaySim__NATURAL_TEST_STREAM__lightgbm__test__predictions.csv
prevalence,D3_PaySim,xgboost,NATURAL_TEST_STREAM,404,test,/content/drive/MyDrive/Credit__/07_prevalence_stress_test/prevalence_stress_v1/prediction_exports/seed404__D3_PaySim__NATURAL_TEST_STREAM__xgboost__test__predictions.csv
prevalence,D1_creditcard,lightgbm,NATURAL_TEST_STREAM,42,test,/content/drive/MyDrive/Credit__/07_prevalence_stress_test/prevalence_stress_v1/prediction_exports/seed42__D1_creditcard__NATURAL_TEST_STREAM__lightgbm__test__predictions.csv
prevalence,D1_creditcard,xgboost,NATURAL_TEST_STREAM,42,test,/content/drive/MyDrive/Credit__/07_prevalence_stress_test/prevalence_stress_v1/prediction_exports/seed42__D1_creditcard__NATURAL_TEST_STREAM__xgboost__test__predictions.csv
prevalence,D2_fraudTest,lightgbm,NATURAL_TEST_STREAM,42,test,/content/drive/MyDrive/Credit__/07_prevalence_stress_test/prevalence_stress_v1/prediction_exports/seed42__D2_fraudTest__NATURAL_TEST_STREAM__lightgbm__test__predictions.csv
prevalence,D2_fraudTest,xgboost,NATURAL_TEST_STREAM,42,test,/content/drive/MyDrive/Credit__/07_prevalence_stress_test/prevalence_stress_v1/prediction_exports/seed42__D2_fraudTest__NATURAL_TEST_STREAM__xgboost__test__predictions.csv
prevalence,D3_PaySim,lightgbm,NATURAL_TEST_STREAM,42,test,/content/drive/MyDrive/Credit__/07_prevalence_stress_test/prevalence_stress_v1/prediction_exports/seed42__D3_PaySim__NATURAL_TEST_STREAM__lightgbm__test__predictions.csv
prevalence,D3_PaySim,xgboost,NATURAL_TEST_STREAM,42,test,/content/drive/MyDrive/Credit__/07_prevalence_stress_test/prevalence_stress_v1/prediction_exports/seed42__D3_PaySim__NATURAL_TEST_STREAM__xgboost__test__predictions.csv
calibration,D1_creditcard,lightgbm,CALIBRATION_ISOTONIC,101,test,/content/drive/MyDrive/Credit__/08_calibration_recalibration/calibration_recalibration_v1/prediction_exports/seed101__D1_creditcard__CALIBRATION_ISOTONIC__lightgbm__test__predictions.csv
calibration,D1_creditcard,xgboost,CALIBRATION_ISOTONIC,101,test,/content/drive/MyDrive/Credit__/08_calibration_recalibration/calibration_recalibration_v1/prediction_exports/seed101__D1_creditcard__CALIBRATION_ISOTONIC__xgboost__test__predictions.csv
calibration,D1_creditcard,lightgbm,CALIBRATION_PLATT_SIGMOID,101,test,/content/drive/MyDrive/Credit__/08_calibration_recalibration/calibration_recalibration_v1/prediction_exports/seed101__D1_creditcard__CALIBRATION_PLATT_SIGMOID__lightgbm__test__predictions.csv
calibration,D1_creditcard,xgboost,CALIBRATION_PLATT_SIGMOID,101,test,/content/drive/MyDrive/Credit__/08_calibration_recalibration/calibration_recalibration_v1/prediction_exports/seed101__D1_creditcard__CALIBRATION_PLATT_SIGMOID__xgboost__test__predictions.csv
calibration,D1_creditcard,lightgbm,CALIBRATION_RAW,101,test,/content/drive/MyDrive/Credit__/08_calibration_recalibration/calibration_recalibration_v1/prediction_exports/seed101__D1_creditcard__CALIBRATION_RAW__lightgbm__test__predictions.csv
calibration,D1_creditcard,xgboost,CALIBRATION_RAW,101,test,/content/drive/MyDrive/Credit__/08_calibration_recalibration/calibration_recalibration_v1/prediction_exports/seed101__D1_creditcard__CALIBRATION_RAW__xgboost__test__predictions.csv
calibration,D2_fraudTest,lightgbm,CALIBRATION_ISOTONIC,101,test,/content/drive/MyDrive/Credit__/08_calibration_recalibration/calibration_recalibration_v1/prediction_exports/seed101__D2_fraudTest__CALIBRATION_ISOTONIC__lightgbm__test__predictions.csv
calibration,D2_fraudTest,xgboost,CALIBRATION_ISOTONIC,101,test,/content/drive/MyDrive/Credit__/08_calibration_recalibration/calibration_recalibration_v1/prediction_exports/seed101__D2_fraudTest__CALIBRATION_ISOTONIC__xgboost__test__predictions.csv
calibration,D2_fraudTest,lightgbm,CALIBRATION_PLATT_SIGMOID,101,test,/content/drive/MyDrive/Credit__/08_calibration_recalibration/calibration_recalibration_v1/prediction_exports/seed101__D2_fraudTest__CALIBRATION_PLATT_SIGMOID__lightgbm__test__predictions.csv
calibration,D2_fraudTest,xgboost,CALIBRATION_PLATT_SIGMOID,101,test,/content/drive/MyDrive/Credit__/08_calibration_recalibration/calibration_recalibration_v1/prediction_exports/seed101__D2_fraudTest__CALIBRATION_PLATT_SIGMOID__xgboost__test__predictions.csv
calibration,D2_fraudTest,lightgbm,CALIBRATION_RAW,101,test,/content/drive/MyDrive/Credit__/08_calibration_recalibration/calibration_recalibration_v1/prediction_exports/seed101__D2_fraudTest__CALIBRATION_RAW__lightgbm__test__predictions.csv
calibration,D2_fraudTest,xgboost,CALIBRATION_RAW,101,test,/content/drive/MyDrive/Credit__/08_calibration_recalibration/calibration_recalibration_v1/prediction_exports/seed101__D2_fraudTest__CALIBRATION_RAW__xgboost__test__predictions.csv
calibration,D3_PaySim,lightgbm,CALIBRATION_ISOTONIC,101,test,/content/drive/MyDrive/Credit__/08_calibration_recalibration/calibration_recalibration_v1/prediction_exports/seed101__D3_PaySim__CALIBRATION_ISOTONIC__lightgbm__test__predictions.csv
calibration,D3_PaySim,xgboost,CALIBRATION_ISOTONIC,101,test,/content/drive/MyDrive/Credit__/08_calibration_recalibration/calibration_recalibration_v1/prediction_exports/seed101__D3_PaySim__CALIBRATION_ISOTONIC__xgboost__test__predictions.csv
calibration,D3_PaySim,lightgbm,CALIBRATION_PLATT_SIGMOID,101,test,/content/drive/MyDrive/Credit__/08_calibration_recalibration/calibration_recalibration_v1/prediction_exports/seed101__D3_PaySim__CALIBRATION_PLATT_SIGMOID__lightgbm__test__predictions.csv
calibration,D3_PaySim,xgboost,CALIBRATION_PLATT_SIGMOID,101,test,/content/drive/MyDrive/Credit__/08_calibration_recalibration/calibration_recalibration_v1/prediction_exports/seed101__D3_PaySim__CALIBRATION_PLATT_SIGMOID__xgboost__test__predictions.csv
calibration,D3_PaySim,lightgbm,CALIBRATION_RAW,101,test,/content/drive/MyDrive/Credit__/08_calibration_recalibration/calibration_recalibration_v1/prediction_exports/seed101__D3_PaySim__CALIBRATION_RAW__lightgbm__test__predictions.csv
calibration,D3_PaySim,xgboost,CALIBRATION_RAW,101,test,/content/drive/MyDrive/Credit__/08_calibration_recalibration/calibration_recalibration_v1/prediction_exports/seed101__D3_PaySim__CALIBRATION_RAW__xgboost__test__predictions.csv
calibration,D1_creditcard,lightgbm,CALIBRATION_ISOTONIC,202,test,/content/drive/MyDrive/Credit__/08_calibration_recalibration/calibration_recalibration_v1/prediction_exports/seed202__D1_creditcard__CALIBRATION_ISOTONIC__lightgbm__test__predictions.csv
calibration,D1_creditcard,xgboost,CALIBRATION_ISOTONIC,202,test,/content/drive/MyDrive/Credit__/08_calibration_recalibration/calibration_recalibration_v1/prediction_exports/seed202__D1_creditcard__CALIBRATION_ISOTONIC__xgboost__test__predictions.csv
calibration,D1_creditcard,lightgbm,CALIBRATION_PLATT_SIGMOID,202,test,/content/drive/MyDrive/Credit__/08_calibration_recalibration/calibration_recalibration_v1/prediction_exports/seed202__D1_creditcard__CALIBRATION_PLATT_SIGMOID__lightgbm__test__predictions.csv
calibration,D1_creditcard,xgboost,CALIBRATION_PLATT_SIGMOID,202,test,/content/drive/MyDrive/Credit__/08_calibration_recalibration/calibration_recalibration_v1/prediction_exports/seed202__D1_creditcard__CALIBRATION_PLATT_SIGMOID__xgboost__test__predictions.csv
calibration,D1_creditcard,lightgbm,CALIBRATION_RAW,202,test,/content/drive/MyDrive/Credit__/08_calibration_recalibration/calibration_recalibration_v1/prediction_exports/seed202__D1_creditcard__CALIBRATION_RAW__lightgbm__test__predictions.csv
calibration,D1_creditcard,xgboost,CALIBRATION_RAW,202,test,/content/drive/MyDrive/Credit__/08_calibration_recalibration/calibration_recalibration_v1/prediction_exports/seed202__D1_creditcard__CALIBRATION_RAW__xgboost__test__predictions.csv
calibration,D2_fraudTest,lightgbm,CALIBRATION_ISOTONIC,202,test,/content/drive/MyDrive/Credit__/08_calibration_recalibration/calibration_recalibration_v1/prediction_exports/seed202__D2_fraudTest__CALIBRATION_ISOTONIC__lightgbm__test__predictions.csv
calibration,D2_fraudTest,xgboost,CALIBRATION_ISOTONIC,202,test,/content/drive/MyDrive/Credit__/08_calibration_recalibration/calibration_recalibration_v1/prediction_exports/seed202__D2_fraudTest__CALIBRATION_ISOTONIC__xgboost__test__predictions.csv
calibration,D2_fraudTest,lightgbm,CALIBRATION_PLATT_SIGMOID,202,test,/content/drive/MyDrive/Credit__/08_calibration_recalibration/calibration_recalibration_v1/prediction_exports/seed202__D2_fraudTest__CALIBRATION_PLATT_SIGMOID__lightgbm__test__predictions.csv
calibration,D2_fraudTest,xgboost,CALIBRATION_PLATT_SIGMOID,202,test,/content/drive/MyDrive/Credit__/08_calibration_recalibration/calibration_recalibration_v1/prediction_exports/seed202__D2_fraudTest__CALIBRATION_PLATT_SIGMOID__xgboost__test__predictions.csv
calibration,D2_fraudTest,lightgbm,CALIBRATION_RAW,202,test,/content/drive/MyDrive/Credit__/08_calibration_recalibration/calibration_recalibration_v1/prediction_exports/seed202__D2_fraudTest__CALIBRATION_RAW__lightgbm__test__predictions.csv
calibration,D2_fraudTest,xgboost,CALIBRATION_RAW,202,test,/content/drive/MyDrive/Credit__/08_calibration_recalibration/calibration_recalibration_v1/prediction_exports/seed202__D2_fraudTest__CALIBRATION_RAW__xgboost__test__predictions.csv
calibration,D3_PaySim,lightgbm,CALIBRATION_ISOTONIC,202,test,/content/drive/MyDrive/Credit__/08_calibration_recalibration/calibration_recalibration_v1/prediction_exports/seed202__D3_PaySim__CALIBRATION_ISOTONIC__lightgbm__test__predictions.csv
calibration,D3_PaySim,xgboost,CALIBRATION_ISOTONIC,202,test,/content/drive/MyDrive/Credit__/08_calibration_recalibration/calibration_recalibration_v1/prediction_exports/seed202__D3_PaySim__CALIBRATION_ISOTONIC__xgboost__test__predictions.csv
calibration,D3_PaySim,lightgbm,CALIBRATION_PLATT_SIGMOID,202,test,/content/drive/MyDrive/Credit__/08_calibration_recalibration/calibration_recalibration_v1/prediction_exports/seed202__D3_PaySim__CALIBRATION_PLATT_SIGMOID__lightgbm__test__predictions.csv
calibration,D3_PaySim,xgboost,CALIBRATION_PLATT_SIGMOID,202,test,/content/drive/MyDrive/Credit__/08_calibration_recalibration/calibration_recalibration_v1/prediction_exports/seed202__D3_PaySim__CALIBRATION_PLATT_SIGMOID__xgboost__test__predictions.csv
calibration,D3_PaySim,lightgbm,CALIBRATION_RAW,202,test,/content/drive/MyDrive/Credit__/08_calibration_recalibration/calibration_recalibration_v1/prediction_exports/seed202__D3_PaySim__CALIBRATION_RAW__lightgbm__test__predictions.csv
calibration,D3_PaySim,xgboost,CALIBRATION_RAW,202,test,/content/drive/MyDrive/Credit__/08_calibration_recalibration/calibration_recalibration_v1/prediction_exports/seed202__D3_PaySim__CALIBRATION_RAW__xgboost__test__predictions.csv
calibration,D1_creditcard,lightgbm,CALIBRATION_ISOTONIC,303,test,/content/drive/MyDrive/Credit__/08_calibration_recalibration/calibration_recalibration_v1/prediction_exports/seed303__D1_creditcard__CALIBRATION_ISOTONIC__lightgbm__test__predictions.csv
calibration,D1_creditcard,xgboost,CALIBRATION_ISOTONIC,303,test,/content/drive/MyDrive/Credit__/08_calibration_recalibration/calibration_recalibration_v1/prediction_exports/seed303__D1_creditcard__CALIBRATION_ISOTONIC__xgboost__test__predictions.csv
calibration,D1_creditcard,lightgbm,CALIBRATION_PLATT_SIGMOID,303,test,/content/drive/MyDrive/Credit__/08_calibration_recalibration/calibration_recalibration_v1/prediction_exports/seed303__D1_creditcard__CALIBRATION_PLATT_SIGMOID__lightgbm__test__predictions.csv
calibration,D1_creditcard,xgboost,CALIBRATION_PLATT_SIGMOID,303,test,/content/drive/MyDrive/Credit__/08_calibration_recalibration/calibration_recalibration_v1/prediction_exports/seed303__D1_creditcard__CALIBRATION_PLATT_SIGMOID__xgboost__test__predictions.csv
calibration,D1_creditcard,lightgbm,CALIBRATION_RAW,303,test,/content/drive/MyDrive/Credit__/08_calibration_recalibration/calibration_recalibration_v1/prediction_exports/seed303__D1_creditcard__CALIBRATION_RAW__lightgbm__test__predictions.csv
calibration,D1_creditcard,xgboost,CALIBRATION_RAW,303,test,/content/drive/MyDrive/Credit__/08_calibration_recalibration/calibration_recalibration_v1/prediction_exports/seed303__D1_creditcard__CALIBRATION_RAW__xgboost__test__predictions.csv
calibration,D2_fraudTest,lightgbm,CALIBRATION_ISOTONIC,303,test,/content/drive/MyDrive/Credit__/08_calibration_recalibration/calibration_recalibration_v1/prediction_exports/seed303__D2_fraudTest__CALIBRATION_ISOTONIC__lightgbm__test__predictions.csv
calibration,D2_fraudTest,xgboost,CALIBRATION_ISOTONIC,303,test,/content/drive/MyDrive/Credit__/08_calibration_recalibration/calibration_recalibration_v1/prediction_exports/seed303__D2_fraudTest__CALIBRATION_ISOTONIC__xgboost__test__predictions.csv
calibration,D2_fraudTest,lightgbm,CALIBRATION_PLATT_SIGMOID,303,test,/content/drive/MyDrive/Credit__/08_calibration_recalibration/calibration_recalibration_v1/prediction_exports/seed303__D2_fraudTest__CALIBRATION_PLATT_SIGMOID__lightgbm__test__predictions.csv
calibration,D2_fraudTest,xgboost,CALIBRATION_PLATT_SIGMOID,303,test,/content/drive/MyDrive/Credit__/08_calibration_recalibration/calibration_recalibration_v1/prediction_exports/seed303__D2_fraudTest__CALIBRATION_PLATT_SIGMOID__xgboost__test__predictions.csv
calibration,D2_fraudTest,lightgbm,CALIBRATION_RAW,303,test,/content/drive/MyDrive/Credit__/08_calibration_recalibration/calibration_recalibration_v1/prediction_exports/seed303__D2_fraudTest__CALIBRATION_RAW__lightgbm__test__predictions.csv
calibration,D2_fraudTest,xgboost,CALIBRATION_RAW,303,test,/content/drive/MyDrive/Credit__/08_calibration_recalibration/calibration_recalibration_v1/prediction_exports/seed303__D2_fraudTest__CALIBRATION_RAW__xgboost__test__predictions.csv
calibration,D3_PaySim,lightgbm,CALIBRATION_ISOTONIC,303,test,/content/drive/MyDrive/Credit__/08_calibration_recalibration/calibration_recalibration_v1/prediction_exports/seed303__D3_PaySim__CALIBRATION_ISOTONIC__lightgbm__test__predictions.csv
calibration,D3_PaySim,xgboost,CALIBRATION_ISOTONIC,303,test,/content/drive/MyDrive/Credit__/08_calibration_recalibration/calibration_recalibration_v1/prediction_exports/seed303__D3_PaySim__CALIBRATION_ISOTONIC__xgboost__test__predictions.csv
calibration,D3_PaySim,lightgbm,CALIBRATION_PLATT_SIGMOID,303,test,/content/drive/MyDrive/Credit__/08_calibration_recalibration/calibration_recalibration_v1/prediction_exports/seed303__D3_PaySim__CALIBRATION_PLATT_SIGMOID__lightgbm__test__predictions.csv
calibration,D3_PaySim,xgboost,CALIBRATION_PLATT_SIGMOID,303,test,/content/drive/MyDrive/Credit__/08_calibration_recalibration/calibration_recalibration_v1/prediction_exports/seed303__D3_PaySim__CALIBRATION_PLATT_SIGMOID__xgboost__test__predictions.csv
calibration,D3_PaySim,lightgbm,CALIBRATION_RAW,303,test,/content/drive/MyDrive/Credit__/08_calibration_recalibration/calibration_recalibration_v1/prediction_exports/seed303__D3_PaySim__CALIBRATION_RAW__lightgbm__test__predictions.csv
calibration,D3_PaySim,xgboost,CALIBRATION_RAW,303,test,/content/drive/MyDrive/Credit__/08_calibration_recalibration/calibration_recalibration_v1/prediction_exports/seed303__D3_PaySim__CALIBRATION_RAW__xgboost__test__predictions.csv
calibration,D1_creditcard,lightgbm,CALIBRATION_ISOTONIC,404,test,/content/drive/MyDrive/Credit__/08_calibration_recalibration/calibration_recalibration_v1/prediction_exports/seed404__D1_creditcard__CALIBRATION_ISOTONIC__lightgbm__test__predictions.csv
calibration,D1_creditcard,xgboost,CALIBRATION_ISOTONIC,404,test,/content/drive/MyDrive/Credit__/08_calibration_recalibration/calibration_recalibration_v1/prediction_exports/seed404__D1_creditcard__CALIBRATION_ISOTONIC__xgboost__test__predictions.csv
calibration,D1_creditcard,lightgbm,CALIBRATION_PLATT_SIGMOID,404,test,/content/drive/MyDrive/Credit__/08_calibration_recalibration/calibration_recalibration_v1/prediction_exports/seed404__D1_creditcard__CALIBRATION_PLATT_SIGMOID__lightgbm__test__predictions.csv
calibration,D1_creditcard,xgboost,CALIBRATION_PLATT_SIGMOID,404,test,/content/drive/MyDrive/Credit__/08_calibration_recalibration/calibration_recalibration_v1/prediction_exports/seed404__D1_creditcard__CALIBRATION_PLATT_SIGMOID__xgboost__test__predictions.csv
calibration,D1_creditcard,lightgbm,CALIBRATION_RAW,404,test,/content/drive/MyDrive/Credit__/08_calibration_recalibration/calibration_recalibration_v1/prediction_exports/seed404__D1_creditcard__CALIBRATION_RAW__lightgbm__test__predictions.csv
calibration,D1_creditcard,xgboost,CALIBRATION_RAW,404,test,/content/drive/MyDrive/Credit__/08_calibration_recalibration/calibration_recalibration_v1/prediction_exports/seed404__D1_creditcard__CALIBRATION_RAW__xgboost__test__predictions.csv
calibration,D2_fraudTest,lightgbm,CALIBRATION_ISOTONIC,404,test,/content/drive/MyDrive/Credit__/08_calibration_recalibration/calibration_recalibration_v1/prediction_exports/seed404__D2_fraudTest__CALIBRATION_ISOTONIC__lightgbm__test__predictions.csv
calibration,D2_fraudTest,xgboost,CALIBRATION_ISOTONIC,404,test,/content/drive/MyDrive/Credit__/08_calibration_recalibration/calibration_recalibration_v1/prediction_exports/seed404__D2_fraudTest__CALIBRATION_ISOTONIC__xgboost__test__predictions.csv
calibration,D2_fraudTest,lightgbm,CALIBRATION_PLATT_SIGMOID,404,test,/content/drive/MyDrive/Credit__/08_calibration_recalibration/calibration_recalibration_v1/prediction_exports/seed404__D2_fraudTest__CALIBRATION_PLATT_SIGMOID__lightgbm__test__predictions.csv
calibration,D2_fraudTest,xgboost,CALIBRATION_PLATT_SIGMOID,404,test,/content/drive/MyDrive/Credit__/08_calibration_recalibration/calibration_recalibration_v1/prediction_exports/seed404__D2_fraudTest__CALIBRATION_PLATT_SIGMOID__xgboost__test__predictions.csv
calibration,D2_fraudTest,lightgbm,CALIBRATION_RAW,404,test,/content/drive/MyDrive/Credit__/08_calibration_recalibration/calibration_recalibration_v1/prediction_exports/seed404__D2_fraudTest__CALIBRATION_RAW__lightgbm__test__predictions.csv
calibration,D2_fraudTest,xgboost,CALIBRATION_RAW,404,test,/content/drive/MyDrive/Credit__/08_calibration_recalibration/calibration_recalibration_v1/prediction_exports/seed404__D2_fraudTest__CALIBRATION_RAW__xgboost__test__predictions.csv
calibration,D3_PaySim,lightgbm,CALIBRATION_ISOTONIC,404,test,/content/drive/MyDrive/Credit__/08_calibration_recalibration/calibration_recalibration_v1/prediction_exports/seed404__D3_PaySim__CALIBRATION_ISOTONIC__lightgbm__test__predictions.csv
calibration,D3_PaySim,xgboost,CALIBRATION_ISOTONIC,404,test,/content/drive/MyDrive/Credit__/08_calibration_recalibration/calibration_recalibration_v1/prediction_exports/seed404__D3_PaySim__CALIBRATION_ISOTONIC__xgboost__test__predictions.csv
calibration,D3_PaySim,lightgbm,CALIBRATION_PLATT_SIGMOID,404,test,/content/drive/MyDrive/Credit__/08_calibration_recalibration/calibration_recalibration_v1/prediction_exports/seed404__D3_PaySim__CALIBRATION_PLATT_SIGMOID__lightgbm__test__predictions.csv
calibration,D3_PaySim,xgboost,CALIBRATION_PLATT_SIGMOID,404,test,/content/drive/MyDrive/Credit__/08_calibration_recalibration/calibration_recalibration_v1/prediction_exports/seed404__D3_PaySim__CALIBRATION_PLATT_SIGMOID__xgboost__test__predictions.csv
calibration,D3_PaySim,lightgbm,CALIBRATION_RAW,404,test,/content/drive/MyDrive/Credit__/08_calibration_recalibration/calibration_recalibration_v1/prediction_exports/seed404__D3_PaySim__CALIBRATION_RAW__lightgbm__test__predictions.csv
calibration,D3_PaySim,xgboost,CALIBRATION_RAW,404,test,/content/drive/MyDrive/Credit__/08_calibration_recalibration/calibration_recalibration_v1/prediction_exports/seed404__D3_PaySim__CALIBRATION_RAW__xgboost__test__predictions.csv
calibration,D1_creditcard,lightgbm,CALIBRATION_ISOTONIC,42,test,/content/drive/MyDrive/Credit__/08_calibration_recalibration/calibration_recalibration_v1/prediction_exports/seed42__D1_creditcard__CALIBRATION_ISOTONIC__lightgbm__test__predictions.csv
calibration,D1_creditcard,xgboost,CALIBRATION_ISOTONIC,42,test,/content/drive/MyDrive/Credit__/08_calibration_recalibration/calibration_recalibration_v1/prediction_exports/seed42__D1_creditcard__CALIBRATION_ISOTONIC__xgboost__test__predictions.csv
calibration,D1_creditcard,lightgbm,CALIBRATION_PLATT_SIGMOID,42,test,/content/drive/MyDrive/Credit__/08_calibration_recalibration/calibration_recalibration_v1/prediction_exports/seed42__D1_creditcard__CALIBRATION_PLATT_SIGMOID__lightgbm__test__predictions.csv
calibration,D1_creditcard,xgboost,CALIBRATION_PLATT_SIGMOID,42,test,/content/drive/MyDrive/Credit__/08_calibration_recalibration/calibration_recalibration_v1/prediction_exports/seed42__D1_creditcard__CALIBRATION_PLATT_SIGMOID__xgboost__test__predictions.csv
calibration,D1_creditcard,lightgbm,CALIBRATION_RAW,42,test,/content/drive/MyDrive/Credit__/08_calibration_recalibration/calibration_recalibration_v1/prediction_exports/seed42__D1_creditcard__CALIBRATION_RAW__lightgbm__test__predictions.csv
calibration,D1_creditcard,xgboost,CALIBRATION_RAW,42,test,/content/drive/MyDrive/Credit__/08_calibration_recalibration/calibration_recalibration_v1/prediction_exports/seed42__D1_creditcard__CALIBRATION_RAW__xgboost__test__predictions.csv
calibration,D2_fraudTest,lightgbm,CALIBRATION_ISOTONIC,42,test,/content/drive/MyDrive/Credit__/08_calibration_recalibration/calibration_recalibration_v1/prediction_exports/seed42__D2_fraudTest__CALIBRATION_ISOTONIC__lightgbm__test__predictions.csv
calibration,D2_fraudTest,xgboost,CALIBRATION_ISOTONIC,42,test,/content/drive/MyDrive/Credit__/08_calibration_recalibration/calibration_recalibration_v1/prediction_exports/seed42__D2_fraudTest__CALIBRATION_ISOTONIC__xgboost__test__predictions.csv
calibration,D2_fraudTest,lightgbm,CALIBRATION_PLATT_SIGMOID,42,test,/content/drive/MyDrive/Credit__/08_calibration_recalibration/calibration_recalibration_v1/prediction_exports/seed42__D2_fraudTest__CALIBRATION_PLATT_SIGMOID__lightgbm__test__predictions.csv
calibration,D2_fraudTest,xgboost,CALIBRATION_PLATT_SIGMOID,42,test,/content/drive/MyDrive/Credit__/08_calibration_recalibration/calibration_recalibration_v1/prediction_exports/seed42__D2_fraudTest__CALIBRATION_PLATT_SIGMOID__xgboost__test__predictions.csv
calibration,D2_fraudTest,lightgbm,CALIBRATION_RAW,42,test,/content/drive/MyDrive/Credit__/08_calibration_recalibration/calibration_recalibration_v1/prediction_exports/seed42__D2_fraudTest__CALIBRATION_RAW__lightgbm__test__predictions.csv
calibration,D2_fraudTest,xgboost,CALIBRATION_RAW,42,test,/content/drive/MyDrive/Credit__/08_calibration_recalibration/calibration_recalibration_v1/prediction_exports/seed42__D2_fraudTest__CALIBRATION_RAW__xgboost__test__predictions.csv
calibration,D3_PaySim,lightgbm,CALIBRATION_ISOTONIC,42,test,/content/drive/MyDrive/Credit__/08_calibration_recalibration/calibration_recalibration_v1/prediction_exports/seed42__D3_PaySim__CALIBRATION_ISOTONIC__lightgbm__test__predictions.csv
calibration,D3_PaySim,xgboost,CALIBRATION_ISOTONIC,42,test,/content/drive/MyDrive/Credit__/08_calibration_recalibration/calibration_recalibration_v1/prediction_exports/seed42__D3_PaySim__CALIBRATION_ISOTONIC__xgboost__test__predictions.csv
calibration,D3_PaySim,lightgbm,CALIBRATION_PLATT_SIGMOID,42,test,/content/drive/MyDrive/Credit__/08_calibration_recalibration/calibration_recalibration_v1/prediction_exports/seed42__D3_PaySim__CALIBRATION_PLATT_SIGMOID__lightgbm__test__predictions.csv
calibration,D3_PaySim,xgboost,CALIBRATION_PLATT_SIGMOID,42,test,/content/drive/MyDrive/Credit__/08_calibration_recalibration/calibration_recalibration_v1/prediction_exports/seed42__D3_PaySim__CALIBRATION_PLATT_SIGMOID__xgboost__test__predictions.csv
calibration,D3_PaySim,lightgbm,CALIBRATION_RAW,42,test,/content/drive/MyDrive/Credit__/08_calibration_recalibration/calibration_recalibration_v1/prediction_exports/seed42__D3_PaySim__CALIBRATION_RAW__lightgbm__test__predictions.csv
calibration,D3_PaySim,xgboost,CALIBRATION_RAW,42,test,/content/drive/MyDrive/Credit__/08_calibration_recalibration/calibration_recalibration_v1/prediction_exports/seed42__D3_PaySim__CALIBRATION_RAW__xgboost__test__predictions.csv
explanation,D1_creditcard,lightgbm,CHRONOLOGICAL_SAFE,101,test,/content/drive/MyDrive/Credit__/09_explanation_stability/explanation_stability_v1/prediction_exports/seed101__D1_creditcard__CHRONOLOGICAL_SAFE__lightgbm__test__predictions.csv
explanation,D1_creditcard,xgboost,CHRONOLOGICAL_SAFE,101,test,/content/drive/MyDrive/Credit__/09_explanation_stability/explanation_stability_v1/prediction_exports/seed101__D1_creditcard__CHRONOLOGICAL_SAFE__xgboost__test__predictions.csv
explanation,D1_creditcard,lightgbm,RANDOM_STRATIFIED_SAFE,101,test,/content/drive/MyDrive/Credit__/09_explanation_stability/explanation_stability_v1/prediction_exports/seed101__D1_creditcard__RANDOM_STRATIFIED_SAFE__lightgbm__test__predictions.csv
explanation,D1_creditcard,xgboost,RANDOM_STRATIFIED_SAFE,101,test,/content/drive/MyDrive/Credit__/09_explanation_stability/explanation_stability_v1/prediction_exports/seed101__D1_creditcard__RANDOM_STRATIFIED_SAFE__xgboost__test__predictions.csv
explanation,D2_fraudTest,lightgbm,CHRONOLOGICAL_SAFE,101,test,/content/drive/MyDrive/Credit__/09_explanation_stability/explanation_stability_v1/prediction_exports/seed101__D2_fraudTest__CHRONOLOGICAL_SAFE__lightgbm__test__predictions.csv
explanation,D2_fraudTest,xgboost,CHRONOLOGICAL_SAFE,101,test,/content/drive/MyDrive/Credit__/09_explanation_stability/explanation_stability_v1/prediction_exports/seed101__D2_fraudTest__CHRONOLOGICAL_SAFE__xgboost__test__predictions.csv
explanation,D2_fraudTest,lightgbm,RANDOM_STRATIFIED_SAFE,101,test,/content/drive/MyDrive/Credit__/09_explanation_stability/explanation_stability_v1/prediction_exports/seed101__D2_fraudTest__RANDOM_STRATIFIED_SAFE__lightgbm__test__predictions.csv
explanation,D2_fraudTest,xgboost,RANDOM_STRATIFIED_SAFE,101,test,/content/drive/MyDrive/Credit__/09_explanation_stability/explanation_stability_v1/prediction_exports/seed101__D2_fraudTest__RANDOM_STRATIFIED_SAFE__xgboost__test__predictions.csv
explanation,D3_PaySim,lightgbm,CHRONOLOGICAL_SAFE,101,test,/content/drive/MyDrive/Credit__/09_explanation_stability/explanation_stability_v1/prediction_exports/seed101__D3_PaySim__CHRONOLOGICAL_SAFE__lightgbm__test__predictions.csv
explanation,D3_PaySim,xgboost,CHRONOLOGICAL_SAFE,101,test,/content/drive/MyDrive/Credit__/09_explanation_stability/explanation_stability_v1/prediction_exports/seed101__D3_PaySim__CHRONOLOGICAL_SAFE__xgboost__test__predictions.csv
explanation,D3_PaySim,lightgbm,RANDOM_STRATIFIED_SAFE,101,test,/content/drive/MyDrive/Credit__/09_explanation_stability/explanation_stability_v1/prediction_exports/seed101__D3_PaySim__RANDOM_STRATIFIED_SAFE__lightgbm__test__predictions.csv
explanation,D3_PaySim,xgboost,RANDOM_STRATIFIED_SAFE,101,test,/content/drive/MyDrive/Credit__/09_explanation_stability/explanation_stability_v1/prediction_exports/seed101__D3_PaySim__RANDOM_STRATIFIED_SAFE__xgboost__test__predictions.csv
explanation,D1_creditcard,lightgbm,CHRONOLOGICAL_SAFE,202,test,/content/drive/MyDrive/Credit__/09_explanation_stability/explanation_stability_v1/prediction_exports/seed202__D1_creditcard__CHRONOLOGICAL_SAFE__lightgbm__test__predictions.csv
explanation,D1_creditcard,xgboost,CHRONOLOGICAL_SAFE,202,test,/content/drive/MyDrive/Credit__/09_explanation_stability/explanation_stability_v1/prediction_exports/seed202__D1_creditcard__CHRONOLOGICAL_SAFE__xgboost__test__predictions.csv
explanation,D1_creditcard,lightgbm,RANDOM_STRATIFIED_SAFE,202,test,/content/drive/MyDrive/Credit__/09_explanation_stability/explanation_stability_v1/prediction_exports/seed202__D1_creditcard__RANDOM_STRATIFIED_SAFE__lightgbm__test__predictions.csv
explanation,D1_creditcard,xgboost,RANDOM_STRATIFIED_SAFE,202,test,/content/drive/MyDrive/Credit__/09_explanation_stability/explanation_stability_v1/prediction_exports/seed202__D1_creditcard__RANDOM_STRATIFIED_SAFE__xgboost__test__predictions.csv
explanation,D2_fraudTest,lightgbm,CHRONOLOGICAL_SAFE,202,test,/content/drive/MyDrive/Credit__/09_explanation_stability/explanation_stability_v1/prediction_exports/seed202__D2_fraudTest__CHRONOLOGICAL_SAFE__lightgbm__test__predictions.csv
explanation,D2_fraudTest,xgboost,CHRONOLOGICAL_SAFE,202,test,/content/drive/MyDrive/Credit__/09_explanation_stability/explanation_stability_v1/prediction_exports/seed202__D2_fraudTest__CHRONOLOGICAL_SAFE__xgboost__test__predictions.csv
explanation,D2_fraudTest,lightgbm,RANDOM_STRATIFIED_SAFE,202,test,/content/drive/MyDrive/Credit__/09_explanation_stability/explanation_stability_v1/prediction_exports/seed202__D2_fraudTest__RANDOM_STRATIFIED_SAFE__lightgbm__test__predictions.csv
explanation,D2_fraudTest,xgboost,RANDOM_STRATIFIED_SAFE,202,test,/content/drive/MyDrive/Credit__/09_explanation_stability/explanation_stability_v1/prediction_exports/seed202__D2_fraudTest__RANDOM_STRATIFIED_SAFE__xgboost__test__predictions.csv
explanation,D3_PaySim,lightgbm,CHRONOLOGICAL_SAFE,202,test,/content/drive/MyDrive/Credit__/09_explanation_stability/explanation_stability_v1/prediction_exports/seed202__D3_PaySim__CHRONOLOGICAL_SAFE__lightgbm__test__predictions.csv
explanation,D3_PaySim,xgboost,CHRONOLOGICAL_SAFE,202,test,/content/drive/MyDrive/Credit__/09_explanation_stability/explanation_stability_v1/prediction_exports/seed202__D3_PaySim__CHRONOLOGICAL_SAFE__xgboost__test__predictions.csv
explanation,D3_PaySim,lightgbm,RANDOM_STRATIFIED_SAFE,202,test,/content/drive/MyDrive/Credit__/09_explanation_stability/explanation_stability_v1/prediction_exports/seed202__D3_PaySim__RANDOM_STRATIFIED_SAFE__lightgbm__test__predictions.csv
explanation,D3_PaySim,xgboost,RANDOM_STRATIFIED_SAFE,202,test,/content/drive/MyDrive/Credit__/09_explanation_stability/explanation_stability_v1/prediction_exports/seed202__D3_PaySim__RANDOM_STRATIFIED_SAFE__xgboost__test__predictions.csv
explanation,D1_creditcard,lightgbm,CHRONOLOGICAL_SAFE,303,test,/content/drive/MyDrive/Credit__/09_explanation_stability/explanation_stability_v1/prediction_exports/seed303__D1_creditcard__CHRONOLOGICAL_SAFE__lightgbm__test__predictions.csv
explanation,D1_creditcard,xgboost,CHRONOLOGICAL_SAFE,303,test,/content/drive/MyDrive/Credit__/09_explanation_stability/explanation_stability_v1/prediction_exports/seed303__D1_creditcard__CHRONOLOGICAL_SAFE__xgboost__test__predictions.csv
explanation,D1_creditcard,lightgbm,RANDOM_STRATIFIED_SAFE,303,test,/content/drive/MyDrive/Credit__/09_explanation_stability/explanation_stability_v1/prediction_exports/seed303__D1_creditcard__RANDOM_STRATIFIED_SAFE__lightgbm__test__predictions.csv
explanation,D1_creditcard,xgboost,RANDOM_STRATIFIED_SAFE,303,test,/content/drive/MyDrive/Credit__/09_explanation_stability/explanation_stability_v1/prediction_exports/seed303__D1_creditcard__RANDOM_STRATIFIED_SAFE__xgboost__test__predictions.csv
explanation,D2_fraudTest,lightgbm,CHRONOLOGICAL_SAFE,303,test,/content/drive/MyDrive/Credit__/09_explanation_stability/explanation_stability_v1/prediction_exports/seed303__D2_fraudTest__CHRONOLOGICAL_SAFE__lightgbm__test__predictions.csv
explanation,D2_fraudTest,xgboost,CHRONOLOGICAL_SAFE,303,test,/content/drive/MyDrive/Credit__/09_explanation_stability/explanation_stability_v1/prediction_exports/seed303__D2_fraudTest__CHRONOLOGICAL_SAFE__xgboost__test__predictions.csv
explanation,D2_fraudTest,lightgbm,RANDOM_STRATIFIED_SAFE,303,test,/content/drive/MyDrive/Credit__/09_explanation_stability/explanation_stability_v1/prediction_exports/seed303__D2_fraudTest__RANDOM_STRATIFIED_SAFE__lightgbm__test__predictions.csv
explanation,D2_fraudTest,xgboost,RANDOM_STRATIFIED_SAFE,303,test,/content/drive/MyDrive/Credit__/09_explanation_stability/explanation_stability_v1/prediction_exports/seed303__D2_fraudTest__RANDOM_STRATIFIED_SAFE__xgboost__test__predictions.csv
explanation,D3_PaySim,lightgbm,CHRONOLOGICAL_SAFE,303,test,/content/drive/MyDrive/Credit__/09_explanation_stability/explanation_stability_v1/prediction_exports/seed303__D3_PaySim__CHRONOLOGICAL_SAFE__lightgbm__test__predictions.csv
explanation,D3_PaySim,xgboost,CHRONOLOGICAL_SAFE,303,test,/content/drive/MyDrive/Credit__/09_explanation_stability/explanation_stability_v1/prediction_exports/seed303__D3_PaySim__CHRONOLOGICAL_SAFE__xgboost__test__predictions.csv
explanation,D3_PaySim,lightgbm,RANDOM_STRATIFIED_SAFE,303,test,/content/drive/MyDrive/Credit__/09_explanation_stability/explanation_stability_v1/prediction_exports/seed303__D3_PaySim__RANDOM_STRATIFIED_SAFE__lightgbm__test__predictions.csv
explanation,D3_PaySim,xgboost,RANDOM_STRATIFIED_SAFE,303,test,/content/drive/MyDrive/Credit__/09_explanation_stability/explanation_stability_v1/prediction_exports/seed303__D3_PaySim__RANDOM_STRATIFIED_SAFE__xgboost__test__predictions.csv
explanation,D1_creditcard,lightgbm,CHRONOLOGICAL_SAFE,404,test,/content/drive/MyDrive/Credit__/09_explanation_stability/explanation_stability_v1/prediction_exports/seed404__D1_creditcard__CHRONOLOGICAL_SAFE__lightgbm__test__predictions.csv
explanation,D1_creditcard,xgboost,CHRONOLOGICAL_SAFE,404,test,/content/drive/MyDrive/Credit__/09_explanation_stability/explanation_stability_v1/prediction_exports/seed404__D1_creditcard__CHRONOLOGICAL_SAFE__xgboost__test__predictions.csv
explanation,D1_creditcard,lightgbm,RANDOM_STRATIFIED_SAFE,404,test,/content/drive/MyDrive/Credit__/09_explanation_stability/explanation_stability_v1/prediction_exports/seed404__D1_creditcard__RANDOM_STRATIFIED_SAFE__lightgbm__test__predictions.csv
explanation,D1_creditcard,xgboost,RANDOM_STRATIFIED_SAFE,404,test,/content/drive/MyDrive/Credit__/09_explanation_stability/explanation_stability_v1/prediction_exports/seed404__D1_creditcard__RANDOM_STRATIFIED_SAFE__xgboost__test__predictions.csv
explanation,D2_fraudTest,lightgbm,CHRONOLOGICAL_SAFE,404,test,/content/drive/MyDrive/Credit__/09_explanation_stability/explanation_stability_v1/prediction_exports/seed404__D2_fraudTest__CHRONOLOGICAL_SAFE__lightgbm__test__predictions.csv
explanation,D2_fraudTest,xgboost,CHRONOLOGICAL_SAFE,404,test,/content/drive/MyDrive/Credit__/09_explanation_stability/explanation_stability_v1/prediction_exports/seed404__D2_fraudTest__CHRONOLOGICAL_SAFE__xgboost__test__predictions.csv
explanation,D2_fraudTest,lightgbm,RANDOM_STRATIFIED_SAFE,404,test,/content/drive/MyDrive/Credit__/09_explanation_stability/explanation_stability_v1/prediction_exports/seed404__D2_fraudTest__RANDOM_STRATIFIED_SAFE__lightgbm__test__predictions.csv
explanation,D2_fraudTest,xgboost,RANDOM_STRATIFIED_SAFE,404,test,/content/drive/MyDrive/Credit__/09_explanation_stability/explanation_stability_v1/prediction_exports/seed404__D2_fraudTest__RANDOM_STRATIFIED_SAFE__xgboost__test__predictions.csv
explanation,D3_PaySim,lightgbm,CHRONOLOGICAL_SAFE,404,test,/content/drive/MyDrive/Credit__/09_explanation_stability/explanation_stability_v1/prediction_exports/seed404__D3_PaySim__CHRONOLOGICAL_SAFE__lightgbm__test__predictions.csv
explanation,D3_PaySim,xgboost,CHRONOLOGICAL_SAFE,404,test,/content/drive/MyDrive/Credit__/09_explanation_stability/explanation_stability_v1/prediction_exports/seed404__D3_PaySim__CHRONOLOGICAL_SAFE__xgboost__test__predictions.csv
explanation,D3_PaySim,lightgbm,RANDOM_STRATIFIED_SAFE,404,test,/content/drive/MyDrive/Credit__/09_explanation_stability/explanation_stability_v1/prediction_exports/seed404__D3_PaySim__RANDOM_STRATIFIED_SAFE__lightgbm__test__predictions.csv
explanation,D3_PaySim,xgboost,RANDOM_STRATIFIED_SAFE,404,test,/content/drive/MyDrive/Credit__/09_explanation_stability/explanation_stability_v1/prediction_exports/seed404__D3_PaySim__RANDOM_STRATIFIED_SAFE__xgboost__test__predictions.csv
explanation,D1_creditcard,lightgbm,CHRONOLOGICAL_SAFE,42,test,/content/drive/MyDrive/Credit__/09_explanation_stability/explanation_stability_v1/prediction_exports/seed42__D1_creditcard__CHRONOLOGICAL_SAFE__lightgbm__test__predictions.csv
explanation,D1_creditcard,xgboost,CHRONOLOGICAL_SAFE,42,test,/content/drive/MyDrive/Credit__/09_explanation_stability/explanation_stability_v1/prediction_exports/seed42__D1_creditcard__CHRONOLOGICAL_SAFE__xgboost__test__predictions.csv
explanation,D1_creditcard,lightgbm,RANDOM_STRATIFIED_SAFE,42,test,/content/drive/MyDrive/Credit__/09_explanation_stability/explanation_stability_v1/prediction_exports/seed42__D1_creditcard__RANDOM_STRATIFIED_SAFE__lightgbm__test__predictions.csv
explanation,D1_creditcard,xgboost,RANDOM_STRATIFIED_SAFE,42,test,/content/drive/MyDrive/Credit__/09_explanation_stability/explanation_stability_v1/prediction_exports/seed42__D1_creditcard__RANDOM_STRATIFIED_SAFE__xgboost__test__predictions.csv
explanation,D2_fraudTest,lightgbm,CHRONOLOGICAL_SAFE,42,test,/content/drive/MyDrive/Credit__/09_explanation_stability/explanation_stability_v1/prediction_exports/seed42__D2_fraudTest__CHRONOLOGICAL_SAFE__lightgbm__test__predictions.csv
explanation,D2_fraudTest,xgboost,CHRONOLOGICAL_SAFE,42,test,/content/drive/MyDrive/Credit__/09_explanation_stability/explanation_stability_v1/prediction_exports/seed42__D2_fraudTest__CHRONOLOGICAL_SAFE__xgboost__test__predictions.csv
explanation,D2_fraudTest,lightgbm,RANDOM_STRATIFIED_SAFE,42,test,/content/drive/MyDrive/Credit__/09_explanation_stability/explanation_stability_v1/prediction_exports/seed42__D2_fraudTest__RANDOM_STRATIFIED_SAFE__lightgbm__test__predictions.csv
explanation,D2_fraudTest,xgboost,RANDOM_STRATIFIED_SAFE,42,test,/content/drive/MyDrive/Credit__/09_explanation_stability/explanation_stability_v1/prediction_exports/seed42__D2_fraudTest__RANDOM_STRATIFIED_SAFE__xgboost__test__predictions.csv
explanation,D3_PaySim,lightgbm,CHRONOLOGICAL_SAFE,42,test,/content/drive/MyDrive/Credit__/09_explanation_stability/explanation_stability_v1/prediction_exports/seed42__D3_PaySim__CHRONOLOGICAL_SAFE__lightgbm__test__predictions.csv
explanation,D3_PaySim,xgboost,CHRONOLOGICAL_SAFE,42,test,/content/drive/MyDrive/Credit__/09_explanation_stability/explanation_stability_v1/prediction_exports/seed42__D3_PaySim__CHRONOLOGICAL_SAFE__xgboost__test__predictions.csv
explanation,D3_PaySim,lightgbm,RANDOM_STRATIFIED_SAFE,42,test,/content/drive/MyDrive/Credit__/09_explanation_stability/explanation_stability_v1/prediction_exports/seed42__D3_PaySim__RANDOM_STRATIFIED_SAFE__lightgbm__test__predictions.csv
explanation,D3_PaySim,xgboost,RANDOM_STRATIFIED_SAFE,42,test,/content/drive/MyDrive/Credit__/09_explanation_stability/explanation_stability_v1/prediction_exports/seed42__D3_PaySim__RANDOM_STRATIFIED_SAFE__xgboost__test__predictions.csv
