dataset,model,calibrator,seeds,brier_mean,brier_std,brier_reduction_mean,ece_mean,ece_std,ece_reduction_mean,log_loss_mean,log_loss_reduction_mean,cost_mean,cost_delta_mean,mcc_mean,mcc_delta_mean
D1_creditcard,lightgbm,ISOTONIC,5,0.00042420515770558,7.673316092051763e-05,1.963179375716e-05,0.00021520231236641998,6.841863954674015e-05,0.00024242404164785997,0.00295869517815912,0.00160761553328836,260.9875585944384,-58.224368237408825,0.5108951846710876,-0.32889909673594786
D1_creditcard,lightgbm,PLATT_SIGMOID,5,0.00046692589602302,7.342147822298609e-05,-2.3088944560280008e-05,0.00029238927546033997,0.00012704570193094162,0.00016523707855393998,0.0035682123124783404,0.00099809839896914,367.6382476297889,48.42632079794167,0.848882601674443,0.00908832026740738
D1_creditcard,lightgbm,RAW,5,0.00044383695146274,9.173987173879119e-05,0.0,0.00045762635401428,9.569483636008017e-05,0.0,0.0045663107114474796,0.0,319.2119268318472,0.0,0.8397942814070355,0.0
D1_creditcard,xgboost,ISOTONIC,5,0.0004242906203746,6.748669053764869e-05,4.1021601192259975e-05,0.00019060545229648,6.540524952865349e-05,0.00011701288918468001,0.00287943773892622,0.00015518905948525997,278.1517640009869,1.9032178479540165,0.5646937143391726,-0.04140214152492687
D1_creditcard,xgboost,PLATT_SIGMOID,5,0.00045292386749362006,7.324478649733771e-05,1.238835407323998e-05,0.00034117311786502,6.021254149753583e-05,-3.355477638386e-05,0.0033343274364812403,-0.0002997006380697599,329.4329115708596,53.18436541782678,0.8464073010950951,0.24031144523099562
D1_creditcard,xgboost,RAW,5,0.00046531222156686,8.39112354208236e-05,0.0,0.00030761834148116003,9.959423462774701e-05,0.0,0.00303462679841148,0.0,276.24854615303286,0.0,0.6060958558640994,0.0
D2_fraudTest,lightgbm,ISOTONIC,5,0.0007226398140091,5.694548564511859e-05,0.00046893465588089995,0.00024403273968846,5.815729234053958e-05,0.00126590654733836,0.00347401713198784,0.00120989648295066,220.21881523069175,0.5758295544519172,0.507714449896814,-0.053994717677743
D2_fraudTest,lightgbm,PLATT_SIGMOID,5,0.0008447461712163,6.0705480498824054e-05,0.00034682829867369996,0.00050707960602142,0.00010674101603896202,0.0010028596810054001,0.004388639938479421,0.00029527367645908013,316.9401857050313,97.29720002879148,0.7935106988667695,0.23180153129221245
D2_fraudTest,lightgbm,RAW,5,0.0011915744698899999,6.17280447985657e-05,0.0,0.00150993928702682,0.00020210194333142615,0.0,0.0046839136149385,0.0,219.64298567623982,0.0,0.561709167574557,0.0
D2_fraudTest,xgboost,ISOTONIC,5,0.0009980035411381,6.652402318259841e-05,0.00482744394700962,0.00019620900664244,3.8730993272370776e-05,0.01465500467436974,0.0043060736760881,0.01877437703389988,266.5191103433384,0.46786151299215817,0.5242610571632867,0.0030018401893381562
D2_fraudTest,xgboost,PLATT_SIGMOID,5,0.00143471911537778,3.684758384435578e-05,0.00439072837276994,0.0016983504121984403,0.0001144095541607997,0.013152863268813741,0.00567475690237236,0.01740569380761562,268.28258835384725,2.231339523501049,0.5421560907754117,0.020896873801463135
D2_fraudTest,xgboost,RAW,5,0.005825447488147719,0.0005285656542753327,0.0,0.01485121368101218,0.0014127738426330178,0.0,0.02308045070998798,0.0,266.05124883034625,0.0,0.5212592169739486,0.0
D3_PaySim,lightgbm,ISOTONIC,5,0.0003126524304997,1.8324277089977058e-05,0.00032310638621218,8.887866866811576e-05,3.3413063101338655e-05,0.0005935212956682843,0.00147924460996762,0.00131286756160286,113.21,-0.09999999999999716,0.3199397285563448,-0.049006097117082606
D3_PaySim,lightgbm,PLATT_SIGMOID,5,0.0003826416553012,1.7073996901750546e-05,0.00025311716141068,0.00021176804238446,6.08409149639251e-05,0.00047063192195194,0.00216954112252402,0.0006225710490464602,182.3,68.99000000000001,0.6043307843511091,0.23538495867768172
D3_PaySim,lightgbm,RAW,5,0.0006357588167118799,3.938178508983366e-05,0.0,0.0006823999643364,7.468136412820022e-05,0.0,0.0027921121715704803,0.0,113.30999999999999,0.0,0.3689458256734274,0.0
D3_PaySim,xgboost,ISOTONIC,5,0.00035051006999242,3.893146005998764e-05,0.004560827708159959,0.00011979690180671551,3.788723103475405e-05,0.010053827672282545,0.0016263027881284,0.01547653513139224,120.47999999999999,-1.2199999999999989,0.3380073972238501,0.011661220180062293
D3_PaySim,xgboost,PLATT_SIGMOID,5,0.00052840887888966,1.5712281748412193e-05,0.00438292889926272,0.0005459286852939401,0.00013512247182944062,0.009627695888795319,0.00214112540705442,0.01496171251246622,122.45,0.7499999999999971,0.3680986222143584,0.041752445170570626
D3_PaySim,xgboost,RAW,5,0.00491133777815238,0.00037765254119587866,0.0,0.01017362457408926,0.0007838200416895392,0.0,0.017102837919520643,0.0,121.7,0.0,0.3263461770437878,0.0
