run_name,timestamp,seed,dataset,model,feature_policy,smoke_test,rows_used,fraud_rows_used,cap_used,calibrator,fit_seconds,train_n,train_fraud,calibration_n,calibration_fraud,threshold,n_test,test_fraud,test_prevalence,tp,fp,tn,fn,recall,precision,f1,mcc,average_precision,roc_auc,brier,log_loss,ece,mce,mean_score,false_alerts_per_10k,missed_frauds_per_10k,cost_per_10k
calibration_recalibration_v1,2026-09-23 19:52:19,42,D1_creditcard,xgboost,strict,False,283726,473,,RAW,5.943678140640259,170235,284,56745,94,0.07,56746,95,0.0016741268107003137,77,45,56606,18,0.8105263157894737,0.6311475409836066,0.7096774193548387,0.7147047952234454,0.8174215514896194,0.969309595501171,0.00046530206333912194,0.0033274679344030083,0.0003369169527695765,0.46447670459747314,0.0016987824787971513,7.9300743664751705,3.172029746590068,325.13304902548197
calibration_recalibration_v1,2026-09-23 19:52:19,42,D1_creditcard,xgboost,strict,False,283726,473,,PLATT_SIGMOID,5.943678140640259,170235,284,56745,94,0.02,56746,95,0.0016741268107003137,75,9,56642,20,0.7894736842105263,0.8928571428571429,0.8379888268156425,0.8393251857666664,0.8174215514896194,0.969309595501171,0.00047822191656881686,0.0035659029014812778,0.00027409865306221213,0.5240046221463674,0.0015079093398252985,1.586014873295034,3.524477496211187,354.03376449441373
calibration_recalibration_v1,2026-09-23 19:52:19,42,D1_creditcard,xgboost,strict,False,283726,473,,ISOTONIC,5.943678140640259,170235,284,56745,94,0.01,56746,95,0.0016741268107003137,77,43,56608,18,0.8105263157894737,0.6416666666666667,0.7162790697674418,0.7206547494869205,0.7989971138905971,0.9702362293971677,0.0004654808844302111,0.0031649007505788382,0.00022585056221542085,0.21942967740510588,0.0015257818706124568,7.577626616854052,3.172029746590068,324.7806012758608
calibration_recalibration_v1,2026-09-23 19:52:46,42,D1_creditcard,lightgbm,strict,False,283726,473,,RAW,16.780811548233032,170235,284,56745,94,0.01,56746,95,0.0016741268107003137,75,8,56643,20,0.7894736842105263,0.9036144578313253,0.8426966292134831,0.844377655314039,0.8225881064979813,0.9307864682093222,0.00047850524785944857,0.004981760861460827,0.0004960658077562936,0.8820761839168562,0.0013394830897314294,1.4097909984844748,3.524477496211187,353.8575406196032
calibration_recalibration_v1,2026-09-23 19:52:46,42,D1_creditcard,lightgbm,strict,False,283726,473,,PLATT_SIGMOID,16.780811548233032,170235,284,56745,94,0.7,56746,95,0.0016741268107003137,70,3,56648,25,0.7368421052631579,0.958904109589041,0.8333333333333334,0.8403482168680643,0.8225881064979813,0.9307864682093222,0.0005109030777848915,0.003970368067607375,0.0001516845776290019,0.6529406841385144,0.0015492025366007623,0.5286716244316779,4.405596870263984,441.08835865083006
calibration_recalibration_v1,2026-09-23 19:52:46,42,D1_creditcard,lightgbm,strict,False,283726,473,,ISOTONIC,16.780811548233032,170235,284,56745,94,0.01,56746,95,0.0016741268107003137,80,207,56444,15,0.8421052631578947,0.2787456445993031,0.418848167539267,0.4832099875034347,0.7694402368540505,0.9206379039158504,0.0004566799522408693,0.0032926439331257265,0.00021236571657389853,0.7111988572358505,0.0015353345618598236,36.47834208578578,2.64335812215839,300.8141543016248
calibration_recalibration_v1,2026-09-23 19:53:00,42,D2_fraudTest,xgboost,strict,False,555719,2145,,RAW,1.7040705680847168,333431,1287,111144,429,0.25,111144,429,0.003859857482185273,414,1420,109295,15,0.965034965034965,0.2257360959651036,0.3658859920459567,0.46348390514732996,0.8923037809601,0.9974242018951408,0.005113873341102156,0.020624792177120228,0.013086412004920618,0.7369875401482546,0.016946269487105894,127.76218239401136,1.349600518246599,262.7222342186713
calibration_recalibration_v1,2026-09-23 19:53:00,42,D2_fraudTest,xgboost,strict,False,555719,2145,,PLATT_SIGMOID,1.7040705680847168,333431,1287,111144,429,0.01,111144,429,0.003859857482185273,408,885,109830,21,0.951048951048951,0.31554524361948955,0.4738675958188153,0.5453406100712551,0.8923037809601,0.9974242018951408,0.00142615625931852,0.005709562884463992,0.0016826214318614204,0.3742406047304981,0.004066610914187714,79.62643057654935,1.8894407255452386,268.5705031310732
calibration_recalibration_v1,2026-09-23 19:53:00,42,D2_fraudTest,xgboost,strict,False,555719,2145,,ISOTONIC,1.7040705680847168,333431,1287,111144,429,0.01,111144,429,0.003859857482185273,412,1161,109554,17,0.9603729603729604,0.2619198982835346,0.4115884115884116,0.4986449839900569,0.8764238279902711,0.9969553275609366,0.0010143841661285093,0.00420784975948518,0.00025457030717884613,0.2495400378108068,0.0039963731325222095,104.45908011228676,1.529547254012812,257.413805513568
calibration_recalibration_v1,2026-09-23 19:53:33,42,D2_fraudTest,lightgbm,strict,False,555719,2145,,RAW,14.137807130813599,333431,1287,111144,429,0.03,111144,429,0.003859857482185273,411,691,110024,18,0.958041958041958,0.37295825771324864,0.5369039843239712,0.5956729337303581,0.9278436383229135,0.9977959748180585,0.0012061354838399654,0.004752762930299992,0.0013680633365450692,0.6234087763958259,0.005227920818730343,62.17159720722666,1.6195206218959188,224.12365939681854
calibration_recalibration_v1,2026-09-23 19:53:33,42,D2_fraudTest,lightgbm,strict,False,555719,2145,,PLATT_SIGMOID,14.137807130813599,333431,1287,111144,429,0.01,111144,429,0.003859857482185273,396,193,110522,33,0.9230769230769231,0.6723259762308998,0.7779960707269156,0.7868682052694087,0.9278436383229135,0.9977959748180585,0.0008910034970637333,0.004568747540774586,0.0004598441394712893,0.5497692067277391,0.004077204920557222,17.364860001439574,2.969121140142518,314.27697401569134
calibration_recalibration_v1,2026-09-23 19:53:33,42,D2_fraudTest,lightgbm,strict,False,555719,2145,,ISOTONIC,14.137807130813599,333431,1287,111144,429,0.01,111144,429,0.003859857482185273,418,1921,108794,11,0.9743589743589743,0.17870884993587002,0.3020231213872832,0.41343568829698446,0.9151114351994862,0.9969990358284627,0.0007270545340128825,0.003482974681461632,0.0002662621392362651,0.3479454083239275,0.003985541956249371,172.83883970344777,0.9897070467141725,271.8095443748651
calibration_recalibration_v1,2026-09-23 19:54:06,42,D3_PaySim,xgboost,strict,False,1000000,749,1000000,RAW,1.631721019744873,600000,449,200000,150,0.58,200000,150,0.00075,142,1110,198740,8,0.9466666666666667,0.1134185303514377,0.20256776034236804,0.32665228473791197,0.7621380997427408,0.9982207989325327,0.005213712952038855,0.017941631724759256,0.010668777563055638,0.8243766209563694,0.011418777563055637,55.5,0.4,95.5
calibration_recalibration_v1,2026-09-23 19:54:06,42,D3_PaySim,xgboost,strict,False,1000000,749,1000000,PLATT_SIGMOID,1.631721019744873,600000,449,200000,150,0.08,200000,150,0.00075,135,516,199334,15,0.9,0.2073732718894009,0.33707865168539325,0.4313154227918782,0.7621380997427408,0.9982207989325327,0.0005107465961833854,0.002009371504911712,0.00068260165108,0.5324853693407969,0.0008415428911117157,25.799999999999997,0.7499999999999999,100.8
calibration_recalibration_v1,2026-09-23 19:54:06,42,D3_PaySim,xgboost,strict,False,1000000,749,1000000,ISOTONIC,1.631721019744873,600000,449,200000,150,0.01,200000,150,0.00075,142,1091,198759,8,0.9466666666666667,0.1151662611516626,0.20535068691250905,0.32917696643332794,0.7324686933313737,0.9975749812359269,0.0003057773544594333,0.0014503117500977796,0.00015099076379814126,0.09181710359266759,0.0008770851542241165,54.55,0.4,94.55
calibration_recalibration_v1,2026-09-23 19:55:07,42,D3_PaySim,lightgbm,strict,False,1000000,749,1000000,RAW,23.756900548934937,600000,449,200000,150,0.01,200000,150,0.00075,142,888,198962,8,0.9466666666666667,0.1378640776699029,0.24067796610169492,0.3603621329827561,0.7904288910409689,0.9988781752981404,0.0006622480879989708,0.002822864454672563,0.0007697627466704975,0.7106366370261855,0.0015197627466704972,44.400000000000006,0.4,84.39999999999999
calibration_recalibration_v1,2026-09-23 19:55:07,42,D3_PaySim,lightgbm,strict,False,1000000,749,1000000,PLATT_SIGMOID,23.756900548934937,600000,449,200000,150,0.01,200000,150,0.00075,121,154,199696,29,0.8066666666666666,0.44,0.5694117647058824,0.5953799318191563,0.7904288910409689,0.9988781752981404,0.00035537421455488643,0.0019394162889313014,0.00022524166453473344,0.3571394805487016,0.0007000206871738661,7.699999999999999,1.45,152.70000000000002
calibration_recalibration_v1,2026-09-23 19:55:07,42,D3_PaySim,lightgbm,strict,False,1000000,749,1000000,ISOTONIC,23.756900548934937,600000,449,200000,150,0.01,200000,150,0.00075,142,857,198993,8,0.9466666666666667,0.14214214214214213,0.24717145343777197,0.3659423551501768,0.7564348326304711,0.9988379784838629,0.000282334790382209,0.0012955094475767012,0.0001251166141927467,0.34520729919873955,0.0008617594713356034,42.849999999999994,0.4,82.85000000000001
calibration_recalibration_v1,2026-09-23 19:55:16,101,D1_creditcard,xgboost,strict,False,283726,473,,RAW,1.6731009483337402,170235,283,56745,95,0.06,56746,95,0.0016741268107003137,79,46,56605,16,0.8315789473684211,0.632,0.7181818181818181,0.7244376846095038,0.817355350811781,0.9729988507658618,0.0004855326254042431,0.00332204723482463,0.00031676511386762924,0.7395565509796143,0.0017545439539451914,8.106298241285728,2.8195819969689495,290.0644979381807
calibration_recalibration_v1,2026-09-23 19:55:16,101,D1_creditcard,xgboost,strict,False,283726,473,,PLATT_SIGMOID,1.6731009483337402,170235,283,56745,95,0.35,56746,95,0.0016741268107003137,75,6,56645,20,0.7894736842105263,0.9259259259259259,0.8522727272727273,0.8547616493116376,0.817355350811781,0.9729988507658618,0.0004546953607341643,0.0034283779389598064,0.0002813345956829314,0.32296060314733815,0.0016503951210838207,1.0573432488633558,3.524477496211187,353.50509286998204
calibration_recalibration_v1,2026-09-23 19:55:16,101,D1_creditcard,xgboost,strict,False,283726,473,,ISOTONIC,1.6731009483337402,170235,283,56745,95,0.01,56746,95,0.0016741268107003137,80,187,56464,15,0.8421052631578947,0.299625468164794,0.4419889502762431,0.5011031550603763,0.8114854174346797,0.9690904327419314,0.00042600623318413963,0.0030072389197843023,0.0001751341748511706,0.4803086846277068,0.0016299432616756863,32.9538645895746,2.64335812215839,297.2896768054136
calibration_recalibration_v1,2026-09-23 19:55:42,101,D1_creditcard,lightgbm,strict,False,283726,473,,RAW,16.366623401641846,170235,283,56745,95,0.01,56746,95,0.0016741268107003137,75,12,56639,20,0.7894736842105263,0.8620689655172413,0.8241758241758241,0.8246936129748299,0.8073644259508771,0.9255794248998251,0.0004685263994582049,0.005119526562425982,0.00048808247904000204,0.8442565918721607,0.0013700899764393822,2.1146864977267117,3.524477496211187,354.5624361188454
calibration_recalibration_v1,2026-09-23 19:55:42,101,D1_creditcard,lightgbm,strict,False,283726,473,,PLATT_SIGMOID,16.366623401641846,170235,283,56745,95,0.01,56746,95,0.0016741268107003137,73,6,56645,22,0.7684210526315789,0.9240506329113924,0.8390804597701149,0.8424154598615428,0.8073644259508771,0.9255794248998251,0.000493490284531228,0.003836660592876517,0.00024443086603384795,0.8555932927652456,0.0015856889317450464,1.0573432488633558,3.8769252458323056,388.74986783209386
calibration_recalibration_v1,2026-09-23 19:55:42,101,D1_creditcard,lightgbm,strict,False,283726,473,,ISOTONIC,16.366623401641846,170235,283,56745,95,0.01,56746,95,0.0016741268107003137,81,312,56339,14,0.8526315789473684,0.20610687022900764,0.3319672131147541,0.4175974829438562,0.7876215079981501,0.9257589172486387,0.0004533860641104465,0.0032045716198230143,0.00027538108138391886,0.75,0.0015719260805986404,54.981848940894515,2.467134247347831,301.6952736756776
calibration_recalibration_v1,2026-09-23 19:55:53,101,D2_fraudTest,xgboost,strict,False,555719,2145,,RAW,1.3412644863128662,333431,1287,111144,429,0.4,111144,429,0.003859857482185273,408,992,109723,21,0.951048951048951,0.2914285714285714,0.4461454346637507,0.5238047165774087,0.8789105816696399,0.9963933941985695,0.005473582191156147,0.021706236941254398,0.013761599242222727,0.7493887013051568,0.017621456724408003,89.25358094004176,1.8894407255452386,278.1976534945656
calibration_recalibration_v1,2026-09-23 19:55:53,101,D2_fraudTest,xgboost,strict,False,555719,2145,,PLATT_SIGMOID,1.3412644863128662,333431,1287,111144,429,0.01,111144,429,0.003859857482185273,405,839,109876,24,0.9440559440559441,0.32556270096463025,0.484160191273162,0.5519762453219292,0.8789105816696399,0.9963933941985695,0.0014658210978170283,0.005829377240592571,0.0016195220729746085,0.27914256761260026,0.003743176342380372,75.48765565392644,2.1593608291945583,291.42373857338225
calibration_recalibration_v1,2026-09-23 19:55:53,101,D2_fraudTest,xgboost,strict,False,555719,2145,,ISOTONIC,1.3412644863128662,333431,1287,111144,429,0.01,111144,429,0.003859857482185273,408,989,109726,21,0.951048951048951,0.29205440229062274,0.44687842278203727,0.524374754263943,0.8624305223213509,0.9954323491920024,0.0010746480453981747,0.004626334723268483,0.00018269709020133612,0.6151928005244651,0.003741463057053582,88.98366083639243,1.8894407255452386,277.9277333909163
calibration_recalibration_v1,2026-09-23 19:56:29,101,D2_fraudTest,lightgbm,strict,False,555719,2145,,RAW,16.055419445037842,333431,1287,111144,429,0.02,111144,429,0.003859857482185273,410,797,109918,19,0.9557109557109557,0.3396851698425849,0.5012224938875306,0.5674783091363957,0.923852167906369,0.996371329524019,0.0011494578766542637,0.004835481249084841,0.0012811769634723286,0.5398732990248513,0.005141034445657603,71.70877420283595,1.7094939897790256,242.65817318073852
calibration_recalibration_v1,2026-09-23 19:56:29,101,D2_fraudTest,lightgbm,strict,False,555719,2145,,PLATT_SIGMOID,16.055419445037842,333431,1287,111144,429,0.01,111144,429,0.003859857482185273,395,178,110537,34,0.9207459207459208,0.6893542757417103,0.7884231536926147,0.7958198354902132,0.923852167906369,0.996371329524019,0.0008781755174497794,0.004570987489807327,0.0003742209840073183,0.46951734341185664,0.0039060193138818985,16.015259483192974,3.059094508025624,321.92471028575545
calibration_recalibration_v1,2026-09-23 19:56:29,101,D2_fraudTest,lightgbm,strict,False,555719,2145,,ISOTONIC,16.055419445037842,333431,1287,111144,429,0.01,111144,429,0.003859857482185273,413,959,109756,16,0.9627039627039627,0.3010204081632653,0.4586340921710161,0.5357677475117636,0.9032579386272642,0.9961538619444053,0.0007792632885434198,0.003906838194290237,0.0002833601836781408,0.22586173210067906,0.0039383744428768954,86.28445979989922,1.4395738861297056,230.2418484128698
calibration_recalibration_v1,2026-09-23 19:56:58,101,D3_PaySim,xgboost,strict,False,1000000,749,1000000,RAW,1.6692841053009033,600000,449,200000,150,0.66,200000,150,0.00075,136,760,199090,14,0.9066666666666666,0.15178571428571427,0.26003824091778205,0.37010585527861434,0.6805937326626208,0.99813288299558,0.004694230236541239,0.0165735257316976,0.009724116470655873,0.808916854127398,0.010474116470655877,38.0,0.7,108.0
calibration_recalibration_v1,2026-09-23 19:56:58,101,D3_PaySim,xgboost,strict,False,1000000,749,1000000,PLATT_SIGMOID,1.6692841053009033,600000,449,200000,150,0.02,200000,150,0.00075,136,790,199060,14,0.9066666666666666,0.1468682505399568,0.2527881040892193,0.36402815585238735,0.6805937326626208,0.99813288299558,0.0005393937047771337,0.002132025845084796,0.00042673199300416443,0.16806587335005496,0.0007380800635605209,39.50000000000001,0.7,109.5
calibration_recalibration_v1,2026-09-23 19:56:58,101,D3_PaySim,xgboost,strict,False,1000000,749,1000000,ISOTONIC,1.6692841053009033,600000,449,200000,150,0.01,200000,150,0.00075,135,755,199095,15,0.9,0.15168539325842698,0.25961538461538464,0.3686140185584037,0.641367707430053,0.9978317071136685,0.00038262263043029905,0.001692773051163486,8.132430261788772e-05,0.23529411764705888,0.0007336619649555497,37.75,0.7499999999999999,112.75
calibration_recalibration_v1,2026-09-23 19:57:58,101,D3_PaySim,lightgbm,strict,False,1000000,749,1000000,RAW,23.938368558883667,600000,449,200000,150,0.02,200000,150,0.00075,135,634,199216,15,0.9,0.1755526657997399,0.29379760609357997,0.3967026063526547,0.762995134184466,0.9984802935534984,0.000571602633334169,0.002581627135964959,0.0005854938190214065,0.5732147216471966,0.0013354938190214068,31.7,0.7499999999999999,106.7
calibration_recalibration_v1,2026-09-23 19:57:58,101,D3_PaySim,lightgbm,strict,False,1000000,749,1000000,PLATT_SIGMOID,23.938368558883667,600000,449,200000,150,0.01,200000,150,0.00075,117,110,199740,33,0.78,0.5154185022026432,0.6206896551724138,0.633730213460718,0.762995134184466,0.9984802935534984,0.00037897415138176874,0.002131868920285903,0.00018543020319989852,0.2602490718702257,0.0006928077815434019,5.5,1.65,170.5
calibration_recalibration_v1,2026-09-23 19:57:58,101,D3_PaySim,lightgbm,strict,False,1000000,749,1000000,ISOTONIC,23.938368558883667,600000,449,200000,150,0.01,200000,150,0.00075,142,1425,198425,8,0.9466666666666667,0.09061901723037652,0.16540477577169482,0.29172243596064984,0.7095909287311024,0.9981264448336252,0.0003192681921259052,0.0015172866771005391,8.744455627985805e-05,0.45671301175696544,0.0007186843799439463,71.25,0.4,111.25
calibration_recalibration_v1,2026-09-23 19:58:08,202,D1_creditcard,xgboost,strict,False,283726,473,,RAW,1.659336805343628,170235,283,56745,95,0.01,56746,95,0.0016741268107003137,84,236,56415,11,0.8842105263157894,0.2625,0.40481927710843374,0.4804582861221759,0.875517970532946,0.985909850618143,0.0004071496611844429,0.002533881877709351,0.0002547650335052523,0.8482866088549296,0.0019140460588421301,41.58883445529201,1.9384626229161528,235.43509674690728
calibration_recalibration_v1,2026-09-23 19:58:08,202,D1_creditcard,xgboost,strict,False,283726,473,,PLATT_SIGMOID,1.659336805343628,170235,283,56745,95,0.05,56746,95,0.0016741268107003137,80,8,56643,15,0.8421052631578947,0.9090909090909091,0.8743169398907104,0.8747565115893693,0.875517970532946,0.985909850618143,0.0004057011585248052,0.0029060599765267743,0.00040754602346383326,0.5416934849773121,0.0016405654490109169,1.4097909984844748,2.64335812215839,265.74560321432347
calibration_recalibration_v1,2026-09-23 19:58:08,202,D1_creditcard,xgboost,strict,False,283726,473,,ISOTONIC,1.659336805343628,170235,283,56745,95,0.01,56746,95,0.0016741268107003137,85,296,56355,10,0.8947368421052632,0.2230971128608924,0.35714285714285715,0.4452973353100548,0.8625373933858753,0.9795588687522587,0.00036711401759812324,0.0024089735951609045,0.0001477590347008813,0.7671333092485549,0.0015826130098784911,52.162266943925566,1.7622387481055934,228.3861417544849
calibration_recalibration_v1,2026-09-23 19:58:36,202,D1_creditcard,lightgbm,strict,False,283726,473,,RAW,17.36438775062561,170235,283,56745,95,0.01,56746,95,0.0016741268107003137,83,12,56639,12,0.8736842105263158,0.8736842105263158,0.8736842105263158,0.8734723872575297,0.8868439251394351,0.9520193353766228,0.00034328092702513077,0.003347887140870459,0.0003508148862692368,0.5451099440162882,0.0015165118888137293,2.1146864977267117,2.1146864977267117,213.58333627039792
calibration_recalibration_v1,2026-09-23 19:58:36,202,D1_creditcard,lightgbm,strict,False,283726,473,,PLATT_SIGMOID,17.36438775062561,170235,283,56745,95,0.35,56746,95,0.0016741268107003137,78,5,56646,17,0.8210526315789474,0.9397590361445783,0.8764044943820225,0.8782154528254591,0.8868439251394351,0.9520193353766228,0.0004003289447728851,0.0028947355427007848,0.00046179774903969996,0.851762894786332,0.001657116115848114,0.8811193740527967,2.995805871779509,300.46170655200365
calibration_recalibration_v1,2026-09-23 19:58:36,202,D1_creditcard,lightgbm,strict,False,283726,473,,ISOTONIC,17.36438775062561,170235,283,56745,95,0.01,56746,95,0.0016741268107003137,85,191,56460,10,0.8947368421052632,0.3079710144927536,0.4582210242587601,0.5237908311859277,0.8790725280703715,0.9522444440521792,0.00033934007206310476,0.0022618008066038306,0.0001677483670988453,0.5546504564162367,0.001632118380836073,33.658760088816834,1.7622387481055934,209.88263489937617
calibration_recalibration_v1,2026-09-23 19:58:48,202,D2_fraudTest,xgboost,strict,False,555719,2145,,RAW,1.311856746673584,333431,1287,111144,429,0.55,111144,429,0.003859857482185273,412,786,109929,17,0.9603729603729604,0.34390651085141904,0.5064535955746773,0.5724418038976731,0.9092477043267615,0.9982365735244748,0.006445748279687955,0.02515411565391078,0.01646957014120205,0.8014804189269606,0.02032942762338732,70.7190671561218,1.529547254012812,223.673792557403
calibration_recalibration_v1,2026-09-23 19:58:48,202,D2_fraudTest,xgboost,strict,False,555719,2145,,PLATT_SIGMOID,1.311856746673584,333431,1287,111144,429,0.01,111144,429,0.003859857482185273,414,950,109765,15,0.965034965034965,0.3035190615835777,0.4617958728388176,0.5386756421516168,0.9092477043267615,0.9982365735244748,0.0013984629159468974,0.005375476329048482,0.0018933959733967724,0.3114329118505017,0.003916215025355855,85.47469948895127,1.349600518246599,220.43475131361117
calibration_recalibration_v1,2026-09-23 19:58:48,202,D2_fraudTest,xgboost,strict,False,555719,2145,,ISOTONIC,1.311856746673584,333431,1287,111144,429,0.01,111144,429,0.003859857482185273,412,894,109821,17,0.9603729603729604,0.31546707503828486,0.4749279538904899,0.5479701899008135,0.8955556988374255,0.9970452705854413,0.0008949670544155882,0.003748626662045372,0.00015819799567590444,0.43693775659152156,0.003762243185944235,80.4361908874973,1.529547254012812,233.39091628877853
calibration_recalibration_v1,2026-09-23 19:59:23,202,D2_fraudTest,lightgbm,strict,False,555719,2145,,RAW,14.703219413757324,333431,1287,111144,429,0.04,111144,429,0.003859857482185273,414,771,109944,15,0.965034965034965,0.3493670886075949,0.5130111524163569,0.5784356746707239,0.9384817562668359,0.9984064588860687,0.0011966307433621736,0.00447195762430649,0.0017388812509300806,0.6562492793027634,0.005598738733115354,69.36946663787519,1.349600518246599,204.3295184625351
calibration_recalibration_v1,2026-09-23 19:59:23,202,D2_fraudTest,lightgbm,strict,False,555719,2145,,PLATT_SIGMOID,14.703219413757324,333431,1287,111144,429,0.02,111144,429,0.003859857482185273,392,166,110549,37,0.9137529137529138,0.7025089605734767,0.7943262411347518,0.8003506002533577,0.9384817562668359,0.9984064588860687,0.0007522502913067762,0.004113054489800181,0.0006633059736394114,0.42001672743151425,0.003698313241633889,14.935579068595697,3.329014611674944,347.8370402360901
calibration_recalibration_v1,2026-09-23 19:59:23,202,D2_fraudTest,lightgbm,strict,False,555719,2145,,ISOTONIC,14.703219413757324,333431,1287,111144,429,0.01,111144,429,0.003859857482185273,417,942,109773,12,0.972027972027972,0.3068432671081678,0.4664429530201342,0.5436397677929032,0.9303918205771944,0.9968116334733325,0.000631987702598761,0.0028607074677806806,0.00026326801304970925,0.21289238423043919,0.003701649215589704,84.75491254588641,1.0796804145972791,192.72295400561433
calibration_recalibration_v1,2026-09-23 19:59:52,202,D3_PaySim,xgboost,strict,False,1000000,749,1000000,RAW,1.7402966022491455,600000,449,200000,150,0.46,200000,150,0.00075,133,1228,198622,17,0.8866666666666667,0.09772226304188097,0.17604235605559232,0.29320854524731393,0.6889422773525679,0.9967313318322075,0.0043903233521252775,0.015547795490616525,0.009119825404512553,0.82333678909398,0.009869825404512556,61.4,0.8500000000000001,146.4
calibration_recalibration_v1,2026-09-23 19:59:52,202,D3_PaySim,xgboost,strict,False,1000000,749,1000000,PLATT_SIGMOID,1.7402966022491455,600000,449,200000,150,0.02,200000,150,0.00075,127,773,199077,23,0.8466666666666667,0.1411111111111111,0.2419047619047619,0.34471859581232434,0.6889422773525679,0.9967313318322075,0.0005445271242959263,0.0022886971713560944,0.0003847306589058277,0.16149335713357188,0.0007293823325005624,38.65,1.1500000000000001,153.65
calibration_recalibration_v1,2026-09-23 19:59:52,202,D3_PaySim,xgboost,strict,False,1000000,749,1000000,ISOTONIC,1.7402966022491455,600000,449,200000,150,0.01,200000,150,0.00075,133,1228,198622,17,0.8866666666666667,0.09772226304188097,0.17604235605559232,0.29320854524731393,0.661736134055255,0.9945869735635058,0.00036660383874743496,0.001685544604764021,0.00015153116403356318,0.2422920214974813,0.0006968502829890904,61.4,0.8500000000000001,146.4
calibration_recalibration_v1,2026-09-23 20:00:51,202,D3_PaySim,lightgbm,strict,False,1000000,749,1000000,RAW,23.97150444984436,600000,449,200000,150,0.02,200000,150,0.00075,131,614,199236,19,0.8733333333333333,0.17583892617449665,0.2927374301675978,0.3910789957751806,0.7365784954678387,0.9977842715369861,0.0006236460921332298,0.002786490426261002,0.0006270519678756616,0.6719582099598334,0.0013393008206021863,30.7,0.9500000000000001,125.7
calibration_recalibration_v1,2026-09-23 20:00:51,202,D3_PaySim,lightgbm,strict,False,1000000,749,1000000,PLATT_SIGMOID,23.97150444984436,600000,449,200000,150,0.02,200000,150,0.00075,110,116,199734,40,0.7333333333333333,0.48672566371681414,0.5851063829787234,0.5970786583472056,0.7365784954678387,0.9977842715369861,0.00040070365878132054,0.0023252497671913054,0.00014268014092209732,0.3904260550457236,0.0007162468855818829,5.8,2.0,205.8
calibration_recalibration_v1,2026-09-23 20:00:51,202,D3_PaySim,lightgbm,strict,False,1000000,749,1000000,ISOTONIC,23.97150444984436,600000,449,200000,150,0.01,200000,150,0.00075,137,1189,198661,13,0.9133333333333333,0.1033182503770739,0.1856368563685637,0.3060881252155484,0.7145743128159134,0.9886041531148361,0.00031854336491900134,0.0015204355199115668,7.225989159976857e-05,0.7365215304154447,0.0007298145688909387,59.449999999999996,0.6499999999999999,124.44999999999999
calibration_recalibration_v1,2026-09-23 20:01:01,303,D1_creditcard,xgboost,strict,False,283726,473,,RAW,1.925706386566162,170235,283,56745,95,0.02,56746,95,0.0016741268107003137,77,92,56559,18,0.8105263157894737,0.4556213017751479,0.5833333333333334,0.6068737787233589,0.792213488091621,0.9821527747454637,0.0005930368142439552,0.0036276010857717836,0.00044868175961176404,0.8675627708435059,0.0017212201687368223,16.212596482571456,3.172029746590068,333.41557114157825
calibration_recalibration_v1,2026-09-23 20:01:01,303,D1_creditcard,xgboost,strict,False,283726,473,,PLATT_SIGMOID,1.925706386566162,170235,283,56745,95,0.02,56746,95,0.0016741268107003137,72,18,56633,23,0.7578947368421053,0.8,0.7783783783783784,0.7783020342542034,0.792213488091621,0.9821527747454637,0.0005588727779418913,0.00400649062331953,0.00036183444573855805,0.8336097351637642,0.0015529247683278033,3.172029746590068,4.053149120642864,408.48694181087654
calibration_recalibration_v1,2026-09-23 20:01:01,303,D1_creditcard,xgboost,strict,False,283726,473,,ISOTONIC,1.925706386566162,170235,283,56745,95,0.01,56746,95,0.0016741268107003137,76,81,56570,19,0.8,0.4840764331210191,0.6031746031746031,0.6215310830667377,0.771982509558959,0.9794271295438646,0.0005125038523962648,0.0032760775399295946,0.00028438474113005673,0.6666666666666667,0.001523647929915905,14.274133859655306,3.3482536214006275,349.09949599971804
calibration_recalibration_v1,2026-09-23 20:01:28,303,D1_creditcard,lightgbm,strict,False,283726,473,,RAW,16.9303560256958,170235,283,56745,95,0.07,56746,95,0.0016741268107003137,72,14,56637,23,0.7578947368421053,0.8372093023255814,0.7955801104972375,0.7962424723314149,0.7977199601903842,0.920065795280243,0.0005666446856916864,0.005666476783854551,0.0005816969587967867,0.8744025691697386,0.0014241555103588323,2.467134247347831,4.053149120642864,407.7820463116343
calibration_recalibration_v1,2026-09-23 20:01:28,303,D1_creditcard,lightgbm,strict,False,283726,473,,PLATT_SIGMOID,16.9303560256958,170235,283,56745,95,0.02,56746,95,0.0016741268107003137,71,12,56639,24,0.7473684210526316,0.8554216867469879,0.797752808988764,0.7992605919654786,0.7977199601903842,0.920065795280243,0.0005500425419652631,0.004160014559256215,0.00021961507802212483,0.7488213952144097,0.0015453283617855179,2.1146864977267117,4.229372995453423,425.0519860430691
calibration_recalibration_v1,2026-09-23 20:01:28,303,D1_creditcard,lightgbm,strict,False,283726,473,,ISOTONIC,16.9303560256958,170235,283,56745,95,0.01,56746,95,0.0016741268107003137,79,189,56462,16,0.8315789473684211,0.2947761194029851,0.43526170798898073,0.49387401243283374,0.7756644666915126,0.920334569278751,0.0005199952223921454,0.003526711138043852,0.0002902398993763069,0.29387264310901157,0.0015855229863588904,33.30631233919571,2.8195819969689495,315.26451203609065
calibration_recalibration_v1,2026-09-23 20:01:39,303,D2_fraudTest,xgboost,strict,False,555719,2145,,RAW,1.2864232063293457,333431,1287,111144,429,0.46,111144,429,0.003859857482185273,408,938,109777,21,0.951048951048951,0.3031203566121842,0.4597183098591549,0.5343537427164227,0.893094084320128,0.9958252393559263,0.006000002747918733,0.023442134257923988,0.015082632739403962,0.7268520160434172,0.018942490221589236,84.395019074354,1.8894407255452386,273.33909162887784
calibration_recalibration_v1,2026-09-23 20:01:39,303,D2_fraudTest,xgboost,strict,False,555719,2145,,PLATT_SIGMOID,1.2864232063293457,333431,1287,111144,429,0.01,111144,429,0.003859857482185273,408,920,109795,21,0.951048951048951,0.3072289156626506,0.46442800227660785,0.5380116190147446,0.893094084320128,0.9958252393559263,0.001402965925178191,0.0055760296663471594,0.001685557340424049,0.26916803638436126,0.0038750763629604953,82.77549845245808,1.8894407255452386,271.71957100698194
calibration_recalibration_v1,2026-09-23 20:01:39,303,D2_fraudTest,xgboost,strict,False,555719,2145,,ISOTONIC,1.2864232063293457,333431,1287,111144,429,0.01,111144,429,0.003859857482185273,408,931,109784,21,0.951048951048951,0.30470500373412995,0.46153846153846156,0.5357675227013635,0.8804317944071645,0.996419796013347,0.0009818852228814469,0.004183593175003212,0.0001710696975528678,0.16666666666666674,0.0038991232703414237,83.76520549917225,1.8894407255452386,272.7092780536961
calibration_recalibration_v1,2026-09-23 20:02:14,303,D2_fraudTest,lightgbm,strict,False,555719,2145,,RAW,14.144614696502686,333431,1287,111144,429,0.01,111144,429,0.003859857482185273,420,1301,109414,9,0.9790209790209791,0.24404416037187682,0.39069767441860465,0.4857746994867186,0.9371150463664717,0.9978199869948955,0.0011222732065293162,0.0043142844845578095,0.0014614843595648999,0.5718498291575227,0.005321341841750173,117.05535161592168,0.8097603109479594,198.03138271071762
calibration_recalibration_v1,2026-09-23 20:02:14,303,D2_fraudTest,lightgbm,strict,False,555719,2145,,PLATT_SIGMOID,14.144614696502686,333431,1287,111144,429,0.01,111144,429,0.003859857482185273,399,183,110532,30,0.9300699300699301,0.6855670103092784,0.7893175074183977,0.7976466480514592,0.9371150463664717,0.9978199869948955,0.0008134292006449972,0.004184334045618144,0.0005413793253616103,0.478826504852425,0.003674850367175682,16.46512632260851,2.699201036493198,286.3852299719283
calibration_recalibration_v1,2026-09-23 20:02:14,303,D2_fraudTest,lightgbm,strict,False,555719,2145,,ISOTONIC,14.144614696502686,333431,1287,111144,429,0.01,111144,429,0.003859857482185273,420,1183,109532,9,0.9790209790209791,0.26200873362445415,0.41338582677165353,0.503619796996795,0.9254624655794617,0.9944566505466111,0.0007141106590054002,0.0032156636670987167,0.00014096846865597806,0.7419411840613862,0.0037912405745942775,106.4384942057151,0.8097603109479594,187.41452530051106
calibration_recalibration_v1,2026-09-23 20:02:42,303,D3_PaySim,xgboost,strict,False,1000000,749,1000000,RAW,1.962437629699707,600000,449,200000,150,0.68,200000,150,0.00075,132,791,199059,18,0.88,0.14301191765980498,0.24603914259086673,0.3538435269223874,0.6719938374747797,0.9980607288799933,0.005310216245148721,0.018339891929106195,0.011120184028448991,0.806305312570721,0.011870184028448994,39.550000000000004,0.9,129.54999999999998
calibration_recalibration_v1,2026-09-23 20:02:42,303,D3_PaySim,xgboost,strict,False,1000000,749,1000000,PLATT_SIGMOID,1.962437629699707,600000,449,200000,150,0.03,200000,150,0.00075,132,766,199084,18,0.88,0.14699331848552338,0.25190839694656486,0.35876385353728907,0.6719938374747797,0.9980607288799933,0.000534880412071603,0.0021692126517776815,0.0005740162610590074,0.43078065965761536,0.0008200028892595976,38.3,0.9,128.29999999999998
calibration_recalibration_v1,2026-09-23 20:02:42,303,D3_PaySim,xgboost,strict,False,1000000,749,1000000,ISOTONIC,1.962437629699707,600000,449,200000,150,0.01,200000,150,0.00075,132,768,199082,18,0.88,0.14666666666666667,0.25142857142857145,0.35836271201308917,0.6258982325592234,0.9978067717454757,0.00038595766556548866,0.0017272812005863633,0.00013905303546404808,0.2727272727272727,0.0006253854672097485,38.4,0.9,128.4
calibration_recalibration_v1,2026-09-23 20:03:43,303,D3_PaySim,lightgbm,strict,False,1000000,749,1000000,RAW,23.022587299346924,600000,449,200000,150,0.02,200000,150,0.00075,131,743,199107,19,0.8733333333333333,0.14988558352402745,0.255859375,0.3609153049130072,0.733367712482786,0.9984741222583605,0.0006610217424956841,0.00285940071957167,0.0007225047196516874,0.8513261164115601,0.0014725047196516873,37.15,0.9500000000000001,132.15
calibration_recalibration_v1,2026-09-23 20:03:43,303,D3_PaySim,lightgbm,strict,False,1000000,749,1000000,PLATT_SIGMOID,23.022587299346924,600000,449,200000,150,0.01,200000,150,0.00075,112,128,199722,38,0.7466666666666667,0.4666666666666667,0.5743589743589743,0.5899183319205507,0.733367712482786,0.9984741222583605,0.0003889571014249456,0.002287584275362515,0.00030659590975612287,0.34166970536369007,0.0005844874006402471,6.4,1.9000000000000001,196.4
calibration_recalibration_v1,2026-09-23 20:03:43,303,D3_PaySim,lightgbm,strict,False,1000000,749,1000000,ISOTONIC,23.022587299346924,600000,449,200000,150,0.01,200000,150,0.00075,133,845,199005,17,0.8866666666666667,0.1359918200408998,0.23581560283687944,0.346307726194974,0.7071724290572323,0.9854817112834625,0.0003312241051663754,0.0015922717878532834,0.00011658935982571822,0.14770841356129039,0.0006580096114463773,42.24999999999999,0.8500000000000001,127.25
calibration_recalibration_v1,2026-09-23 20:03:53,404,D1_creditcard,xgboost,strict,False,283726,473,,RAW,2.266151189804077,170235,283,56745,95,0.01,56746,95,0.0016741268107003137,86,219,56432,9,0.9052631578947369,0.2819672131147541,0.43,0.5040047346420131,0.8804980498666692,0.9905420910487017,0.0003755399436627014,0.0023621358593488196,0.00018096284765182187,0.8504443466663361,0.0018533562183970476,38.59302858351249,1.586014873295034,197.1945159130159
calibration_recalibration_v1,2026-09-23 20:03:53,404,D1_creditcard,xgboost,strict,False,283726,473,,PLATT_SIGMOID,2.266151189804077,170235,283,56745,95,0.25,56746,95,0.0016741268107003137,80,6,56645,15,0.8421052631578947,0.9302325581395349,0.8839779005524862,0.8848911245535986,0.8804980498666692,0.9905420910487017,0.00036712812369863617,0.002764805742119036,0.00038105187137779846,0.45157372251119104,0.0016693359885756548,1.0573432488633558,2.64335812215839,265.3931554647023
calibration_recalibration_v1,2026-09-23 20:03:53,404,D1_creditcard,xgboost,strict,False,283726,473,,ISOTONIC,2.266151189804077,170235,283,56745,95,0.01,56746,95,0.0016741268107003137,86,185,56466,9,0.9052631578947369,0.3173431734317343,0.46994535519125685,0.5348822487717735,0.8494723103647774,0.9845158119566803,0.00035034811426443353,0.002539997889177629,0.00011989874858514494,0.4,0.00163688410659838,32.60141683995347,1.586014873295034,191.20290416945687
calibration_recalibration_v1,2026-09-23 20:04:23,404,D1_creditcard,lightgbm,strict,False,283726,473,,RAW,19.745173692703247,170235,283,56745,95,0.02,56746,95,0.0016741268107003137,80,11,56640,15,0.8421052631578947,0.8791208791208791,0.8602150537634409,0.860185279157364,0.8704934729352921,0.9573166822901812,0.0003622274972794063,0.00371590220862586,0.0003714716382093585,0.7138014814709452,0.0014993454412562909,1.9384626229161528,2.64335812215839,266.27427483875516
calibration_recalibration_v1,2026-09-23 20:04:23,404,D1_creditcard,lightgbm,strict,False,283726,473,,PLATT_SIGMOID,19.745173692703247,170235,283,56745,95,0.49,56746,95,0.0016741268107003137,79,5,56646,16,0.8315789473684211,0.9404761904761905,0.88268156424581,0.8841732868516696,0.8704934729352921,0.9573166822901812,0.00037986463106116973,0.002979282799951088,0.000384418106577261,0.7576167468092613,0.001665935451191421,0.8811193740527967,2.8195819969689495,282.83931907094774
calibration_recalibration_v1,2026-09-23 20:04:23,404,D1_creditcard,lightgbm,strict,False,283726,473,,ISOTONIC,19.745173692703247,170235,283,56745,95,0.01,56746,95,0.0016741268107003137,86,106,56545,9,0.9052631578947369,0.4479166666666667,0.5993031358885017,0.6360036092893857,0.8561453574875741,0.9572949425336479,0.0003516244777215859,0.0025077483931993105,0.00013027649739935515,0.16401170618944028,0.0016617067905278168,18.67973072991929,1.586014873295034,177.2812180594227
calibration_recalibration_v1,2026-09-23 20:04:35,404,D2_fraudTest,xgboost,strict,False,555719,2145,,RAW,1.7388207912445068,333431,1287,111144,429,0.42,111144,429,0.003859857482185273,407,1049,109666,22,0.9487179487179487,0.27953296703296704,0.43183023872679044,0.5122119165309087,0.8829421432500394,0.9959348153088838,0.006094030880873851,0.024474974519730838,0.015855854277311798,0.7403461779866899,0.019715711759497073,94.38206290937883,1.979414093428345,292.3234722522133
calibration_recalibration_v1,2026-09-23 20:04:35,404,D2_fraudTest,xgboost,strict,False,555719,2145,,PLATT_SIGMOID,1.7388207912445068,333431,1287,111144,429,0.01,111144,429,0.003859857482185273,406,915,109800,23,0.9463869463869464,0.30734292202876606,0.464,0.536776337317513,0.8829421432500394,0.9959348153088838,0.0014801893786285378,0.005883338391409945,0.0016106552423355682,0.3120210970663456,0.0036551449415901383,82.32563161304255,2.069387461311452,289.2643777441877
calibration_recalibration_v1,2026-09-23 20:04:35,404,D2_fraudTest,xgboost,strict,False,555719,2145,,ISOTONIC,1.7388207912445068,333431,1287,111144,429,0.01,111144,429,0.003859857482185273,407,1036,109679,22,0.9487179487179487,0.28205128205128205,0.43482905982905984,0.5145478349602569,0.8640758340187521,0.9937571708876409,0.001024133216867017,0.004763964060638571,0.00021450994260348305,0.2,0.003732502107122804,93.21240912689844,1.979414093428345,291.153818469733
calibration_recalibration_v1,2026-09-23 20:05:09,404,D2_fraudTest,lightgbm,strict,False,555719,2145,,RAW,14.655711889266968,333431,1287,111144,429,0.04,111144,429,0.003859857482185273,411,746,109969,18,0.958041958041958,0.35522904062229904,0.5182849936948297,0.5811842208485889,0.9272515418749431,0.9971198020242866,0.0012833750390645962,0.0050450817864436245,0.0017000905246220394,0.602448783388341,0.005559948006807312,67.12013244079752,1.6195206218959188,229.0721946303894
calibration_recalibration_v1,2026-09-23 20:05:09,404,D2_fraudTest,lightgbm,strict,False,555719,2145,,PLATT_SIGMOID,14.655711889266968,333431,1287,111144,429,0.01,111144,429,0.003859857482185273,396,193,110522,33,0.9230769230769231,0.6723259762308998,0.7779960707269156,0.7868682052694087,0.9272515418749431,0.9971198020242866,0.0008888723496165712,0.004506076126397192,0.0004966476076276741,0.396322265483644,0.0037638538145984644,17.364860001439574,2.969121140142518,314.27697401569134
calibration_recalibration_v1,2026-09-23 20:05:09,404,D2_fraudTest,lightgbm,strict,False,555719,2145,,ISOTONIC,14.655711889266968,333431,1287,111144,429,0.01,111144,429,0.003859857482185273,414,933,109782,15,0.965034965034965,0.30734966592427615,0.46621621621621623,0.542109248885624,0.9084291323906917,0.9941465555474496,0.0007607828858852004,0.003903901649308166,0.0002663048938224721,0.18300506566324015,0.0037559034248475206,83.94515223493846,1.349600518246599,218.90520405959836
calibration_recalibration_v1,2026-09-23 20:05:38,404,D3_PaySim,xgboost,strict,False,1000000,749,1000000,RAW,1.6886680126190186,600000,449,200000,150,0.48,200000,150,0.00075,138,1381,198469,12,0.92,0.09084924292297564,0.16536848412222888,0.2879206730327116,0.7547193124967452,0.9926789258610624,0.004948206104908092,0.01711134472142387,0.01023521940377358,0.8099778804434351,0.010985219403773583,69.05,0.6,129.05
calibration_recalibration_v1,2026-09-23 20:05:38,404,D3_PaySim,xgboost,strict,False,1000000,749,1000000,PLATT_SIGMOID,1.6886680126190186,600000,449,200000,150,0.02,200000,150,0.00075,135,900,198950,15,0.9,0.13043478260869565,0.22784810126582278,0.3416670830779135,0.7547193124967452,0.9926789258610624,0.0005124965571204244,0.002106319862142146,0.0006615628624208909,0.48442055361645386,0.0008157255814726526,45.0,0.7499999999999999,120.0
calibration_recalibration_v1,2026-09-23 20:05:38,404,D3_PaySim,xgboost,strict,False,1000000,749,1000000,ISOTONIC,1.6886680126190186,600000,449,200000,150,0.01,200000,150,0.00075,135,906,198944,15,0.9,0.12968299711815562,0.22670025188916876,0.340674743867116,0.7273937404805517,0.9882162621966475,0.00031158886075972463,0.0015756033340306266,7.608524312008979e-05,0.09401819911334197,0.0007589262254126473,45.300000000000004,0.7499999999999999,120.30000000000001
calibration_recalibration_v1,2026-09-23 20:06:37,404,D3_PaySim,lightgbm,strict,False,1000000,749,1000000,RAW,20.651115655899048,600000,449,200000,150,0.01,200000,150,0.00075,136,952,198898,14,0.9066666666666666,0.125,0.2197092084006462,0.3356700883435383,0.7518553197626606,0.9983663914602618,0.0006602755275976706,0.0029101781213824564,0.0007071865684630528,0.7072756332626408,0.0014571865684630527,47.6,0.7,117.6
calibration_recalibration_v1,2026-09-23 20:06:37,404,D3_PaySim,lightgbm,strict,False,1000000,749,1000000,PLATT_SIGMOID,20.651115655899048,600000,449,200000,150,0.02,200000,150,0.00075,114,122,199728,36,0.76,0.4830508474576271,0.5906735751295337,0.605546786207915,0.7518553197626606,0.9983663914602618,0.00038919915036337075,0.0021635863608491152,0.0001988922935097716,0.42767237137221337,0.0007004940303111937,6.1,1.8,186.10000000000002
calibration_recalibration_v1,2026-09-23 20:06:37,404,D3_PaySim,lightgbm,strict,False,1000000,749,1000000,ISOTONIC,20.651115655899048,600000,449,200000,150,0.01,200000,150,0.00075,140,1405,198445,10,0.9333333333333333,0.09061488673139159,0.16519174041297935,0.28963800026037495,0.7253961418286599,0.9887766658327077,0.0003118916999051788,0.0014707196173962861,4.2982921442552186e-05,0.19999999999999996,0.0007559823250851922,70.25,0.5,120.24999999999999
