audit_axis,dataset,model,reference_scenario,perturbed_scenario,changed_assumption,metric,artifact_id,n_seeds,delta_mean_across_seeds,delta_std_across_seeds,ci_low_median,ci_high_median,n_bootstrap_min,bootstrap_modes,interpretation_counts,profile_component,delta_display,ci_low,ci_high,evidence_status
calibration,D1_creditcard,lightgbm,CALIBRATION_RAW,CALIBRATION_ISOTONIC,validation-fitted probability recalibration,average_precision,M08-CAL,5,-0.02341315872246214,0.01750933089059371,-0.0442352620830441,-0.0042347246067985,1000,paired,"{""inconclusive"": 4, ""robust"": 1}",calibration:average_precision,-0.02341315872246214,-0.0442352620830441,-0.0042347246067985,complete
calibration,D1_creditcard,lightgbm,CALIBRATION_RAW,CALIBRATION_ISOTONIC,validation-fitted probability recalibration,brier,M08-CAL,5,-1.9631793757145037e-05,1.6451925726005697e-05,-5.312652529904189e-05,8.275204424980095e-06,1000,paired,"{""robust"": 5}",calibration:brier,-1.9631793757145037e-05,-5.312652529904189e-05,8.275204424980095e-06,complete
calibration,D1_creditcard,lightgbm,CALIBRATION_RAW,CALIBRATION_ISOTONIC,validation-fitted probability recalibration,cost_per_10k,M08-CAL,5,-58.22436823740882,35.885602641021144,-143.31406618968742,17.09812145349453,1000,paired,"{""inconclusive"": 4, ""robust"": 1}",calibration:cost_per_10k,-58.22436823740882,-143.31406618968742,17.09812145349453,complete
calibration,D1_creditcard,lightgbm,CALIBRATION_RAW,CALIBRATION_ISOTONIC,validation-fitted probability recalibration,ece,M08-CAL,5,-0.0002424240416478,4.614165779111736e-05,-0.0003167731630777,-0.0001203672351252,1000,paired,"{""robust"": 5}",calibration:ece,-0.0002424240416478,-0.0003167731630777,-0.0001203672351252,complete
calibration,D1_creditcard,lightgbm,CALIBRATION_RAW,CALIBRATION_ISOTONIC,validation-fitted probability recalibration,mcc,M08-CAL,5,-0.32889909673594786,0.06938580815308429,-0.3879148143804164,-0.3105595898997318,1000,paired,"{""fragile"": 5}",calibration:mcc,-0.32889909673594786,-0.3879148143804164,-0.3105595898997318,complete
calibration,D1_creditcard,lightgbm,CALIBRATION_RAW,CALIBRATION_ISOTONIC,validation-fitted probability recalibration,precision,M08-CAL,5,-0.5640362999861254,0.08698393046281244,-0.6302531230164597,-0.5004028447857772,1000,paired,"{""fragile"": 5}",calibration:precision,-0.5640362999861254,-0.6302531230164597,-0.5004028447857772,complete
calibration,D1_creditcard,lightgbm,CALIBRATION_RAW,CALIBRATION_ISOTONIC,validation-fitted probability recalibration,recall,M08-CAL,5,0.0547368421052631,0.020247772696496177,0.0210526315789473,0.1157894736842105,1000,paired,"{""inconclusive"": 5}",calibration:recall,0.0547368421052631,0.0210526315789473,0.1157894736842105,complete
calibration,D1_creditcard,lightgbm,CALIBRATION_RAW,CALIBRATION_PLATT_SIGMOID,validation-fitted probability recalibration,average_precision,M08-CAL,5,0.0,0.0,0.0,0.0,1000,paired,"{""robust"": 5}",calibration:average_precision,0.0,0.0,0.0,complete
calibration,D1_creditcard,lightgbm,CALIBRATION_RAW,CALIBRATION_PLATT_SIGMOID,validation-fitted probability recalibration,brier,M08-CAL,5,2.3088944560312022e-05,2.6685642818601686e-05,-1.4403077949409743e-05,6.882545110950132e-05,1000,paired,"{""robust"": 5}",calibration:brier,2.3088944560312022e-05,-1.4403077949409743e-05,6.882545110950132e-05,complete
calibration,D1_creditcard,lightgbm,CALIBRATION_RAW,CALIBRATION_PLATT_SIGMOID,validation-fitted probability recalibration,cost_per_10k,M08-CAL,5,48.426320797941685,35.96163269009391,-0.7048954992422409,87.23081803122687,1000,paired,"{""inconclusive"": 2, ""robust"": 3}",calibration:cost_per_10k,48.426320797941685,-0.7048954992422409,87.23081803122687,complete
calibration,D1_creditcard,lightgbm,CALIBRATION_RAW,CALIBRATION_PLATT_SIGMOID,validation-fitted probability recalibration,ece,M08-CAL,5,-0.000165237078553996,0.0002150791568216657,-0.0004388309235823,6.426641895817647e-05,1000,paired,"{""robust"": 5}",calibration:ece,-0.000165237078553996,-0.0004388309235823,6.426641895817647e-05,complete
calibration,D1_creditcard,lightgbm,CALIBRATION_RAW,CALIBRATION_PLATT_SIGMOID,validation-fitted probability recalibration,mcc,M08-CAL,5,0.00908832026740736,0.01144926455171265,-0.0160855398433766,0.0394269507364785,1000,paired,"{""inconclusive"": 1, ""robust"": 4}",calibration:mcc,0.00908832026740736,-0.0160855398433766,0.0394269507364785,complete
calibration,D1_creditcard,lightgbm,CALIBRATION_RAW,CALIBRATION_PLATT_SIGMOID,validation-fitted probability recalibration,precision,M08-CAL,5,0.05258276810936939,0.019595809070654283,0.0169807645559205,0.1108809900542495,1000,paired,"{""inconclusive"": 4, ""robust"": 1}",calibration:precision,0.05258276810936939,0.0169807645559205,0.1108809900542495,complete
calibration,D1_creditcard,lightgbm,CALIBRATION_RAW,CALIBRATION_PLATT_SIGMOID,validation-fitted probability recalibration,recall,M08-CAL,5,-0.029473684210526298,0.021572527928335996,-0.0526315789473683,0.0,1000,paired,"{""inconclusive"": 3, ""robust"": 2}",calibration:recall,-0.029473684210526298,-0.0526315789473683,0.0,complete
calibration,D1_creditcard,xgboost,CALIBRATION_RAW,CALIBRATION_ISOTONIC,validation-fitted probability recalibration,average_precision,M08-CAL,5,-0.01770633323154954,0.009310333281599257,-0.0357363475611431,-0.0044141351535737,1000,paired,"{""inconclusive"": 4, ""robust"": 1}",calibration:average_precision,-0.01770633323154954,-0.0357363475611431,-0.0044141351535737,complete
calibration,D1_creditcard,xgboost,CALIBRATION_RAW,CALIBRATION_ISOTONIC,validation-fitted probability recalibration,brier,M08-CAL,5,-4.102160119225858e-05,3.103467212491758e-05,-0.0001078289909913,2.6784067652286303e-05,1000,paired,"{""robust"": 5}",calibration:brier,-4.102160119225858e-05,-0.0001078289909913,2.6784067652286303e-05,complete
calibration,D1_creditcard,xgboost,CALIBRATION_RAW,CALIBRATION_ISOTONIC,validation-fitted probability recalibration,cost_per_10k,M08-CAL,5,1.9032178479540278,9.562804438583825,-7.934479963345459,12.86434286117077,1000,paired,"{""robust"": 5}",calibration:cost_per_10k,1.9032178479540278,-7.934479963345459,12.86434286117077,complete
calibration,D1_creditcard,xgboost,CALIBRATION_RAW,CALIBRATION_ISOTONIC,validation-fitted probability recalibration,ece,M08-CAL,5,-0.00011963107246750848,3.939983844318258e-05,-0.0002299577719504,1.8702683547512542e-05,1000,paired,"{""robust"": 5}",calibration:ece,-0.00011963107246750848,-0.0002299577719504,1.8702683547512542e-05,complete
calibration,D1_creditcard,xgboost,CALIBRATION_RAW,CALIBRATION_ISOTONIC,validation-fitted probability recalibration,mcc,M08-CAL,5,-0.04140214152492687,0.10457960764637328,-0.0040403008023408,0.0153672092367731,1000,paired,"{""fragile"": 1, ""robust"": 4}",calibration:mcc,-0.04140214152492687,-0.0040403008023408,0.0153672092367731,complete
calibration,D1_creditcard,xgboost,CALIBRATION_RAW,CALIBRATION_ISOTONIC,validation-fitted probability recalibration,precision,M08-CAL,5,-0.05948544032568044,0.155325974926334,0.0,0.0285810792578922,1000,paired,"{""fragile"": 1, ""inconclusive"": 1, ""robust"": 3}",calibration:precision,-0.05948544032568044,0.0,0.0285810792578922,complete
calibration,D1_creditcard,xgboost,CALIBRATION_RAW,CALIBRATION_ISOTONIC,validation-fitted probability recalibration,recall,M08-CAL,5,0.0021052631578947403,0.008806947647727065,0.0,0.0,1000,paired,"{""robust"": 5}",calibration:recall,0.0021052631578947403,0.0,0.0,complete
calibration,D1_creditcard,xgboost,CALIBRATION_RAW,CALIBRATION_PLATT_SIGMOID,validation-fitted probability recalibration,average_precision,M08-CAL,5,0.0,0.0,0.0,0.0,1000,paired,"{""robust"": 5}",calibration:average_precision,0.0,0.0,0.0,complete
calibration,D1_creditcard,xgboost,CALIBRATION_RAW,CALIBRATION_PLATT_SIGMOID,validation-fitted probability recalibration,brier,M08-CAL,5,-1.2388354073230212e-05,1.994079466885865e-05,-5.5635026557762105e-05,3.608992915799174e-05,1000,paired,"{""robust"": 5}",calibration:brier,-1.2388354073230212e-05,-5.5635026557762105e-05,3.608992915799174e-05,complete
calibration,D1_creditcard,xgboost,CALIBRATION_RAW,CALIBRATION_PLATT_SIGMOID,validation-fitted probability recalibration,cost_per_10k,M08-CAL,5,53.184365417826804,21.923553251079642,-5.110492369506205,135.00511049236948,1000,paired,"{""inconclusive"": 4, ""robust"": 1}",calibration:cost_per_10k,53.184365417826804,-5.110492369506205,135.00511049236948,complete
calibration,D1_creditcard,xgboost,CALIBRATION_RAW,CALIBRATION_PLATT_SIGMOID,validation-fitted probability recalibration,ece,M08-CAL,5,3.355477638379175e-05,0.00013275160031184626,-0.0002652573384431,0.0002526786004715,1000,paired,"{""robust"": 5}",calibration:ece,3.355477638379175e-05,-0.0002652573384431,0.0002526786004715,complete
calibration,D1_creditcard,xgboost,CALIBRATION_RAW,CALIBRATION_PLATT_SIGMOID,validation-fitted probability recalibration,mcc,M08-CAL,5,0.24031144523099562,0.13573853854983983,0.1289281781102495,0.2155705149368396,1000,paired,"{""fragile"": 5}",calibration:mcc,0.24031144523099562,0.1289281781102495,0.2155705149368396,complete
calibration,D1_creditcard,xgboost,CALIBRATION_RAW,CALIBRATION_PLATT_SIGMOID,validation-fitted probability recalibration,precision,M08-CAL,5,0.4389740960280008,0.1925600749093418,0.2773759581219258,0.4065116718576902,1000,paired,"{""fragile"": 5}",calibration:precision,0.4389740960280008,0.2773759581219258,0.4065116718576902,complete
calibration,D1_creditcard,xgboost,CALIBRATION_RAW,CALIBRATION_PLATT_SIGMOID,validation-fitted probability recalibration,recall,M08-CAL,5,-0.04421052631578942,0.015613049446517193,-0.0842105263157895,-0.0105263157894736,1000,paired,"{""inconclusive"": 5}",calibration:recall,-0.04421052631578942,-0.0842105263157895,-0.0105263157894736,complete
calibration,D2_fraudTest,lightgbm,CALIBRATION_RAW,CALIBRATION_ISOTONIC,validation-fitted probability recalibration,average_precision,M08-CAL,5,-0.014378271672686982,0.0051978503191643915,-0.0207209499644708,-0.0077036802168201,1000,paired,"{""inconclusive"": 3, ""robust"": 2}",calibration:average_precision,-0.014378271672686982,-0.0207209499644708,-0.0077036802168201,complete
calibration,D2_fraudTest,lightgbm,CALIBRATION_RAW,CALIBRATION_ISOTONIC,validation-fitted probability recalibration,brier,M08-CAL,5,-0.00046893465588088,7.997658934241963e-05,-0.0006020109453509,-0.0003620414544373,1000,paired,"{""robust"": 5}",calibration:brier,-0.00046893465588088,-0.0006020109453509,-0.0003620414544373,complete
calibration,D2_fraudTest,lightgbm,CALIBRATION_RAW,CALIBRATION_ISOTONIC,validation-fitted probability recalibration,cost_per_10k,M08-CAL,5,0.5758295544518959,26.349803346180988,-45.52652414885191,15.2077485064421,1000,paired,"{""robust"": 5}",calibration:cost_per_10k,0.5758295544518959,-45.52652414885191,15.2077485064421,complete
calibration,D2_fraudTest,lightgbm,CALIBRATION_RAW,CALIBRATION_ISOTONIC,validation-fitted probability recalibration,ece,M08-CAL,5,-0.00126590654733832,0.0002085336618493945,-0.0015148922297462,-0.0010267482152915,1000,paired,"{""robust"": 5}",calibration:ece,-0.00126590654733832,-0.0015148922297462,-0.0010267482152915,complete
calibration,D2_fraudTest,lightgbm,CALIBRATION_RAW,CALIBRATION_ISOTONIC,validation-fitted probability recalibration,mcc,M08-CAL,5,-0.053994717677742964,0.07532410260118934,-0.0415442262705574,-0.0277665979178339,1000,paired,"{""fragile"": 1, ""robust"": 4}",calibration:mcc,-0.053994717677742964,-0.0415442262705574,-0.0277665979178339,complete
calibration,D2_fraudTest,lightgbm,CALIBRATION_RAW,CALIBRATION_ISOTONIC,validation-fitted probability recalibration,precision,M08-CAL,5,-0.06107055848031414,0.07906194795954238,-0.0494232356660861,-0.0355088074688265,1000,paired,"{""fragile"": 1, ""inconclusive"": 1, ""robust"": 3}",calibration:precision,-0.06107055848031414,-0.0494232356660861,-0.0355088074688265,complete
calibration,D2_fraudTest,lightgbm,CALIBRATION_RAW,CALIBRATION_ISOTONIC,validation-fitted probability recalibration,recall,M08-CAL,5,0.00745920745920742,0.005804148996731341,0.0,0.0163170163170163,1000,paired,"{""robust"": 5}",calibration:recall,0.00745920745920742,0.0,0.0163170163170163,complete
calibration,D2_fraudTest,lightgbm,CALIBRATION_RAW,CALIBRATION_PLATT_SIGMOID,validation-fitted probability recalibration,average_precision,M08-CAL,5,-8.881784197001252e-17,9.288792252416251e-17,-2.220446049250313e-16,2.220446049250313e-16,1000,paired,"{""robust"": 5}",calibration:average_precision,-8.881784197001252e-17,-2.220446049250313e-16,2.220446049250313e-16,complete
calibration,D2_fraudTest,lightgbm,CALIBRATION_RAW,CALIBRATION_PLATT_SIGMOID,validation-fitted probability recalibration,brier,M08-CAL,5,-0.00034682829867363995,7.061147538113312e-05,-0.0003960878484255,-0.000237755646494,1000,paired,"{""robust"": 5}",calibration:brier,-0.00034682829867363995,-0.0003960878484255,-0.000237755646494,complete
calibration,D2_fraudTest,lightgbm,CALIBRATION_RAW,CALIBRATION_PLATT_SIGMOID,validation-fitted probability recalibration,cost_per_10k,M08-CAL,5,97.29720002879148,26.16172746456108,22.486593968185435,155.76414381343125,1000,paired,"{""inconclusive"": 5}",calibration:cost_per_10k,97.29720002879148,22.486593968185435,155.76414381343125,complete
calibration,D2_fraudTest,lightgbm,CALIBRATION_RAW,CALIBRATION_PLATT_SIGMOID,validation-fitted probability recalibration,ece,M08-CAL,5,-0.00100285968100538,0.00013278164899394797,-0.0010917913333971,-0.0006741367201097,1000,paired,"{""robust"": 5}",calibration:ece,-0.00100285968100538,-0.0010917913333971,-0.0006741367201097,complete
calibration,D2_fraudTest,lightgbm,CALIBRATION_RAW,CALIBRATION_PLATT_SIGMOID,validation-fitted probability recalibration,mcc,M08-CAL,5,0.23180153129221243,0.047042488546387026,0.2005434888608098,0.2435424000519312,1000,paired,"{""fragile"": 5}",calibration:mcc,0.23180153129221243,0.2005434888608098,0.2435424000519312,complete
calibration,D2_fraudTest,lightgbm,CALIBRATION_RAW,CALIBRATION_PLATT_SIGMOID,validation-fitted probability recalibration,precision,M08-CAL,5,0.35215969638573213,0.054793546707344425,0.3203543873347558,0.379108802486333,1000,paired,"{""fragile"": 5}",calibration:precision,0.35215969638573213,0.3203543873347558,0.379108802486333,complete
calibration,D2_fraudTest,lightgbm,CALIBRATION_RAW,CALIBRATION_PLATT_SIGMOID,validation-fitted probability recalibration,recall,M08-CAL,5,-0.0410256410256409,0.008339647468530737,-0.0536130536130536,-0.0186480186480186,1000,paired,"{""inconclusive"": 5}",calibration:recall,-0.0410256410256409,-0.0536130536130536,-0.0186480186480186,complete
calibration,D2_fraudTest,xgboost,CALIBRATION_RAW,CALIBRATION_ISOTONIC,validation-fitted probability recalibration,average_precision,M08-CAL,5,-0.015516123390340919,0.002437060796132264,-0.0198536254848907,-0.0122429933597182,1000,paired,"{""inconclusive"": 2, ""robust"": 3}",calibration:average_precision,-0.015516123390340919,-0.0198536254848907,-0.0122429933597182,complete
calibration,D2_fraudTest,xgboost,CALIBRATION_RAW,CALIBRATION_ISOTONIC,validation-fitted probability recalibration,brier,M08-CAL,5,-0.00482744394700956,0.0005770389580147195,-0.0053463619294713,-0.0047055044250106,1000,paired,"{""fragile"": 1, ""inconclusive"": 2, ""robust"": 2}",calibration:brier,-0.00482744394700956,-0.0053463619294713,-0.0047055044250106,complete
calibration,D2_fraudTest,xgboost,CALIBRATION_RAW,CALIBRATION_ISOTONIC,validation-fitted probability recalibration,cost_per_10k,M08-CAL,5,0.4678615129921585,5.55304080941329,-1.0796804145973056,0.0,1000,paired,"{""robust"": 5}",calibration:cost_per_10k,0.4678615129921585,-1.0796804145973056,0.0,complete
calibration,D2_fraudTest,xgboost,CALIBRATION_RAW,CALIBRATION_ISOTONIC,validation-fitted probability recalibration,ece,M08-CAL,5,-0.014648806665342882,0.001441775193681037,-0.015265319086587,-0.0143011484157461,1000,paired,"{""robust"": 5}",calibration:ece,-0.014648806665342882,-0.015265319086587,-0.0143011484157461,complete
calibration,D2_fraudTest,xgboost,CALIBRATION_RAW,CALIBRATION_ISOTONIC,validation-fitted probability recalibration,mcc,M08-CAL,5,0.00300184018933812,0.02120074507005931,0.0004207343630442,0.0025521598762907,1000,paired,"{""robust"": 5}",calibration:mcc,0.00300184018933812,0.0004207343630442,0.0025521598762907,complete
calibration,D2_fraudTest,xgboost,CALIBRATION_RAW,CALIBRATION_ISOTONIC,validation-fitted probability recalibration,precision,M08-CAL,5,0.0024946319015217793,0.0228921263716844,0.0004649101813596,0.0029524711124172,1000,paired,"{""robust"": 5}",calibration:precision,0.0024946319015217793,0.0004649101813596,0.0029524711124172,complete
calibration,D2_fraudTest,xgboost,CALIBRATION_RAW,CALIBRATION_ISOTONIC,validation-fitted probability recalibration,recall,M08-CAL,5,-0.00093240093240092,0.0020849118671326435,0.0,0.0,1000,paired,"{""robust"": 5}",calibration:recall,-0.00093240093240092,0.0,0.0,complete
calibration,D2_fraudTest,xgboost,CALIBRATION_RAW,CALIBRATION_PLATT_SIGMOID,validation-fitted probability recalibration,average_precision,M08-CAL,5,0.0,0.0,0.0,0.0,1000,paired,"{""robust"": 5}",calibration:average_precision,0.0,0.0,0.0,complete
calibration,D2_fraudTest,xgboost,CALIBRATION_RAW,CALIBRATION_PLATT_SIGMOID,validation-fitted probability recalibration,brier,M08-CAL,5,-0.0043907283727699,0.0005395133315858508,-0.0048657687908054,-0.0043197313890606,1000,paired,"{""inconclusive"": 1, ""robust"": 4}",calibration:brier,-0.0043907283727699,-0.0048657687908054,-0.0043197313890606,complete
calibration,D2_fraudTest,xgboost,CALIBRATION_RAW,CALIBRATION_PLATT_SIGMOID,validation-fitted probability recalibration,cost_per_10k,M08-CAL,5,2.231339523501043,7.188697550164026,-13.948121356078564,18.476031094795943,1000,paired,"{""robust"": 5}",calibration:cost_per_10k,2.231339523501043,-13.948121356078564,18.476031094795943,complete
calibration,D2_fraudTest,xgboost,CALIBRATION_RAW,CALIBRATION_PLATT_SIGMOID,validation-fitted probability recalibration,ece,M08-CAL,5,-0.013152863268813661,0.0013564286508931283,-0.0137681468803412,-0.0129636449151128,1000,paired,"{""robust"": 5}",calibration:ece,-0.013152863268813661,-0.0137681468803412,-0.0129636449151128,complete
calibration,D2_fraudTest,xgboost,CALIBRATION_RAW,CALIBRATION_PLATT_SIGMOID,validation-fitted probability recalibration,mcc,M08-CAL,5,0.0208968738014631,0.04203481594491202,0.020002502839425,0.0297408377558095,1000,paired,"{""fragile"": 1, ""robust"": 4}",calibration:mcc,0.0208968738014631,0.020002502839425,0.0297408377558095,complete
calibration,D2_fraudTest,xgboost,CALIBRATION_RAW,CALIBRATION_PLATT_SIGMOID,validation-fitted probability recalibration,precision,M08-CAL,5,0.02309486839377374,0.04739561420549657,0.022785189256646,0.0328805087351938,1000,paired,"{""fragile"": 1, ""robust"": 4}",calibration:precision,0.02309486839377374,0.022785189256646,0.0328805087351938,complete
calibration,D2_fraudTest,xgboost,CALIBRATION_RAW,CALIBRATION_PLATT_SIGMOID,validation-fitted probability recalibration,recall,M08-CAL,5,-0.0037296037296036797,0.007108601716539297,-0.0093240093240093,0.0,1000,paired,"{""robust"": 5}",calibration:recall,-0.0037296037296036797,-0.0093240093240093,0.0,complete
calibration,D3_PaySim,lightgbm,CALIBRATION_RAW,CALIBRATION_ISOTONIC,validation-fitted probability recalibration,average_precision,M08-CAL,5,-0.03241138157506818,0.01250581778778916,-0.03483870415510157,-0.0192174857825913,1000,paired,"{""fragile"": 2, ""inconclusive"": 3}",calibration:average_precision,-0.03241138157506818,-0.03483870415510157,-0.0192174857825913,complete
calibration,D3_PaySim,lightgbm,CALIBRATION_RAW,CALIBRATION_ISOTONIC,validation-fitted probability recalibration,brier,M08-CAL,5,-0.00032310638621217843,4.8071683477869435e-05,-0.0004059614742568,-0.0002546688330947,1000,paired,"{""robust"": 5}",calibration:brier,-0.00032310638621217843,-0.0004059614742568,-0.0002546688330947,complete
calibration,D3_PaySim,lightgbm,CALIBRATION_RAW,CALIBRATION_ISOTONIC,validation-fitted probability recalibration,cost_per_10k,M08-CAL,5,-0.10000000000000284,3.7299463803116515,-21.757500000000014,18.25,1000,paired,"{""robust"": 5}",calibration:cost_per_10k,-0.10000000000000284,-21.757500000000014,18.25,complete
calibration,D3_PaySim,lightgbm,CALIBRATION_RAW,CALIBRATION_ISOTONIC,validation-fitted probability recalibration,ece,M08-CAL,5,-0.0005933315105805586,6.843885731595706e-05,-0.0007228067457209,-0.0004622159137808,1000,paired,"{""robust"": 5}",calibration:ece,-0.0005933315105805586,-0.0007228067457209,-0.0004622159137808,complete
calibration,D3_PaySim,lightgbm,CALIBRATION_RAW,CALIBRATION_ISOTONIC,validation-fitted probability recalibration,mcc,M08-CAL,5,-0.04900609711708255,0.04636747202919116,-0.05601740360587127,-0.03480638824119315,1000,paired,"{""fragile"": 2, ""inconclusive"": 1, ""robust"": 2}",calibration:mcc,-0.04900609711708255,-0.05601740360587127,-0.03480638824119315,complete
calibration,D3_PaySim,lightgbm,CALIBRATION_RAW,CALIBRATION_ISOTONIC,validation-fitted probability recalibration,precision,M08-CAL,5,-0.04029102732925656,0.03791376127157941,-0.039817335107714714,-0.028950525735776517,1000,paired,"{""fragile"": 2, ""robust"": 3}",calibration:precision,-0.04029102732925656,-0.039817335107714714,-0.028950525735776517,complete
calibration,D3_PaySim,lightgbm,CALIBRATION_RAW,CALIBRATION_ISOTONIC,validation-fitted probability recalibration,recall,M08-CAL,5,0.025333333333333347,0.019090428084368442,0.006666666666666599,0.053333333333333344,1000,paired,"{""inconclusive"": 3, ""robust"": 2}",calibration:recall,0.025333333333333347,0.006666666666666599,0.053333333333333344,complete
calibration,D3_PaySim,lightgbm,CALIBRATION_RAW,CALIBRATION_PLATT_SIGMOID,validation-fitted probability recalibration,average_precision,M08-CAL,5,0.0,0.0,0.0,0.0,1000,paired,"{""robust"": 5}",calibration:average_precision,0.0,0.0,0.0,complete
calibration,D3_PaySim,lightgbm,CALIBRATION_RAW,CALIBRATION_PLATT_SIGMOID,validation-fitted probability recalibration,brier,M08-CAL,5,-0.00025311716141066003,4.511296671448076e-05,-0.0003344680861489552,-0.0002031830387874,1000,paired,"{""robust"": 5}",calibration:brier,-0.00025311716141066003,-0.0003344680861489552,-0.0002031830387874,complete
calibration,D3_PaySim,lightgbm,CALIBRATION_RAW,CALIBRATION_PLATT_SIGMOID,validation-fitted probability recalibration,cost_per_10k,M08-CAL,5,68.99000000000001,6.586956808724348,27.898749999999993,113.16624999999999,1000,paired,"{""inconclusive"": 5}",calibration:cost_per_10k,68.99000000000001,27.898749999999993,113.16624999999999,complete
calibration,D3_PaySim,lightgbm,CALIBRATION_RAW,CALIBRATION_PLATT_SIGMOID,validation-fitted probability recalibration,ece,M08-CAL,5,-0.0004706319219518917,6.132159211682766e-05,-0.000581924015584,-0.0003441036946052,1000,paired,"{""robust"": 5}",calibration:ece,-0.0004706319219518917,-0.000581924015584,-0.0003441036946052,complete
calibration,D3_PaySim,lightgbm,CALIBRATION_RAW,CALIBRATION_PLATT_SIGMOID,validation-fitted probability recalibration,mcc,M08-CAL,5,0.23538495867768172,0.022895075078482027,0.1969396413597988,0.2737743342783529,1000,paired,"{""fragile"": 5}",calibration:mcc,0.23538495867768172,0.1969396413597988,0.2737743342783529,complete
calibration,D3_PaySim,lightgbm,CALIBRATION_RAW,CALIBRATION_PLATT_SIGMOID,validation-fitted probability recalibration,precision,M08-CAL,5,0.3255440853751168,0.02292036367704017,0.2733408850265885,0.3667472247668678,1000,paired,"{""fragile"": 5}",calibration:precision,0.3255440853751168,0.2733408850265885,0.3667472247668678,complete
calibration,D3_PaySim,lightgbm,CALIBRATION_RAW,CALIBRATION_PLATT_SIGMOID,validation-fitted probability recalibration,recall,M08-CAL,5,-0.13466666666666666,0.010954451150103326,-0.1935,-0.0866666666666666,1000,paired,"{""fragile"": 5}",calibration:recall,-0.13466666666666666,-0.1935,-0.0866666666666666,complete
calibration,D3_PaySim,xgboost,CALIBRATION_RAW,CALIBRATION_ISOTONIC,validation-fitted probability recalibration,average_precision,M08-CAL,5,-0.033904550374599475,0.008411717474560333,-0.0425884390712984,-0.0197522401814437,1000,paired,"{""fragile"": 2, ""inconclusive"": 3}",calibration:average_precision,-0.033904550374599475,-0.0425884390712984,-0.0197522401814437,complete
calibration,D3_PaySim,xgboost,CALIBRATION_RAW,CALIBRATION_ISOTONIC,validation-fitted probability recalibration,brier,M08-CAL,5,-0.004560827708159933,0.0003901620852714634,-0.004859875184677299,-0.004432749873929187,1000,paired,"{""inconclusive"": 2, ""robust"": 3}",calibration:brier,-0.004560827708159933,-0.004859875184677299,-0.004432749873929187,complete
calibration,D3_PaySim,xgboost,CALIBRATION_RAW,CALIBRATION_ISOTONIC,validation-fitted probability recalibration,cost_per_10k,M08-CAL,5,-1.219999999999996,4.845307007816945,-1.3999999999999917,0.0,1000,paired,"{""robust"": 5}",calibration:cost_per_10k,-1.219999999999996,-1.3999999999999917,0.0,complete
calibration,D3_PaySim,xgboost,CALIBRATION_RAW,CALIBRATION_ISOTONIC,validation-fitted probability recalibration,ece,M08-CAL,5,-0.010051027672282515,0.0007818628057424455,-0.010427685758864616,-0.009821450736290718,1000,paired,"{""robust"": 5}",calibration:ece,-0.010051027672282515,-0.010427685758864616,-0.009821450736290718,complete
calibration,D3_PaySim,xgboost,CALIBRATION_RAW,CALIBRATION_ISOTONIC,validation-fitted probability recalibration,mcc,M08-CAL,5,0.011661220180062274,0.02308730353196781,0.0014517514318746,0.0037582401651431,1000,paired,"{""inconclusive"": 1, ""robust"": 4}",calibration:mcc,0.011661220180062274,0.0014517514318746,0.0037582401651431,complete
calibration,D3_PaySim,xgboost,CALIBRATION_RAW,CALIBRATION_ISOTONIC,validation-fitted probability recalibration,precision,M08-CAL,5,0.008827182594995858,0.016844038408487413,0.0010029298573457,0.0025800562283835,1000,paired,"{""robust"": 5}",calibration:precision,0.008827182594995858,0.0010029298573457,0.0025800562283835,complete
calibration,D3_PaySim,xgboost,CALIBRATION_RAW,CALIBRATION_ISOTONIC,validation-fitted probability recalibration,recall,M08-CAL,5,-0.005333333333333304,0.008692269873603532,0.0,0.0,1000,paired,"{""robust"": 5}",calibration:recall,-0.005333333333333304,0.0,0.0,complete
calibration,D3_PaySim,xgboost,CALIBRATION_RAW,CALIBRATION_PLATT_SIGMOID,validation-fitted probability recalibration,average_precision,M08-CAL,5,0.0,0.0,0.0,0.0,1000,paired,"{""robust"": 5}",calibration:average_precision,0.0,0.0,0.0,complete
calibration,D3_PaySim,xgboost,CALIBRATION_RAW,CALIBRATION_PLATT_SIGMOID,validation-fitted probability recalibration,brier,M08-CAL,5,-0.004382928899262713,0.00038721137864832845,-0.00465244340556625,-0.004208558212051581,1000,paired,"{""inconclusive"": 1, ""robust"": 4}",calibration:brier,-0.004382928899262713,-0.00465244340556625,-0.004208558212051581,complete
calibration,D3_PaySim,xgboost,CALIBRATION_RAW,CALIBRATION_PLATT_SIGMOID,validation-fitted probability recalibration,cost_per_10k,M08-CAL,5,0.7499999999999971,6.394431170948675,-15.818749999999996,7.456249999999997,1000,paired,"{""robust"": 5}",calibration:cost_per_10k,0.7499999999999971,-15.818749999999996,7.456249999999997,complete
calibration,D3_PaySim,xgboost,CALIBRATION_RAW,CALIBRATION_PLATT_SIGMOID,validation-fitted probability recalibration,ece,M08-CAL,5,-0.009627695888795296,0.0006857224655452463,-0.009861458778491983,-0.009279459938270902,1000,paired,"{""robust"": 5}",calibration:ece,-0.009627695888795296,-0.009861458778491983,-0.009279459938270902,complete
calibration,D3_PaySim,xgboost,CALIBRATION_RAW,CALIBRATION_PLATT_SIGMOID,validation-fitted probability recalibration,mcc,M08-CAL,5,0.04175244517057063,0.04427513135205198,0.0370738692854149,0.06297106872452334,1000,paired,"{""fragile"": 1, ""inconclusive"": 2, ""robust"": 2}",calibration:mcc,0.04175244517057063,0.0370738692854149,0.06297106872452334,complete
calibration,D3_PaySim,xgboost,CALIBRATION_RAW,CALIBRATION_PLATT_SIGMOID,validation-fitted probability recalibration,precision,M08-CAL,5,0.035198613274574866,0.03912295255476762,0.03443433324314894,0.04543402636788524,1000,paired,"{""fragile"": 1, ""inconclusive"": 1, ""robust"": 3}",calibration:precision,0.035198613274574866,0.03443433324314894,0.04543402636788524,complete
calibration,D3_PaySim,xgboost,CALIBRATION_RAW,CALIBRATION_PLATT_SIGMOID,validation-fitted probability recalibration,recall,M08-CAL,5,-0.021333333333333322,0.021807236311728147,-0.046666666666666634,0.0,1000,paired,"{""inconclusive"": 2, ""robust"": 3}",calibration:recall,-0.021333333333333322,-0.046666666666666634,0.0,complete
explanation_protocol,D1_creditcard,lightgbm,RANDOM_STRATIFIED_SAFE,CHRONOLOGICAL_SAFE,explanation protocol split,average_precision,M09-EII,5,-0.02735164912271118,0.04456842016997994,-0.1198071971527892,0.088788419584537,1000,stratified_unpaired,"{""inconclusive"": 5}",explanation_protocol:average_precision,-0.02735164912271118,-0.1198071971527892,0.088788419584537,complete
explanation_protocol,D1_creditcard,lightgbm,RANDOM_STRATIFIED_SAFE,CHRONOLOGICAL_SAFE,explanation protocol split,brier,M09-EII,5,-2.3355305803385404e-05,7.001035223199212e-05,-0.0002696970019497,0.0001626486684551,1000,stratified_unpaired,"{""robust"": 5}",explanation_protocol:brier,-2.3355305803385404e-05,-0.0002696970019497,0.0001626486684551,complete
explanation_protocol,D1_creditcard,lightgbm,RANDOM_STRATIFIED_SAFE,CHRONOLOGICAL_SAFE,explanation protocol split,cost_per_10k,M09-EII,5,-21.146864977267114,89.15456509461434,-263.8115461882775,123.90300637930429,1000,stratified_unpaired,"{""inconclusive"": 5}",explanation_protocol:cost_per_10k,-21.146864977267114,-263.8115461882775,123.90300637930429,complete
explanation_protocol,D1_creditcard,lightgbm,RANDOM_STRATIFIED_SAFE,CHRONOLOGICAL_SAFE,explanation protocol split,ece,M09-EII,5,-2.5032826459983278e-05,6.743811951449524e-05,-0.0002737114855352,0.0001746562786743,1000,stratified_unpaired,"{""robust"": 5}",explanation_protocol:ece,-2.5032826459983278e-05,-0.0002737114855352,0.0001746562786743,complete
explanation_protocol,D1_creditcard,lightgbm,RANDOM_STRATIFIED_SAFE,CHRONOLOGICAL_SAFE,explanation protocol split,mcc,M09-EII,5,-0.03255349536109344,0.025781440765943627,-0.1184409491147079,0.0589584692768019,1000,stratified_unpaired,"{""inconclusive"": 5}",explanation_protocol:mcc,-0.03255349536109344,-0.1184409491147079,0.0589584692768019,complete
explanation_protocol,D1_creditcard,lightgbm,RANDOM_STRATIFIED_SAFE,CHRONOLOGICAL_SAFE,explanation protocol split,precision,M09-EII,5,-0.02052625621236714,0.013326476731228413,-0.1052354404448346,0.0571762740183791,1000,stratified_unpaired,"{""inconclusive"": 5}",explanation_protocol:precision,-0.02052625621236714,-0.1052354404448346,0.0571762740183791,complete
explanation_protocol,D1_creditcard,lightgbm,RANDOM_STRATIFIED_SAFE,CHRONOLOGICAL_SAFE,explanation protocol split,recall,M09-EII,5,-0.042930298719772365,0.05464002595791524,-0.1483641536273114,0.1116358463726883,1000,stratified_unpaired,"{""inconclusive"": 5}",explanation_protocol:recall,-0.042930298719772365,-0.1483641536273114,0.1116358463726883,complete
explanation_protocol,D1_creditcard,xgboost,RANDOM_STRATIFIED_SAFE,CHRONOLOGICAL_SAFE,explanation protocol split,average_precision,M09-EII,5,-0.04558722636017293,0.039301505835883654,-0.1515671090401689,0.0794813367908624,1000,stratified_unpaired,"{""inconclusive"": 5}",explanation_protocol:average_precision,-0.04558722636017293,-0.1515671090401689,0.0794813367908624,complete
explanation_protocol,D1_creditcard,xgboost,RANDOM_STRATIFIED_SAFE,CHRONOLOGICAL_SAFE,explanation protocol split,brier,M09-EII,5,-9.22611076497462e-06,5.896968007598387e-05,-0.0002233215385147,0.000201531690081,1000,stratified_unpaired,"{""robust"": 5}",explanation_protocol:brier,-9.22611076497462e-06,-0.0002233215385147,0.000201531690081,complete
explanation_protocol,D1_creditcard,xgboost,RANDOM_STRATIFIED_SAFE,CHRONOLOGICAL_SAFE,explanation protocol split,cost_per_10k,M09-EII,5,3.2777640714764233,63.70372422058591,-212.349769146724,175.69960878299796,1000,stratified_unpaired,"{""inconclusive"": 5}",explanation_protocol:cost_per_10k,3.2777640714764233,-212.349769146724,175.69960878299796,complete
explanation_protocol,D1_creditcard,xgboost,RANDOM_STRATIFIED_SAFE,CHRONOLOGICAL_SAFE,explanation protocol split,ece,M09-EII,5,-6.817733459391337e-05,4.969680382229245e-05,-0.0002673860490369,0.000125089534289,1000,stratified_unpaired,"{""robust"": 5}",explanation_protocol:ece,-6.817733459391337e-05,-0.0002673860490369,0.000125089534289,complete
explanation_protocol,D1_creditcard,xgboost,RANDOM_STRATIFIED_SAFE,CHRONOLOGICAL_SAFE,explanation protocol split,mcc,M09-EII,5,-0.038385385631442656,0.01599631476906089,-0.1343641397563076,0.0398496709758954,1000,stratified_unpaired,"{""inconclusive"": 5}",explanation_protocol:mcc,-0.038385385631442656,-0.1343641397563076,0.0398496709758954,complete
explanation_protocol,D1_creditcard,xgboost,RANDOM_STRATIFIED_SAFE,CHRONOLOGICAL_SAFE,explanation protocol split,precision,M09-EII,5,-0.01861776212817414,0.026573507070499935,-0.1115399487054144,0.0932401869572921,1000,stratified_unpaired,"{""inconclusive"": 5}",explanation_protocol:precision,-0.01861776212817414,-0.1115399487054144,0.0932401869572921,complete
explanation_protocol,D1_creditcard,xgboost,RANDOM_STRATIFIED_SAFE,CHRONOLOGICAL_SAFE,explanation protocol split,recall,M09-EII,5,-0.05647226173541956,0.03802002151792583,-0.1739687055476529,0.078556187766714,1000,stratified_unpaired,"{""inconclusive"": 5}",explanation_protocol:recall,-0.05647226173541956,-0.1739687055476529,0.078556187766714,complete
explanation_protocol,D2_fraudTest,lightgbm,RANDOM_STRATIFIED_SAFE,CHRONOLOGICAL_SAFE,explanation protocol split,average_precision,M09-EII,5,-0.2168199204622753,0.0033886838374352015,-0.2772483004854227,-0.1598612386656619,1000,stratified_unpaired,"{""fragile"": 5}",explanation_protocol:average_precision,-0.2168199204622753,-0.2772483004854227,-0.1598612386656619,complete
explanation_protocol,D2_fraudTest,lightgbm,RANDOM_STRATIFIED_SAFE,CHRONOLOGICAL_SAFE,explanation protocol split,brier,M09-EII,5,-0.00028469039477201996,6.660572082908776e-05,-0.0004767983473147,-8.506193997064215e-05,1000,stratified_unpaired,"{""robust"": 5}",explanation_protocol:brier,-0.00028469039477201996,-0.0004767983473147,-8.506193997064215e-05,complete
explanation_protocol,D2_fraudTest,lightgbm,RANDOM_STRATIFIED_SAFE,CHRONOLOGICAL_SAFE,explanation protocol split,cost_per_10k,M09-EII,5,207.5145756855971,33.06185229642201,55.80823076369395,358.73956308932554,1000,stratified_unpaired,"{""fragile"": 1, ""inconclusive"": 4}",explanation_protocol:cost_per_10k,207.5145756855971,55.80823076369395,358.73956308932554,complete
explanation_protocol,D2_fraudTest,lightgbm,RANDOM_STRATIFIED_SAFE,CHRONOLOGICAL_SAFE,explanation protocol split,ece,M09-EII,5,-0.00122073177253934,7.985678181088277e-05,-0.0014790107252148,-0.000933563237529,1000,stratified_unpaired,"{""robust"": 5}",explanation_protocol:ece,-0.00122073177253934,-0.0014790107252148,-0.000933563237529,complete
explanation_protocol,D2_fraudTest,lightgbm,RANDOM_STRATIFIED_SAFE,CHRONOLOGICAL_SAFE,explanation protocol split,mcc,M09-EII,5,-0.15624160892870517,0.0094707545491416,-0.2134473569256268,-0.0999402302803684,1000,stratified_unpaired,"{""fragile"": 5}",explanation_protocol:mcc,-0.15624160892870517,-0.2134473569256268,-0.0999402302803684,complete
explanation_protocol,D2_fraudTest,lightgbm,RANDOM_STRATIFIED_SAFE,CHRONOLOGICAL_SAFE,explanation protocol split,precision,M09-EII,5,-0.09572880552751462,0.03128349664840185,-0.1478584408474045,-0.0131641246102646,1000,stratified_unpaired,"{""fragile"": 1, ""inconclusive"": 4}",explanation_protocol:precision,-0.09572880552751462,-0.1478584408474045,-0.0131641246102646,complete
explanation_protocol,D2_fraudTest,lightgbm,RANDOM_STRATIFIED_SAFE,CHRONOLOGICAL_SAFE,explanation protocol split,recall,M09-EII,5,-0.22680652680652674,0.020067988097767393,-0.295746237458194,-0.1528960170264518,1000,stratified_unpaired,"{""fragile"": 5}",explanation_protocol:recall,-0.22680652680652674,-0.295746237458194,-0.1528960170264518,complete
explanation_protocol,D2_fraudTest,xgboost,RANDOM_STRATIFIED_SAFE,CHRONOLOGICAL_SAFE,explanation protocol split,average_precision,M09-EII,5,-0.2331705652174499,0.02289120802862993,-0.30609796213683976,-0.15847412880030065,1000,stratified_unpaired,"{""fragile"": 5}",explanation_protocol:average_precision,-0.2331705652174499,-0.30609796213683976,-0.15847412880030065,complete
explanation_protocol,D2_fraudTest,xgboost,RANDOM_STRATIFIED_SAFE,CHRONOLOGICAL_SAFE,explanation protocol split,brier,M09-EII,5,-0.0035615262575387392,0.00035242921524114486,-0.0039961299741224,-0.0032112998175688,1000,stratified_unpaired,"{""robust"": 5}",explanation_protocol:brier,-0.0035615262575387392,-0.0039961299741224,-0.0032112998175688,complete
explanation_protocol,D2_fraudTest,xgboost,RANDOM_STRATIFIED_SAFE,CHRONOLOGICAL_SAFE,explanation protocol split,cost_per_10k,M09-EII,5,99.76247030878861,35.17086455732065,-5.582847477146789,212.52384294248895,1000,stratified_unpaired,"{""inconclusive"": 5}",explanation_protocol:cost_per_10k,99.76247030878861,-5.582847477146789,212.52384294248895,complete
explanation_protocol,D2_fraudTest,xgboost,RANDOM_STRATIFIED_SAFE,CHRONOLOGICAL_SAFE,explanation protocol split,ece,M09-EII,5,-0.008280908571087117,0.0007874496394660707,-0.0088431219646523,-0.0077395930959118,1000,stratified_unpaired,"{""robust"": 5}",explanation_protocol:ece,-0.008280908571087117,-0.0088431219646523,-0.0077395930959118,complete
explanation_protocol,D2_fraudTest,xgboost,RANDOM_STRATIFIED_SAFE,CHRONOLOGICAL_SAFE,explanation protocol split,mcc,M09-EII,5,-0.0573043294025794,0.01626829717012706,-0.0972009443061798,-0.0250427489345712,1000,stratified_unpaired,"{""inconclusive"": 5}",explanation_protocol:mcc,-0.0573043294025794,-0.0972009443061798,-0.0250427489345712,complete
explanation_protocol,D2_fraudTest,xgboost,RANDOM_STRATIFIED_SAFE,CHRONOLOGICAL_SAFE,explanation protocol split,precision,M09-EII,5,-0.01914872815789521,0.02018603520682793,-0.0460958504002541,0.0130092392084561,1000,stratified_unpaired,"{""inconclusive"": 2, ""robust"": 3}",explanation_protocol:precision,-0.01914872815789521,-0.0460958504002541,0.0130092392084561,complete
explanation_protocol,D2_fraudTest,xgboost,RANDOM_STRATIFIED_SAFE,CHRONOLOGICAL_SAFE,explanation protocol split,recall,M09-EII,5,-0.14484392419175024,0.015034015295128232,-0.1971913955609607,-0.0814960854363027,1000,stratified_unpaired,"{""fragile"": 5}",explanation_protocol:recall,-0.14484392419175024,-0.1971913955609607,-0.0814960854363027,complete
explanation_protocol,D3_PaySim,lightgbm,RANDOM_STRATIFIED_SAFE,CHRONOLOGICAL_SAFE,explanation protocol split,average_precision,M09-EII,5,-0.004789107903919154,0.04315990736716789,-0.10101717871222045,0.0730940672120261,1000,stratified_unpaired,"{""inconclusive"": 5}",explanation_protocol:average_precision,-0.004789107903919154,-0.10101717871222045,0.0730940672120261,complete
explanation_protocol,D3_PaySim,lightgbm,RANDOM_STRATIFIED_SAFE,CHRONOLOGICAL_SAFE,explanation protocol split,brier,M09-EII,5,-6.382710971658998e-05,7.768555276571047e-05,-0.0002280255591052,4.795579138058127e-05,1000,stratified_unpaired,"{""robust"": 5}",explanation_protocol:brier,-6.382710971658998e-05,-0.0002280255591052,4.795579138058127e-05,complete
explanation_protocol,D3_PaySim,lightgbm,RANDOM_STRATIFIED_SAFE,CHRONOLOGICAL_SAFE,explanation protocol split,cost_per_10k,M09-EII,5,-32.32,37.16903280958491,-97.90124999999999,30.803750000000026,1000,stratified_unpaired,"{""inconclusive"": 2, ""robust"": 3}",explanation_protocol:cost_per_10k,-32.32,-97.90124999999999,30.803750000000026,complete
explanation_protocol,D3_PaySim,lightgbm,RANDOM_STRATIFIED_SAFE,CHRONOLOGICAL_SAFE,explanation protocol split,ece,M09-EII,5,3.436252827574168e-05,9.934208387728756e-05,-9.85084928790805e-05,0.0002319708656735,1000,stratified_unpaired,"{""robust"": 5}",explanation_protocol:ece,3.436252827574168e-05,-9.85084928790805e-05,0.0002319708656735,complete
explanation_protocol,D3_PaySim,lightgbm,RANDOM_STRATIFIED_SAFE,CHRONOLOGICAL_SAFE,explanation protocol split,mcc,M09-EII,5,-0.01936347055074054,0.029999832976953234,-0.0918015663872866,0.0390382243461152,1000,stratified_unpaired,"{""inconclusive"": 5}",explanation_protocol:mcc,-0.01936347055074054,-0.0918015663872866,0.0390382243461152,complete
explanation_protocol,D3_PaySim,lightgbm,RANDOM_STRATIFIED_SAFE,CHRONOLOGICAL_SAFE,explanation protocol split,precision,M09-EII,5,-0.03367774773796923,0.02864018394870509,-0.0944209334726575,0.0195509377398931,1000,stratified_unpaired,"{""inconclusive"": 5}",explanation_protocol:precision,-0.03367774773796923,-0.0944209334726575,0.0195509377398931,complete
explanation_protocol,D3_PaySim,lightgbm,RANDOM_STRATIFIED_SAFE,CHRONOLOGICAL_SAFE,explanation protocol split,recall,M09-EII,5,0.009956989247311785,0.05264100368360392,-0.08304569892473118,0.1067741935483871,1000,stratified_unpaired,"{""inconclusive"": 5}",explanation_protocol:recall,0.009956989247311785,-0.08304569892473118,0.1067741935483871,complete
explanation_protocol,D3_PaySim,xgboost,RANDOM_STRATIFIED_SAFE,CHRONOLOGICAL_SAFE,explanation protocol split,average_precision,M09-EII,5,-0.006374941199092395,0.031806540178739316,-0.0895008421441296,0.1010628574769304,1000,stratified_unpaired,"{""inconclusive"": 5}",explanation_protocol:average_precision,-0.006374941199092395,-0.0895008421441296,0.1010628574769304,complete
explanation_protocol,D3_PaySim,xgboost,RANDOM_STRATIFIED_SAFE,CHRONOLOGICAL_SAFE,explanation protocol split,brier,M09-EII,5,-0.00016071084042293122,0.00017266767297765003,-0.0004940079734881,0.0001382694856639,1000,stratified_unpaired,"{""robust"": 5}",explanation_protocol:brier,-0.00016071084042293122,-0.0004940079734881,0.0001382694856639,complete
explanation_protocol,D3_PaySim,xgboost,RANDOM_STRATIFIED_SAFE,CHRONOLOGICAL_SAFE,explanation protocol split,cost_per_10k,M09-EII,5,-13.880000000000004,8.530504088270524,-52.37125000000001,23.754999999999995,1000,stratified_unpaired,"{""robust"": 5}",explanation_protocol:cost_per_10k,-13.880000000000004,-52.37125000000001,23.754999999999995,complete
explanation_protocol,D3_PaySim,xgboost,RANDOM_STRATIFIED_SAFE,CHRONOLOGICAL_SAFE,explanation protocol split,ece,M09-EII,5,-0.00018163381162300763,0.00029600739138338614,-0.0006318488526149,0.0002788723582385,1000,stratified_unpaired,"{""robust"": 5}",explanation_protocol:ece,-0.00018163381162300763,-0.0006318488526149,0.0002788723582385,complete
explanation_protocol,D3_PaySim,xgboost,RANDOM_STRATIFIED_SAFE,CHRONOLOGICAL_SAFE,explanation protocol split,mcc,M09-EII,5,-0.018652929995753707,0.005097820560865436,-0.0338942617414457,0.0002019839948298,1000,stratified_unpaired,"{""robust"": 5}",explanation_protocol:mcc,-0.018652929995753707,-0.0338942617414457,0.0002019839948298,complete
explanation_protocol,D3_PaySim,xgboost,RANDOM_STRATIFIED_SAFE,CHRONOLOGICAL_SAFE,explanation protocol split,precision,M09-EII,5,-0.0114141325926312,0.0025420547922782545,-0.0177187370896086,-0.0037968228868565,1000,stratified_unpaired,"{""robust"": 5}",explanation_protocol:precision,-0.0114141325926312,-0.0177187370896086,-0.0037968228868565,complete
explanation_protocol,D3_PaySim,xgboost,RANDOM_STRATIFIED_SAFE,CHRONOLOGICAL_SAFE,explanation protocol split,recall,M09-EII,5,0.006774193548387169,0.013066396607882664,-0.043782258064516,0.06777688172043009,1000,stratified_unpaired,"{""inconclusive"": 5}",explanation_protocol:recall,0.006774193548387169,-0.043782258064516,0.06777688172043009,complete
leakage,D1_creditcard,lightgbm,SAFE_STRICT,UNSAFE_SMOTE_BEFORE_SPLIT,feature availability / unsafe resampling,average_precision,M03-LII,5,0.1403574847347149,0.012851471022607388,0.0807139358047171,0.2145012332866316,1000,stratified_unpaired,"{""fragile"": 5}",leakage:average_precision,0.1403574847347149,0.0807139358047171,0.2145012332866316,complete
leakage,D1_creditcard,lightgbm,SAFE_STRICT,UNSAFE_SMOTE_BEFORE_SPLIT,feature availability / unsafe resampling,brier,M03-LII,5,-0.00021809657420456,5.957072652718051e-05,-0.0003697689652301,-5.044644018133483e-05,1000,stratified_unpaired,"{""robust"": 5}",leakage:brier,-0.00021809657420456,-0.0003697689652301,-5.044644018133483e-05,complete
leakage,D1_creditcard,lightgbm,SAFE_STRICT,UNSAFE_SMOTE_BEFORE_SPLIT,feature availability / unsafe resampling,cost_per_10k,M03-LII,5,-290.7233327825519,71.06136663102667,-458.5365858908779,-192.9589346740407,1000,stratified_unpaired,"{""fragile"": 4, ""inconclusive"": 1}",leakage:cost_per_10k,-290.7233327825519,-458.5365858908779,-192.9589346740407,complete
leakage,D1_creditcard,lightgbm,SAFE_STRICT,UNSAFE_SMOTE_BEFORE_SPLIT,feature availability / unsafe resampling,ece,M03-LII,5,-0.00014228626307648593,7.417183911983367e-05,-0.0003014721886153,4.081163783302157e-05,1000,stratified_unpaired,"{""robust"": 5}",leakage:ece,-0.00014228626307648593,-0.0003014721886153,4.081163783302157e-05,complete
leakage,D1_creditcard,lightgbm,SAFE_STRICT,UNSAFE_SMOTE_BEFORE_SPLIT,feature availability / unsafe resampling,mcc,M03-LII,5,0.12745516025820497,0.021795663389233336,0.0811928733699259,0.1781329305988745,1000,stratified_unpaired,"{""fragile"": 5}",leakage:mcc,0.12745516025820497,0.0811928733699259,0.1781329305988745,complete
leakage,D1_creditcard,lightgbm,SAFE_STRICT,UNSAFE_SMOTE_BEFORE_SPLIT,feature availability / unsafe resampling,precision,M03-LII,5,0.0738846531722627,0.033351577675386664,0.0332089005520911,0.1317966310091234,1000,stratified_unpaired,"{""inconclusive"": 5}",leakage:precision,0.0738846531722627,0.0332089005520911,0.1317966310091234,complete
leakage,D1_creditcard,lightgbm,SAFE_STRICT,UNSAFE_SMOTE_BEFORE_SPLIT,feature availability / unsafe resampling,recall,M03-LII,5,0.17683151409971853,0.04427977888562842,0.1157894736842105,0.2631578947368421,1000,stratified_unpaired,"{""fragile"": 5}",leakage:recall,0.17683151409971853,0.1157894736842105,0.2631578947368421,complete
leakage,D1_creditcard,xgboost,SAFE_STRICT,UNSAFE_SMOTE_BEFORE_SPLIT,feature availability / unsafe resampling,average_precision,M03-LII,5,0.1422382596246245,0.014324087978463297,0.0847011951629124,0.2146888536727641,1000,stratified_unpaired,"{""fragile"": 5}",leakage:average_precision,0.1422382596246245,0.0847011951629124,0.2146888536727641,complete
leakage,D1_creditcard,xgboost,SAFE_STRICT,UNSAFE_SMOTE_BEFORE_SPLIT,feature availability / unsafe resampling,brier,M03-LII,5,0.00074418695785482,4.709559749537746e-05,0.000564763713979,0.0009452497880891,1000,stratified_unpaired,"{""robust"": 5}",leakage:brier,0.00074418695785482,0.000564763713979,0.0009452497880891,complete
leakage,D1_creditcard,xgboost,SAFE_STRICT,UNSAFE_SMOTE_BEFORE_SPLIT,feature availability / unsafe resampling,cost_per_10k,M03-LII,5,-195.44496381564952,32.7615497882425,-306.4353090156273,-72.01875475380402,1000,stratified_unpaired,"{""fragile"": 1, ""inconclusive"": 4}",leakage:cost_per_10k,-195.44496381564952,-306.4353090156273,-72.01875475380402,complete
leakage,D1_creditcard,xgboost,SAFE_STRICT,UNSAFE_SMOTE_BEFORE_SPLIT,feature availability / unsafe resampling,ece,M03-LII,5,0.005213349008134941,8.157589936681083e-05,0.0049314256794908,0.0054245747884224,1000,stratified_unpaired,"{""robust"": 5}",leakage:ece,0.005213349008134941,0.0049314256794908,0.0054245747884224,complete
leakage,D1_creditcard,xgboost,SAFE_STRICT,UNSAFE_SMOTE_BEFORE_SPLIT,feature availability / unsafe resampling,mcc,M03-LII,5,0.3573040913057993,0.08986106734792951,0.2750373686532169,0.3776881314892973,1000,stratified_unpaired,"{""fragile"": 5}",leakage:mcc,0.3573040913057993,0.2750373686532169,0.3776881314892973,complete
leakage,D1_creditcard,xgboost,SAFE_STRICT,UNSAFE_SMOTE_BEFORE_SPLIT,feature availability / unsafe resampling,precision,M03-LII,5,0.5187200825639738,0.13165997340441035,0.4123396898495823,0.5304908888662829,1000,stratified_unpaired,"{""fragile"": 5}",leakage:precision,0.5187200825639738,0.4123396898495823,0.5304908888662829,complete
leakage,D1_creditcard,xgboost,SAFE_STRICT,UNSAFE_SMOTE_BEFORE_SPLIT,feature availability / unsafe resampling,recall,M03-LII,5,0.12627695520774007,0.021054906031091863,0.0629809340477103,0.1894736842105263,1000,stratified_unpaired,"{""fragile"": 5}",leakage:recall,0.12627695520774007,0.0629809340477103,0.1894736842105263,complete
leakage,D2_fraudTest,lightgbm,SAFE_STRICT,UNSAFE_SMOTE_BEFORE_SPLIT,feature availability / unsafe resampling,average_precision,M03-LII,5,0.0499357888715527,0.006229250960068182,0.0337806103549564,0.0634165128344463,1000,stratified_unpaired,"{""fragile"": 5}",leakage:average_precision,0.0499357888715527,0.0337806103549564,0.0634165128344463,complete
leakage,D2_fraudTest,lightgbm,SAFE_STRICT,UNSAFE_SMOTE_BEFORE_SPLIT,feature availability / unsafe resampling,brier,M03-LII,5,-0.0011581325586563199,4.6773270890560574e-05,-0.0014586214713535,-0.0008954657053997,1000,stratified_unpaired,"{""robust"": 5}",leakage:brier,-0.0011581325586563199,-0.0014586214713535,-0.0008954657053997,complete
leakage,D2_fraudTest,lightgbm,SAFE_STRICT,UNSAFE_SMOTE_BEFORE_SPLIT,feature availability / unsafe resampling,cost_per_10k,M03-LII,5,-249.56208222121504,39.38485911480737,-386.3717521948599,-144.25131754544998,1000,stratified_unpaired,"{""fragile"": 4, ""inconclusive"": 1}",leakage:cost_per_10k,-249.56208222121504,-386.3717521948599,-144.25131754544998,complete
leakage,D2_fraudTest,lightgbm,SAFE_STRICT,UNSAFE_SMOTE_BEFORE_SPLIT,feature availability / unsafe resampling,ece,M03-LII,5,-0.00117756627730202,0.00013371051665229754,-0.0014420857623916,-0.0008314750630451,1000,stratified_unpaired,"{""robust"": 5}",leakage:ece,-0.00117756627730202,-0.0014420857623916,-0.0008314750630451,complete
leakage,D2_fraudTest,lightgbm,SAFE_STRICT,UNSAFE_SMOTE_BEFORE_SPLIT,feature availability / unsafe resampling,mcc,M03-LII,5,0.36135655817377393,0.07526993029009243,0.3762582719815804,0.4061510294788402,1000,stratified_unpaired,"{""fragile"": 5}",leakage:mcc,0.36135655817377393,0.3762582719815804,0.4061510294788402,complete
leakage,D2_fraudTest,lightgbm,SAFE_STRICT,UNSAFE_SMOTE_BEFORE_SPLIT,feature availability / unsafe resampling,precision,M03-LII,5,0.5723559133006738,0.10656020568939895,0.600721322488302,0.6358505136189556,1000,stratified_unpaired,"{""fragile"": 5}",leakage:precision,0.5723559133006738,0.600721322488302,0.6358505136189556,complete
leakage,D2_fraudTest,lightgbm,SAFE_STRICT,UNSAFE_SMOTE_BEFORE_SPLIT,feature availability / unsafe resampling,recall,M03-LII,5,0.030245955551892977,0.007707114529161365,0.0163002296255053,0.0512149045160074,1000,stratified_unpaired,"{""inconclusive"": 3, ""robust"": 2}",leakage:recall,0.030245955551892977,0.0163002296255053,0.0512149045160074,complete
leakage,D2_fraudTest,xgboost,SAFE_STRICT,UNSAFE_SMOTE_BEFORE_SPLIT,feature availability / unsafe resampling,average_precision,M03-LII,5,0.08168629284190672,0.0082077138641416,0.0625466731118376,0.0996102462285269,1000,stratified_unpaired,"{""fragile"": 5}",leakage:average_precision,0.08168629284190672,0.0625466731118376,0.0996102462285269,complete
leakage,D2_fraudTest,xgboost,SAFE_STRICT,UNSAFE_SMOTE_BEFORE_SPLIT,feature availability / unsafe resampling,brier,M03-LII,5,-0.0036925200821787,0.00044496391322229346,-0.0040995594945676,-0.0031749352475413,1000,stratified_unpaired,"{""robust"": 5}",leakage:brier,-0.0036925200821787,-0.0040995594945676,-0.0031749352475413,complete
leakage,D2_fraudTest,xgboost,SAFE_STRICT,UNSAFE_SMOTE_BEFORE_SPLIT,feature availability / unsafe resampling,cost_per_10k,M03-LII,5,-170.4699400715113,42.56071539888036,-313.1353311594568,-63.66986075439392,1000,stratified_unpaired,"{""inconclusive"": 5}",leakage:cost_per_10k,-170.4699400715113,-313.1353311594568,-63.66986075439392,complete
leakage,D2_fraudTest,xgboost,SAFE_STRICT,UNSAFE_SMOTE_BEFORE_SPLIT,feature availability / unsafe resampling,ece,M03-LII,5,-0.006569499009288241,0.0012698915572313058,-0.0067675388771789,-0.0054498462312833,1000,stratified_unpaired,"{""robust"": 5}",leakage:ece,-0.006569499009288241,-0.0067675388771789,-0.0054498462312833,complete
leakage,D2_fraudTest,xgboost,SAFE_STRICT,UNSAFE_SMOTE_BEFORE_SPLIT,feature availability / unsafe resampling,mcc,M03-LII,5,0.4721069242432064,0.019153996011691255,0.4587704812291888,0.4834555108426452,1000,stratified_unpaired,"{""fragile"": 5}",leakage:mcc,0.4721069242432064,0.4587704812291888,0.4834555108426452,complete
leakage,D2_fraudTest,xgboost,SAFE_STRICT,UNSAFE_SMOTE_BEFORE_SPLIT,feature availability / unsafe resampling,precision,M03-LII,5,0.7095958694389266,0.020080100138815334,0.6983538573201125,0.7219203623592092,1000,stratified_unpaired,"{""fragile"": 5}",leakage:precision,0.7095958694389266,0.6983538573201125,0.7219203623592092,complete
leakage,D2_fraudTest,xgboost,SAFE_STRICT,UNSAFE_SMOTE_BEFORE_SPLIT,feature availability / unsafe resampling,recall,M03-LII,5,0.026821400049984363,0.0038630199120343878,0.013680915867802,0.0441043906824236,1000,stratified_unpaired,"{""robust"": 5}",leakage:recall,0.026821400049984363,0.013680915867802,0.0441043906824236,complete
leakage,D3_PaySim,lightgbm,D3_STRICT_SAFE,D3_LEDGER_STATE_SAFE,feature availability / unsafe resampling,average_precision,M03-LII,5,0.01678768895764359,0.0025203578702208355,0.0118455070108809,0.0207588837667702,1000,paired,"{""inconclusive"": 4, ""robust"": 1}",leakage:average_precision,0.01678768895764359,0.0118455070108809,0.0207588837667702,complete
leakage,D3_PaySim,lightgbm,D3_STRICT_SAFE,D3_LEDGER_STATE_SAFE,feature availability / unsafe resampling,brier,M03-LII,5,-0.0023658422320395355,0.0002498942755181946,-0.0028806231421947,-0.0019158676502818,1000,paired,"{""robust"": 5}",leakage:brier,-0.0023658422320395355,-0.0028806231421947,-0.0019158676502818,complete
leakage,D3_PaySim,lightgbm,D3_STRICT_SAFE,D3_LEDGER_STATE_SAFE,feature availability / unsafe resampling,cost_per_10k,M03-LII,5,-50.749999999999986,83.34547828166804,-164.53125,36.26249999999999,1000,paired,"{""inconclusive"": 5}",leakage:cost_per_10k,-50.749999999999986,-164.53125,36.26249999999999,complete
leakage,D3_PaySim,lightgbm,D3_STRICT_SAFE,D3_LEDGER_STATE_SAFE,feature availability / unsafe resampling,ece,M03-LII,5,-0.002936073498578663,0.0003434923968416368,-0.0034328619060413523,-0.0022160685712872,1000,paired,"{""robust"": 5}",leakage:ece,-0.002936073498578663,-0.0034328619060413523,-0.0022160685712872,complete
leakage,D3_PaySim,lightgbm,D3_STRICT_SAFE,D3_LEDGER_STATE_SAFE,feature availability / unsafe resampling,mcc,M03-LII,5,0.12015756871545888,0.03585638160939481,0.1120395296844344,0.1380937121970129,1000,paired,"{""fragile"": 5}",leakage:mcc,0.12015756871545888,0.1120395296844344,0.1380937121970129,complete
leakage,D3_PaySim,lightgbm,D3_STRICT_SAFE,D3_LEDGER_STATE_SAFE,feature availability / unsafe resampling,precision,M03-LII,5,0.2017324147136578,0.05922782558302737,0.1796038968849044,0.2200527646303618,1000,paired,"{""fragile"": 5}",leakage:precision,0.2017324147136578,0.1796038968849044,0.2200527646303618,complete
leakage,D3_PaySim,lightgbm,D3_STRICT_SAFE,D3_LEDGER_STATE_SAFE,feature availability / unsafe resampling,recall,M03-LII,5,-0.001557285873192482,0.004206378287249979,-0.006674082313681828,0.0033370411568409,1000,paired,"{""robust"": 5}",leakage:recall,-0.001557285873192482,-0.006674082313681828,0.0033370411568409,complete
leakage,D3_PaySim,xgboost,D3_STRICT_SAFE,D3_LEDGER_STATE_SAFE,feature availability / unsafe resampling,average_precision,M03-LII,5,0.02197993598583551,0.0049024957920700265,0.0152718183567357,0.024872681943181,1000,paired,"{""fragile"": 1, ""inconclusive"": 4}",leakage:average_precision,0.02197993598583551,0.0152718183567357,0.024872681943181,complete
leakage,D3_PaySim,xgboost,D3_STRICT_SAFE,D3_LEDGER_STATE_SAFE,feature availability / unsafe resampling,brier,M03-LII,5,-0.006552706317928309,0.0005666469338018288,-0.007335484339991956,-0.006115812194162679,1000,paired,"{""fragile"": 5}",leakage:brier,-0.006552706317928309,-0.007335484339991956,-0.006115812194162679,complete
leakage,D3_PaySim,xgboost,D3_STRICT_SAFE,D3_LEDGER_STATE_SAFE,feature availability / unsafe resampling,cost_per_10k,M03-LII,5,-85.15,64.9383361351367,-195.7625,6.0,1000,paired,"{""inconclusive"": 5}",leakage:cost_per_10k,-85.15,-195.7625,6.0,complete
leakage,D3_PaySim,xgboost,D3_STRICT_SAFE,D3_LEDGER_STATE_SAFE,feature availability / unsafe resampling,ece,M03-LII,5,-0.011108862774711143,0.0007538608076135715,-0.01204887708946903,-0.01049424694009269,1000,paired,"{""robust"": 5}",leakage:ece,-0.011108862774711143,-0.01204887708946903,-0.01049424694009269,complete
leakage,D3_PaySim,xgboost,D3_STRICT_SAFE,D3_LEDGER_STATE_SAFE,feature availability / unsafe resampling,mcc,M03-LII,5,0.12936757825622333,0.06121921040136088,0.1262339619286195,0.1517420441819831,1000,paired,"{""fragile"": 4, ""robust"": 1}",leakage:mcc,0.12936757825622333,0.1262339619286195,0.1517420441819831,complete
leakage,D3_PaySim,xgboost,D3_STRICT_SAFE,D3_LEDGER_STATE_SAFE,feature availability / unsafe resampling,precision,M03-LII,5,0.21405986246771186,0.10400608887443616,0.2178245892449989,0.2574296033213493,1000,paired,"{""fragile"": 4, ""inconclusive"": 1}",leakage:precision,0.21405986246771186,0.2178245892449989,0.2574296033213493,complete
leakage,D3_PaySim,xgboost,D3_STRICT_SAFE,D3_LEDGER_STATE_SAFE,feature availability / unsafe resampling,recall,M03-LII,5,-0.0004449388209121044,0.00462661498177649,-0.0044493882091212,0.0044493882091212,1000,paired,"{""robust"": 5}",leakage:recall,-0.0004449388209121044,-0.0044493882091212,0.0044493882091212,complete
temporal,D1_creditcard,lightgbm,RANDOM_STRATIFIED_SAFE,CHRONOLOGICAL_SAFE,temporal ordering,average_precision,M06-TRD,5,-0.04092569886234924,0.04144040401581329,-0.1359365681425579,0.088983921355775,1000,stratified_unpaired,"{""inconclusive"": 5}",temporal:average_precision,-0.04092569886234924,-0.1359365681425579,0.088983921355775,complete
temporal,D1_creditcard,lightgbm,RANDOM_STRATIFIED_SAFE,CHRONOLOGICAL_SAFE,temporal ordering,brier,M06-TRD,5,2.1309902339802784e-05,9.17399733878672e-05,-0.0002158861616949,0.0002199469856161,1000,stratified_unpaired,"{""robust"": 5}",temporal:brier,2.1309902339802784e-05,-0.0002158861616949,0.0002199469856161,complete
temporal,D1_creditcard,lightgbm,RANDOM_STRATIFIED_SAFE,CHRONOLOGICAL_SAFE,temporal ordering,cost_per_10k,M06-TRD,5,-0.5991611743558878,77.86918079186444,-211.47305536954147,157.1961019278892,1000,stratified_unpaired,"{""inconclusive"": 5}",temporal:cost_per_10k,-0.5991611743558878,-211.47305536954147,157.1961019278892,complete
temporal,D1_creditcard,lightgbm,RANDOM_STRATIFIED_SAFE,CHRONOLOGICAL_SAFE,temporal ordering,ece,M06-TRD,5,1.57445661296641e-05,9.56973906349251e-05,-0.0002359376753838,0.0002069999066682,1000,stratified_unpaired,"{""robust"": 5}",temporal:ece,1.57445661296641e-05,-0.0002359376753838,0.0002069999066682,complete
temporal,D1_creditcard,lightgbm,RANDOM_STRATIFIED_SAFE,CHRONOLOGICAL_SAFE,temporal ordering,mcc,M06-TRD,5,-0.026284372019117243,0.030396567158813805,-0.1237130588297162,0.058270243218688,1000,stratified_unpaired,"{""inconclusive"": 5}",temporal:mcc,-0.026284372019117243,-0.1237130588297162,0.058270243218688,complete
temporal,D1_creditcard,lightgbm,RANDOM_STRATIFIED_SAFE,CHRONOLOGICAL_SAFE,temporal ordering,precision,M06-TRD,5,0.00386043693573136,0.024281339339544503,-0.0989146953878683,0.0945239829844092,1000,stratified_unpaired,"{""inconclusive"": 5}",temporal:precision,0.00386043693573136,-0.0989146953878683,0.0945239829844092,complete
temporal,D1_creditcard,lightgbm,RANDOM_STRATIFIED_SAFE,CHRONOLOGICAL_SAFE,temporal ordering,recall,M06-TRD,5,-0.05376955903271684,0.0464829519280413,-0.1664651493598861,0.0980085348506401,1000,stratified_unpaired,"{""inconclusive"": 5}",temporal:recall,-0.05376955903271684,-0.1664651493598861,0.0980085348506401,complete
temporal,D1_creditcard,xgboost,RANDOM_STRATIFIED_SAFE,CHRONOLOGICAL_SAFE,temporal ordering,average_precision,M06-TRD,5,-0.049351239746609044,0.03962095191986911,-0.1470098840642126,0.081172154061756,1000,stratified_unpaired,"{""inconclusive"": 5}",temporal:average_precision,-0.049351239746609044,-0.1470098840642126,0.081172154061756,complete
temporal,D1_creditcard,xgboost,RANDOM_STRATIFIED_SAFE,CHRONOLOGICAL_SAFE,temporal ordering,brier,M06-TRD,5,-6.863445636057805e-07,8.838642450060667e-05,-0.0002090603012121,0.0002058647171857,1000,stratified_unpaired,"{""robust"": 5}",temporal:brier,-6.863445636057805e-07,-0.0002090603012121,0.0002058647171857,complete
temporal,D1_creditcard,xgboost,RANDOM_STRATIFIED_SAFE,CHRONOLOGICAL_SAFE,temporal ordering,cost_per_10k,M06-TRD,5,-7.1546893173087085,53.54329790611385,-195.11066859338104,142.57833151235334,1000,stratified_unpaired,"{""inconclusive"": 5}",temporal:cost_per_10k,-7.1546893173087085,-195.11066859338104,142.57833151235334,complete
temporal,D1_creditcard,xgboost,RANDOM_STRATIFIED_SAFE,CHRONOLOGICAL_SAFE,temporal ordering,ece,M06-TRD,5,3.358067912653445e-05,0.00010166711970178977,-0.0002006959586323,0.0002421210411951,1000,stratified_unpaired,"{""robust"": 5}",temporal:ece,3.358067912653445e-05,-0.0002006959586323,0.0002421210411951,complete
temporal,D1_creditcard,xgboost,RANDOM_STRATIFIED_SAFE,CHRONOLOGICAL_SAFE,temporal ordering,mcc,M06-TRD,5,-0.08969444249996691,0.1525016684663385,-0.130220921578997,0.0408123615705846,1000,stratified_unpaired,"{""fragile"": 2, ""inconclusive"": 3}",temporal:mcc,-0.08969444249996691,-0.130220921578997,0.0408123615705846,complete
temporal,D1_creditcard,xgboost,RANDOM_STRATIFIED_SAFE,CHRONOLOGICAL_SAFE,temporal ordering,precision,M06-TRD,5,-0.11901620032934512,0.23057037862128812,-0.1354231193642494,0.0262613122171945,1000,stratified_unpaired,"{""fragile"": 3, ""inconclusive"": 2}",temporal:precision,-0.11901620032934512,-0.1354231193642494,0.0262613122171945,complete
temporal,D1_creditcard,xgboost,RANDOM_STRATIFIED_SAFE,CHRONOLOGICAL_SAFE,temporal ordering,recall,M06-TRD,5,-0.037610241820768074,0.042603022581361456,-0.1274893314366998,0.1008926031294451,1000,stratified_unpaired,"{""inconclusive"": 5}",temporal:recall,-0.037610241820768074,-0.1274893314366998,0.1008926031294451,complete
temporal,D2_fraudTest,lightgbm,RANDOM_STRATIFIED_SAFE,CHRONOLOGICAL_SAFE,temporal ordering,average_precision,M06-TRD,5,-0.24489410086170976,0.012269158451998961,-0.3079832647443742,-0.1857197140332045,1000,stratified_unpaired,"{""fragile"": 5}",temporal:average_precision,-0.24489410086170976,-0.3079832647443742,-0.1857197140332045,complete
temporal,D2_fraudTest,lightgbm,RANDOM_STRATIFIED_SAFE,CHRONOLOGICAL_SAFE,temporal ordering,brier,M06-TRD,5,0.000139537815795207,0.00010717450419095862,-7.43394539233524e-05,0.0003825939787185,1000,stratified_unpaired,"{""robust"": 5}",temporal:brier,0.000139537815795207,-7.43394539233524e-05,0.0003825939787185,complete
temporal,D2_fraudTest,lightgbm,RANDOM_STRATIFIED_SAFE,CHRONOLOGICAL_SAFE,temporal ordering,cost_per_10k,M06-TRD,5,8.781400705391196,21.664028836600856,-72.07991434535377,102.93628086086522,1000,stratified_unpaired,"{""inconclusive"": 4, ""robust"": 1}",temporal:cost_per_10k,8.781400705391196,-72.07991434535377,102.93628086086522,complete
temporal,D2_fraudTest,lightgbm,RANDOM_STRATIFIED_SAFE,CHRONOLOGICAL_SAFE,temporal ordering,ece,M06-TRD,5,4.480247392300001e-05,0.0003519407191262524,-0.0004437738285607,8.429708976080493e-05,1000,stratified_unpaired,"{""robust"": 5}",temporal:ece,4.480247392300001e-05,-0.0004437738285607,8.429708976080493e-05,complete
temporal,D2_fraudTest,lightgbm,RANDOM_STRATIFIED_SAFE,CHRONOLOGICAL_SAFE,temporal ordering,mcc,M06-TRD,5,-0.24234399478760432,0.05416620531617537,-0.2877171032053734,-0.2450072251622859,1000,stratified_unpaired,"{""fragile"": 5}",temporal:mcc,-0.24234399478760432,-0.2877171032053734,-0.2450072251622859,complete
temporal,D2_fraudTest,lightgbm,RANDOM_STRATIFIED_SAFE,CHRONOLOGICAL_SAFE,temporal ordering,precision,M06-TRD,5,-0.2214489951400141,0.05685856242098565,-0.2613813510879326,-0.228236261073959,1000,stratified_unpaired,"{""fragile"": 5}",temporal:precision,-0.2214489951400141,-0.2613813510879326,-0.228236261073959,complete
temporal,D2_fraudTest,lightgbm,RANDOM_STRATIFIED_SAFE,CHRONOLOGICAL_SAFE,temporal ordering,recall,M06-TRD,5,-0.024039728387554422,0.014541771098415538,-0.0628613687037599,0.0132965313671835,1000,stratified_unpaired,"{""inconclusive"": 4, ""robust"": 1}",temporal:recall,-0.024039728387554422,-0.0628613687037599,0.0132965313671835,complete
temporal,D2_fraudTest,xgboost,RANDOM_STRATIFIED_SAFE,CHRONOLOGICAL_SAFE,temporal ordering,average_precision,M06-TRD,5,-0.2771461441278899,0.021837031800961287,-0.3535647387258935,-0.201762758290614,1000,stratified_unpaired,"{""fragile"": 5}",temporal:average_precision,-0.2771461441278899,-0.3535647387258935,-0.201762758290614,complete
temporal,D2_fraudTest,xgboost,RANDOM_STRATIFIED_SAFE,CHRONOLOGICAL_SAFE,temporal ordering,brier,M06-TRD,5,0.00064409679024862,0.0006540075282133214,0.0003150140144189,0.0011730309173397,1000,stratified_unpaired,"{""robust"": 5}",temporal:brier,0.00064409679024862,0.0003150140144189,0.0011730309173397,complete
temporal,D2_fraudTest,xgboost,RANDOM_STRATIFIED_SAFE,CHRONOLOGICAL_SAFE,temporal ordering,cost_per_10k,M06-TRD,5,-47.631900957316624,40.1241174559705,-147.93421147340388,30.24904628230045,1000,stratified_unpaired,"{""inconclusive"": 5}",temporal:cost_per_10k,-47.631900957316624,-147.93421147340388,30.24904628230045,complete
temporal,D2_fraudTest,xgboost,RANDOM_STRATIFIED_SAFE,CHRONOLOGICAL_SAFE,temporal ordering,ece,M06-TRD,5,0.0023436154827421894,0.0017960831893760925,0.001956678211315,0.0032171494643107,1000,stratified_unpaired,"{""robust"": 5}",temporal:ece,0.0023436154827421894,0.001956678211315,0.0032171494643107,complete
temporal,D2_fraudTest,xgboost,RANDOM_STRATIFIED_SAFE,CHRONOLOGICAL_SAFE,temporal ordering,mcc,M06-TRD,5,-0.20771986737846976,0.05970883796638053,-0.2178450192804271,-0.1763297090838893,1000,stratified_unpaired,"{""fragile"": 5}",temporal:mcc,-0.20771986737846976,-0.2178450192804271,-0.1763297090838893,complete
temporal,D2_fraudTest,xgboost,RANDOM_STRATIFIED_SAFE,CHRONOLOGICAL_SAFE,temporal ordering,precision,M06-TRD,5,-0.1830534298751432,0.05516343026089535,-0.1948754064598669,-0.1647378711524988,1000,stratified_unpaired,"{""fragile"": 5}",temporal:precision,-0.1830534298751432,-0.1948754064598669,-0.1647378711524988,complete
temporal,D2_fraudTest,xgboost,RANDOM_STRATIFIED_SAFE,CHRONOLOGICAL_SAFE,temporal ordering,recall,M06-TRD,5,-0.004157798723016059,0.012122903209711895,-0.0411092530657747,0.032646701124962,1000,stratified_unpaired,"{""inconclusive"": 1, ""robust"": 4}",temporal:recall,-0.004157798723016059,-0.0411092530657747,0.032646701124962,complete
temporal,D3_PaySim,lightgbm,RANDOM_STRATIFIED_SAFE,CHRONOLOGICAL_SAFE,temporal ordering,average_precision,M06-TRD,5,-0.018939332602095113,0.02706705771163794,-0.1001495632596756,0.0812177124457927,1000,stratified_unpaired,"{""inconclusive"": 5}",temporal:average_precision,-0.018939332602095113,-0.1001495632596756,0.0812177124457927,complete
temporal,D3_PaySim,lightgbm,RANDOM_STRATIFIED_SAFE,CHRONOLOGICAL_SAFE,temporal ordering,brier,M06-TRD,5,4.561190425675268e-06,5.746559267302712e-05,-0.0001458846684665,0.0001126616762219,1000,stratified_unpaired,"{""robust"": 5}",temporal:brier,4.561190425675268e-06,-0.0001458846684665,0.0001126616762219,complete
temporal,D3_PaySim,lightgbm,RANDOM_STRATIFIED_SAFE,CHRONOLOGICAL_SAFE,temporal ordering,cost_per_10k,M06-TRD,5,-22.90000000000001,18.519145498645454,-82.90499999999999,19.10624999999999,1000,stratified_unpaired,"{""robust"": 5}",temporal:cost_per_10k,-22.90000000000001,-82.90499999999999,19.10624999999999,complete
temporal,D3_PaySim,lightgbm,RANDOM_STRATIFIED_SAFE,CHRONOLOGICAL_SAFE,temporal ordering,ece,M06-TRD,5,0.00017937094345310146,9.139343515393243e-05,-2.770767613578365e-05,0.0002744137381415,1000,stratified_unpaired,"{""robust"": 5}",temporal:ece,0.00017937094345310146,-2.770767613578365e-05,0.0002744137381415,complete
temporal,D3_PaySim,lightgbm,RANDOM_STRATIFIED_SAFE,CHRONOLOGICAL_SAFE,temporal ordering,mcc,M06-TRD,5,-0.013948274825095818,0.030364008411512072,-0.0357355656579873,0.0191657901326619,1000,stratified_unpaired,"{""inconclusive"": 3, ""robust"": 2}",temporal:mcc,-0.013948274825095818,-0.0357355656579873,0.0191657901326619,complete
temporal,D3_PaySim,lightgbm,RANDOM_STRATIFIED_SAFE,CHRONOLOGICAL_SAFE,temporal ordering,precision,M06-TRD,5,-0.013395741816735692,0.02652686067608104,-0.0152243144224257,0.008291181341861284,1000,stratified_unpaired,"{""inconclusive"": 2, ""robust"": 3}",temporal:precision,-0.013395741816735692,-0.0152243144224257,0.008291181341861284,complete
temporal,D3_PaySim,lightgbm,RANDOM_STRATIFIED_SAFE,CHRONOLOGICAL_SAFE,temporal ordering,recall,M06-TRD,5,0.011290322580645131,0.02829397809497445,-0.0570967741935484,0.0888172043010752,1000,stratified_unpaired,"{""inconclusive"": 5}",temporal:recall,0.011290322580645131,-0.0570967741935484,0.0888172043010752,complete
temporal,D3_PaySim,xgboost,RANDOM_STRATIFIED_SAFE,CHRONOLOGICAL_SAFE,temporal ordering,average_precision,M06-TRD,5,-0.0027902996614948597,0.03832049682160728,-0.0786115408452937,0.1122240864771914,1000,stratified_unpaired,"{""inconclusive"": 5}",temporal:average_precision,-0.0027902996614948597,-0.0786115408452937,0.1122240864771914,complete
temporal,D3_PaySim,xgboost,RANDOM_STRATIFIED_SAFE,CHRONOLOGICAL_SAFE,temporal ordering,brier,M06-TRD,5,0.00045302243804151623,0.00032176894274387336,0.00015410621954725417,0.0007424181684749482,1000,stratified_unpaired,"{""robust"": 5}",temporal:brier,0.00045302243804151623,0.00015410621954725417,0.0007424181684749482,complete
temporal,D3_PaySim,xgboost,RANDOM_STRATIFIED_SAFE,CHRONOLOGICAL_SAFE,temporal ordering,cost_per_10k,M06-TRD,5,-7.060000000000002,25.634727421995343,-63.67250000000001,47.61,1000,stratified_unpaired,"{""robust"": 5}",temporal:cost_per_10k,-7.060000000000002,-63.67250000000001,47.61,complete
temporal,D3_PaySim,xgboost,RANDOM_STRATIFIED_SAFE,CHRONOLOGICAL_SAFE,temporal ordering,ece,M06-TRD,5,0.0008641673772029574,0.0006663985206593142,0.00035323235703615073,0.0012269998360238971,1000,stratified_unpaired,"{""robust"": 5}",temporal:ece,0.0008641673772029574,0.00035323235703615073,0.0012269998360238971,complete
temporal,D3_PaySim,xgboost,RANDOM_STRATIFIED_SAFE,CHRONOLOGICAL_SAFE,temporal ordering,mcc,M06-TRD,5,0.0700820679508821,0.037443348212997975,0.0142439036517084,0.0947278778368477,1000,stratified_unpaired,"{""fragile"": 2, ""inconclusive"": 3}",temporal:mcc,0.0700820679508821,0.0142439036517084,0.0947278778368477,complete
temporal,D3_PaySim,xgboost,RANDOM_STRATIFIED_SAFE,CHRONOLOGICAL_SAFE,temporal ordering,precision,M06-TRD,5,0.06618298800496243,0.028793395539276137,0.0404335010305117,0.0855232263734417,1000,stratified_unpaired,"{""fragile"": 2, ""inconclusive"": 3}",temporal:precision,0.06618298800496243,0.0404335010305117,0.0855232263734417,complete
temporal,D3_PaySim,xgboost,RANDOM_STRATIFIED_SAFE,CHRONOLOGICAL_SAFE,temporal ordering,recall,M06-TRD,5,-0.054774193548387015,0.03381464851788038,-0.14691666666666675,0.013763440860215,1000,stratified_unpaired,"{""inconclusive"": 5}",temporal:recall,-0.054774193548387015,-0.14691666666666675,0.013763440860215,complete
