audit_axis,dataset,model,reference_scenario,perturbed_scenario,changed_assumption,metric,artifact_id,n_seeds,delta_mean_across_targets,worst_target_prevalence,max_abs_delta,interpretation,evidence_status
prevalence,D1_creditcard,lightgbm,NATURAL_TEST_POOL,TARGET_PREVALENCE_RANGE,class prevalence in evaluation stream,average_precision,M07-PSI,5,0.0011352740336170563,0.0005,0.19897702769024,fragile,complete
prevalence,D1_creditcard,lightgbm,NATURAL_TEST_POOL,TARGET_PREVALENCE_RANGE,class prevalence in evaluation stream,brier,M07-PSI,5,0.0004239338589128632,0.01,0.0022498445927811,robust,complete
prevalence,D1_creditcard,lightgbm,NATURAL_TEST_POOL,TARGET_PREVALENCE_RANGE,class prevalence in evaluation stream,cost_per_10k,M07-PSI,5,385.5642883212574,0.01,2017.4811115831023,fragile,complete
prevalence,D1_creditcard,lightgbm,NATURAL_TEST_POOL,TARGET_PREVALENCE_RANGE,class prevalence in evaluation stream,mcc,M07-PSI,5,-0.010681331291183042,0.0005,0.1815096332575543,fragile,complete
prevalence,D1_creditcard,lightgbm,NATURAL_TEST_POOL,TARGET_PREVALENCE_RANGE,class prevalence in evaluation stream,precision,M07-PSI,5,-0.014805400051408336,0.0005,0.2614517265680056,fragile,complete
prevalence,D1_creditcard,lightgbm,NATURAL_TEST_POOL,TARGET_PREVALENCE_RANGE,class prevalence in evaluation stream,recall,M07-PSI,5,-0.002817042606516295,0.0005,0.1278195488721804,fragile,complete
prevalence,D1_creditcard,xgboost,NATURAL_TEST_POOL,TARGET_PREVALENCE_RANGE,class prevalence in evaluation stream,average_precision,M07-PSI,5,0.0017471481320733284,0.0005,0.1720410441207494,fragile,complete
prevalence,D1_creditcard,xgboost,NATURAL_TEST_POOL,TARGET_PREVALENCE_RANGE,class prevalence in evaluation stream,brier,M07-PSI,5,0.00037764070435172565,0.01,0.0021358586468116,robust,complete
prevalence,D1_creditcard,xgboost,NATURAL_TEST_POOL,TARGET_PREVALENCE_RANGE,class prevalence in evaluation stream,cost_per_10k,M07-PSI,5,307.6033034381455,0.01,1585.5317972794742,fragile,complete
prevalence,D1_creditcard,xgboost,NATURAL_TEST_POOL,TARGET_PREVALENCE_RANGE,class prevalence in evaluation stream,mcc,M07-PSI,5,0.02290650182287743,0.01,0.3317287005954027,fragile,complete
prevalence,D1_creditcard,xgboost,NATURAL_TEST_POOL,TARGET_PREVALENCE_RANGE,class prevalence in evaluation stream,precision,M07-PSI,5,0.05599726824593645,0.01,0.4928075616600206,fragile,complete
prevalence,D1_creditcard,xgboost,NATURAL_TEST_POOL,TARGET_PREVALENCE_RANGE,class prevalence in evaluation stream,recall,M07-PSI,5,-0.0012631578947368293,0.0005,0.1172932330827067,fragile,complete
prevalence,D2_fraudTest,lightgbm,NATURAL_TEST_POOL,TARGET_PREVALENCE_RANGE,class prevalence in evaluation stream,average_precision,M07-PSI,5,-0.024457358787146163,0.0005,0.1983120330839332,fragile,complete
prevalence,D2_fraudTest,lightgbm,NATURAL_TEST_POOL,TARGET_PREVALENCE_RANGE,class prevalence in evaluation stream,brier,M07-PSI,5,-1.5918783839340795e-05,0.01,0.0006252056522538,robust,complete
prevalence,D2_fraudTest,lightgbm,NATURAL_TEST_POOL,TARGET_PREVALENCE_RANGE,class prevalence in evaluation stream,cost_per_10k,M07-PSI,5,-8.27721411446825,0.01,276.68914616658094,fragile,complete
prevalence,D2_fraudTest,lightgbm,NATURAL_TEST_POOL,TARGET_PREVALENCE_RANGE,class prevalence in evaluation stream,mcc,M07-PSI,5,-0.08990672983414237,0.0005,0.3399491233708828,fragile,complete
prevalence,D2_fraudTest,lightgbm,NATURAL_TEST_POOL,TARGET_PREVALENCE_RANGE,class prevalence in evaluation stream,precision,M07-PSI,5,-0.06438098734459075,0.0005,0.3030892620800609,fragile,complete
prevalence,D2_fraudTest,lightgbm,NATURAL_TEST_POOL,TARGET_PREVALENCE_RANGE,class prevalence in evaluation stream,recall,M07-PSI,5,0.0025779020979020866,0.0005,0.0450349650349649,robust,complete
prevalence,D2_fraudTest,xgboost,NATURAL_TEST_POOL,TARGET_PREVALENCE_RANGE,class prevalence in evaluation stream,average_precision,M07-PSI,5,-0.04082964120470583,0.0005,0.2542174268958288,fragile,complete
prevalence,D2_fraudTest,xgboost,NATURAL_TEST_POOL,TARGET_PREVALENCE_RANGE,class prevalence in evaluation stream,brier,M07-PSI,5,-3.867175101824824e-06,0.01,0.0008074409130547,robust,complete
prevalence,D2_fraudTest,xgboost,NATURAL_TEST_POOL,TARGET_PREVALENCE_RANGE,class prevalence in evaluation stream,cost_per_10k,M07-PSI,5,-8.600679133376525,0.01,322.36184243310134,fragile,complete
prevalence,D2_fraudTest,xgboost,NATURAL_TEST_POOL,TARGET_PREVALENCE_RANGE,class prevalence in evaluation stream,mcc,M07-PSI,5,-0.08375105736295316,0.0005,0.3319928862220456,fragile,complete
prevalence,D2_fraudTest,xgboost,NATURAL_TEST_POOL,TARGET_PREVALENCE_RANGE,class prevalence in evaluation stream,precision,M07-PSI,5,-0.05299444473781847,0.0005,0.2819012338065642,fragile,complete
prevalence,D2_fraudTest,xgboost,NATURAL_TEST_POOL,TARGET_PREVALENCE_RANGE,class prevalence in evaluation stream,recall,M07-PSI,5,0.0005731468531468255,0.0005,0.071048951048951,fragile,complete
prevalence,D3_PaySim,lightgbm,NATURAL_TEST_POOL,TARGET_PREVALENCE_RANGE,class prevalence in evaluation stream,average_precision,M07-PSI,5,0.0735925389973753,0.01,0.1870061881402037,fragile,complete
prevalence,D3_PaySim,lightgbm,NATURAL_TEST_POOL,TARGET_PREVALENCE_RANGE,class prevalence in evaluation stream,brier,M07-PSI,5,0.0005882422978470864,0.01,0.0024648007146192,robust,complete
prevalence,D3_PaySim,lightgbm,NATURAL_TEST_POOL,TARGET_PREVALENCE_RANGE,class prevalence in evaluation stream,cost_per_10k,M07-PSI,5,293.82546666666667,0.01,1179.6333333333332,fragile,complete
prevalence,D3_PaySim,lightgbm,NATURAL_TEST_POOL,TARGET_PREVALENCE_RANGE,class prevalence in evaluation stream,mcc,M07-PSI,5,0.18330938369593505,0.01,0.453350756955982,fragile,complete
prevalence,D3_PaySim,lightgbm,NATURAL_TEST_POOL,TARGET_PREVALENCE_RANGE,class prevalence in evaluation stream,precision,M07-PSI,5,0.22358621333774806,0.01,0.5778921942537504,fragile,complete
prevalence,D3_PaySim,lightgbm,NATURAL_TEST_POOL,TARGET_PREVALENCE_RANGE,class prevalence in evaluation stream,recall,M07-PSI,5,0.001759999999999997,0.0005,0.0866666666666666,fragile,complete
prevalence,D3_PaySim,xgboost,NATURAL_TEST_POOL,TARGET_PREVALENCE_RANGE,class prevalence in evaluation stream,average_precision,M07-PSI,5,0.08595584080325742,0.01,0.2324464626598185,fragile,complete
prevalence,D3_PaySim,xgboost,NATURAL_TEST_POOL,TARGET_PREVALENCE_RANGE,class prevalence in evaluation stream,brier,M07-PSI,5,0.00015849976901003365,0.01,0.0017645596510076,robust,complete
prevalence,D3_PaySim,xgboost,NATURAL_TEST_POOL,TARGET_PREVALENCE_RANGE,class prevalence in evaluation stream,cost_per_10k,M07-PSI,5,270.0002666666667,0.01,1113.7833333333338,fragile,complete
prevalence,D3_PaySim,xgboost,NATURAL_TEST_POOL,TARGET_PREVALENCE_RANGE,class prevalence in evaluation stream,mcc,M07-PSI,5,0.1816231530468894,0.01,0.4603646674583974,fragile,complete
prevalence,D3_PaySim,xgboost,NATURAL_TEST_POOL,TARGET_PREVALENCE_RANGE,class prevalence in evaluation stream,precision,M07-PSI,5,0.2030117336779978,0.01,0.5716185410334348,fragile,complete
prevalence,D3_PaySim,xgboost,NATURAL_TEST_POOL,TARGET_PREVALENCE_RANGE,class prevalence in evaluation stream,recall,M07-PSI,5,0.00223999999999998,0.0005,0.0799999999999999,fragile,complete
