id,reference,area,fraud_detection,leakage_control,temporal_protocol,prevalence_shift,calibration,explanation_stability,alert_budget,unified_audit_profile,how_lcorf_uses_it,gap_for_lcorf,source_url
BoltonHand2002,"Bolton and Hand, Statistical Fraud Detection: A Review, 2002",statistical fraud detection,Yes,No,Partial,No,No,No,Partial,No,"Establishes fraud detection as a statistical and machine-learning problem with adaptive adversaries.","Does not provide a leakage-controlled multi-axis operational audit profile.",https://doi.org/10.1214/ss/1042727940
DalPozzolo2014,"Dal Pozzolo et al., Learned lessons in credit card fraud detection from a practitioner perspective, 2014",credit-card fraud practice,Yes,Partial,Yes,Partial,Partial,No,Partial,No,"Supports the importance of imbalance, non-stationarity, and assessment in card fraud.","Important practitioner study, but not a unified LC-ORF-style profile across leakage, prevalence, calibration, explanations, and alert budgets.",https://doi.org/10.1016/j.eswa.2014.02.026
Bahnsen2013,"Bahnsen et al., Cost Sensitive Credit Card Fraud Detection using Bayes Minimum Risk, 2013",cost-sensitive fraud detection,Yes,No,No,No,Partial,No,Yes,No,"Supports treating fraud detection as an operational cost problem rather than a pure score-ranking problem.","Cost-sensitive evaluation is central, but leakage, temporal, explanation, and prevalence audits are not integrated.",https://doi.org/10.1109/ICMLA.2013.68
Bahnsen2016,"Bahnsen et al., Feature Engineering Strategies for Credit Card Fraud Detection, 2016",feature engineering for fraud,Yes,No,Partial,No,No,No,Partial,No,"Supports domain-specific feature engineering and cost-aware fraud evaluation.","Feature engineering and costs are studied, but not a multi-axis robustness audit.",https://doi.org/10.1016/j.eswa.2015.12.030
DalPozzolo2015,"Dal Pozzolo et al., Calibrating Probability with Undersampling for Unbalanced Classification, 2015",calibration under imbalance,Yes,Partial,No,Partial,Yes,No,Partial,No,"Motivates explicit calibration checks after sampling or class-balance changes.","Does not connect calibration with leakage, temporal, explanation, and alert-budget profiles.",https://dalpozz.github.io/static/pdf/SSCI_calib_final_noCC.pdf
Lucas2020,"Lucas et al., Credit card fraud detection using machine learning: A survey, 2020",credit-card fraud survey,Yes,Partial,Partial,Partial,Partial,Partial,Partial,No,"Positions class imbalance, dataset shift/concept drift, and evaluation as recurring fraud-detection concerns.","Survey covers many challenges but does not operationalize them as one auditable framework.",https://arxiv.org/abs/2010.06479
Abdallah2016,"Abdallah et al., A Survey of Credit Card Fraud Detection Techniques: Data and Technique Oriented Perspective, 2016",credit-card fraud survey,Yes,No,Partial,Partial,No,No,Partial,No,"Supports the baseline landscape of credit-card fraud methods and evaluation criteria.","Does not provide a leakage-controlled robustness protocol.",https://arxiv.org/abs/1611.06439
Kaufman2012,"Kaufman, Rosset, and Perlich, Leakage in Data Mining: Formulation, Detection, and Avoidance, 2012",data leakage,No,Yes,No,No,No,No,No,No,"Provides conceptual basis for leakage as an evaluation failure mode.","General leakage work; LC-ORF brings leakage auditing into fraud-detection operational evaluation.",https://www.cs.umb.edu/~ding/history/470_670_fall_2011/papers/cs670_Tran_PreferredPaper_LeakingInDataMining.pdf
Gama2014,"Gama et al., A Survey on Concept Drift Adaptation, 2014",concept drift,No,No,Yes,Partial,No,No,No,No,"Supports temporal shift and drift as core evaluation concerns.","General concept-drift survey; LC-ORF applies chronological stress testing inside a fraud audit profile.",https://doi.org/10.1145/2523813
PaySim2016,"Lopez-Rojas, Elmir, and Axelsson, PaySim: A Financial Mobile Money Simulator for Fraud Detection, 2016",fraud simulation dataset,Yes,No,Partial,No,No,No,No,No,"Supports the origin and role of the PaySim-style synthetic mobile-money fraud dataset.","Dataset source, not an evaluation framework.",https://www.msc-les.org/proceedings/emss/2016/EMSS2016_249.pdf
Chawla2002,"Chawla et al., SMOTE: Synthetic Minority Over-sampling Technique, 2002",imbalanced learning,No,No,No,Partial,No,No,No,No,"Supports discussion of oversampling under class imbalance and why unsafe resampling must be controlled.","SMOTE is an imbalance method, not an operational audit; LC-ORF tests unsafe use as a leakage stressor.",https://doi.org/10.1613/jair.953
DavisGoadrich2006,"Davis and Goadrich, The Relationship Between Precision-Recall and ROC Curves, 2006",imbalanced evaluation metrics,No,No,No,Partial,No,No,No,No,"Supports use of precision-recall and average precision under skewed class distributions.","Metric foundation only; does not address fraud protocols or operational robustness.",https://doi.org/10.1145/1143844.1143874
SaitoRehmsmeier2015,"Saito and Rehmsmeier, The Precision-Recall Plot Is More Informative than the ROC Plot When Evaluating Binary Classifiers on Imbalanced Datasets, 2015",imbalanced evaluation metrics,No,No,No,Partial,No,No,No,No,"Supports prioritizing PR-style metrics for rare-fraud evaluation.","Metric guidance only; no multi-axis fraud audit.",https://doi.org/10.1371/journal.pone.0118432
Elkan2001,"Elkan, The Foundations of Cost-Sensitive Learning, 2001",cost-sensitive learning,No,No,No,No,Partial,No,Yes,No,"Supports explicit cost-based decision framing in fraud detection.","General cost-sensitive learning; LC-ORF combines costs with leakage, drift, prevalence, calibration, and explanations.",https://mlanthology.org/ijcai/2001/elkan2001ijcai-foundations/
Platt1999,"Platt, Probabilistic Outputs for Support Vector Machines and Comparisons to Regularized Likelihood Methods, 1999",probability calibration,No,No,No,No,Yes,No,Partial,No,"Supports Platt-style probability calibration as a post-processing method.","Calibration method only; not connected to operational fraud robustness.",https://home.cs.colorado.edu/~mozer/Teaching/syllabi/6622/papers/Platt1999.pdf
NiculescuMizil2005,"Niculescu-Mizil and Caruana, Predicting Good Probabilities with Supervised Learning, 2005",probability calibration,No,No,No,No,Yes,No,Partial,No,"Supports evaluation of calibrated probabilities across supervised models.","General calibration paper; LC-ORF audits calibration jointly with other fraud-specific risks.",https://doi.org/10.1145/1102351.1102430
Guo2017,"Guo et al., On Calibration of Modern Neural Networks, 2017",probability calibration,No,No,No,No,Yes,No,Partial,No,"Supports the importance of calibration even when accuracy is high.","Calibration is studied alone; LC-ORF reports calibration as one axis inside an operational profile.",https://proceedings.mlr.press/v70/guo17a.html
Ribeiro2016,"Ribeiro, Singh, and Guestrin, Why Should I Trust You? Explaining the Predictions of Any Classifier, 2016",explainable AI,No,No,No,No,No,Partial,No,No,"Supports the need for post-hoc explanations in model trust.","Introduces explanation methods, but not explanation reliability under fraud protocol shift.",https://doi.org/10.1145/2939672.2939778
LundbergLee2017,"Lundberg and Lee, A Unified Approach to Interpreting Model Predictions, 2017",explainable AI,No,No,No,No,No,Partial,No,No,"Supports SHAP-style feature attribution used in fraud explanation analysis.","Provides attribution method; LC-ORF audits reliability of explanation artifacts under protocol shift.",https://papers.nips.cc/paper/2017/hash/8a20a8621978632d76c43dfd28b67767-Abstract.html
Lipton2016,"Lipton, The Mythos of Model Interpretability, 2016",interpretability theory,No,No,No,No,No,Yes,No,No,"Supports cautious language around interpretability and explanation claims.","Conceptual critique; does not provide fraud-specific explanation robustness protocol.",https://arxiv.org/abs/1606.03490
Adebayo2018,"Adebayo et al., Sanity Checks for Saliency Maps, 2018",explanation reliability,No,No,No,No,No,Yes,No,No,"Supports the principle that explanation artifacts require validation rather than visual acceptance.","Saliency sanity checks are not fraud-specific and not linked to operational metric shifts.",https://papers.nips.cc/paper/2018/hash/294a8ed24b1ad22ec2e7efea049b8737-Abstract.html
AlvarezMelis2018,"Alvarez-Melis and Jaakkola, On the Robustness of Interpretability Methods, 2018",explanation robustness,No,No,No,No,No,Yes,No,No,"Supports measuring explanation robustness/stability as an interpretability desideratum.","General explanation robustness; LC-ORF turns this into an artifact-level fraud evaluation axis.",https://arxiv.org/abs/1806.08049
ComputersReview2025,"Systematic Review of Machine Learning in Credit Card Fraud Detection Under Original Class Imbalance, 2025",recent credit-card fraud review,Yes,Partial,Partial,Yes,Partial,Partial,Partial,No,"Supports that imbalance-aware evaluation and XAI are active fraud-detection concerns.","Recent survey context; still not a formal LC-ORF-like unified operational audit profile.",https://doi.org/10.3390/computers14100437
XAIReviewFraud2026,"Methodological challenges in explainable AI for fraud detection: a systematic literature review, 2026",fraud XAI review,Yes,Partial,Partial,Partial,No,Yes,No,No,"Supports cautious treatment of XAI in fraud detection and the risk of unstable or artifact-driven explanations.","XAI-focused; does not integrate leakage, temporal, prevalence, calibration, and alert-budget evidence.",https://doi.org/10.1007/s10462-026-11516-7
