dataset,model,split_policy,top_k,comparisons,topk_jaccard_mean,topk_jaccard_std,instability_mean,weighted_overlap_mean,spearman_mean
D1_creditcard,lightgbm,CHRONOLOGICAL_SAFE,3,10,1.0,0.0,0.0,0.9781401500474832,0.9445776546680513
D1_creditcard,lightgbm,CHRONOLOGICAL_SAFE,5,10,0.7333333333333333,0.1405456737852613,0.2666666666666667,0.9781401500474832,0.9445776546680513
D1_creditcard,lightgbm,CHRONOLOGICAL_SAFE,10,10,0.7144522144522145,0.0974276561700367,0.28554778554778554,0.9781401500474832,0.9445776546680513
D1_creditcard,lightgbm,RANDOM_STRATIFIED_SAFE,3,10,0.65,0.24152294576982397,0.35,0.9477107676537264,0.7523021615474879
D1_creditcard,lightgbm,RANDOM_STRATIFIED_SAFE,5,10,0.5297619047619048,0.15381783685170083,0.47023809523809523,0.9477107676537264,0.7523021615474879
D1_creditcard,lightgbm,RANDOM_STRATIFIED_SAFE,10,10,0.6736596736596736,0.11435382063394085,0.32634032634032634,0.9477107676537264,0.7523021615474879
D1_creditcard,xgboost,CHRONOLOGICAL_SAFE,3,10,0.62,0.2780887148615228,0.38,0.9010278946149961,0.8960098522167484
D1_creditcard,xgboost,CHRONOLOGICAL_SAFE,5,10,0.5952380952380951,0.11501092655705902,0.40476190476190477,0.9010278946149961,0.8960098522167484
D1_creditcard,xgboost,CHRONOLOGICAL_SAFE,10,10,0.7909090909090909,0.10246428002356171,0.20909090909090908,0.9010278946149961,0.8960098522167484
D1_creditcard,xgboost,RANDOM_STRATIFIED_SAFE,3,10,0.8,0.2581988897471611,0.2,0.8870252914640459,0.7848275862068964
D1_creditcard,xgboost,RANDOM_STRATIFIED_SAFE,5,10,0.6761904761904762,0.13617530533033154,0.3238095238095238,0.8870252914640459,0.7848275862068964
D1_creditcard,xgboost,RANDOM_STRATIFIED_SAFE,10,10,0.6864801864801865,0.10425283238260372,0.3135198135198135,0.8870252914640459,0.7848275862068964
D2_fraudTest,lightgbm,CHRONOLOGICAL_SAFE,3,10,1.0,0.0,0.0,0.9868999999999997,0.9761904761904763
D2_fraudTest,lightgbm,CHRONOLOGICAL_SAFE,5,10,1.0,0.0,0.0,0.9868999999999997,0.9761904761904763
D2_fraudTest,lightgbm,CHRONOLOGICAL_SAFE,10,10,1.0,0.0,0.0,0.9868999999999997,0.9761904761904763
D2_fraudTest,lightgbm,RANDOM_STRATIFIED_SAFE,3,10,1.0,0.0,0.0,0.9852935483870965,1.0
D2_fraudTest,lightgbm,RANDOM_STRATIFIED_SAFE,5,10,1.0,0.0,0.0,0.9852935483870965,1.0
D2_fraudTest,lightgbm,RANDOM_STRATIFIED_SAFE,10,10,1.0,0.0,0.0,0.9852935483870965,1.0
D2_fraudTest,xgboost,CHRONOLOGICAL_SAFE,3,10,1.0,0.0,0.0,0.9801801474706904,0.9904761904761905
D2_fraudTest,xgboost,CHRONOLOGICAL_SAFE,5,10,1.0,0.0,0.0,0.9801801474706904,0.9904761904761905
D2_fraudTest,xgboost,CHRONOLOGICAL_SAFE,10,10,1.0,0.0,0.0,0.9801801474706904,0.9904761904761905
D2_fraudTest,xgboost,RANDOM_STRATIFIED_SAFE,3,10,1.0,0.0,0.0,0.9650082866679879,0.9904761904761905
D2_fraudTest,xgboost,RANDOM_STRATIFIED_SAFE,5,10,1.0,0.0,0.0,0.9650082866679879,0.9904761904761905
D2_fraudTest,xgboost,RANDOM_STRATIFIED_SAFE,10,10,1.0,0.0,0.0,0.9650082866679879,0.9904761904761905
D3_PaySim,lightgbm,CHRONOLOGICAL_SAFE,3,10,1.0,0.0,0.0,0.9887322580645159,1.0
D3_PaySim,lightgbm,CHRONOLOGICAL_SAFE,5,10,1.0,0.0,0.0,0.9887322580645159,1.0
D3_PaySim,lightgbm,CHRONOLOGICAL_SAFE,10,10,1.0,0.0,0.0,0.9887322580645159,1.0
D3_PaySim,lightgbm,RANDOM_STRATIFIED_SAFE,3,10,1.0,0.0,0.0,0.9874225806451612,1.0
D3_PaySim,lightgbm,RANDOM_STRATIFIED_SAFE,5,10,1.0,0.0,0.0,0.9874225806451612,1.0
D3_PaySim,lightgbm,RANDOM_STRATIFIED_SAFE,10,10,1.0,0.0,0.0,0.9874225806451612,1.0
D3_PaySim,xgboost,CHRONOLOGICAL_SAFE,3,10,1.0,0.0,0.0,0.980857994967583,1.0
D3_PaySim,xgboost,CHRONOLOGICAL_SAFE,5,10,1.0,0.0,0.0,0.980857994967583,1.0
D3_PaySim,xgboost,CHRONOLOGICAL_SAFE,10,10,1.0,0.0,0.0,0.980857994967583,1.0
D3_PaySim,xgboost,RANDOM_STRATIFIED_SAFE,3,10,1.0,0.0,0.0,0.9838983683307783,1.0
D3_PaySim,xgboost,RANDOM_STRATIFIED_SAFE,5,10,1.0,0.0,0.0,0.9838983683307783,1.0
D3_PaySim,xgboost,RANDOM_STRATIFIED_SAFE,10,10,1.0,0.0,0.0,0.9838983683307783,1.0
